t_cold_k,t_hot_k,temperature_lift,q_h_max_kj_per_mol,multiplier,eta_carnot,cop_carnot
243.15,283.15,39.99999999999997,5886.791495812504,6.609174240274507,0.14126787921596318,7.078750000000005
243.15,284.54999999999995,41.39999999999995,5715.843483152178,6.417248774168831,0.14549288350026346,6.873188405797109
243.15,285.95,42.79999999999998,5556.078985338789,6.237879179677544,0.1496765168735792,6.681074766355143
243.15,287.34999999999997,44.19999999999996,5406.435315441181,6.069872364927788,0.15381938402644846,6.501131221719462
243.15,288.75,45.599999999999994,5265.98029194079,5.912181758101258,0.1579220779220779,6.332236842105264
243.15,290.15,46.99999999999997,5133.8928017553235,5.763885485298443,0.1619851800792692,6.173404255319152
243.15,291.54999999999995,48.39999999999995,5009.446736621904,5.624168335715622,0.16600926084719592,6.023760330578518
243.15,292.95,49.79999999999998,4891.997639006026,5.492306768840266,0.16999487967229898,5.882530120481929
243.15,294.34999999999997,51.19999999999996,4780.971538916017,5.3676563814034095,0.17394258535756746,5.7490234375000036
243.15,295.75,52.599999999999994,4675.85557343156,5.249641375807297,0.17785291631445477,5.622623574144487
243.15,297.15,53.99999999999997,4576.190065416669,5.137745666797652,0.18172640080767277,5.50277777777778
243.15,298.54999999999995,55.39999999999995,4481.561803294228,5.031505336582719,0.1855635571930998,5.388989169675094
243.15,299.95,56.79999999999998,4391.598314656691,4.930502205744573,0.1893648941490248,5.280809859154931
243.15,301.34999999999997,58.19999999999996,4305.9629663659825,4.834358332060158,0.19313091090094558,5.177835051546395
243.15,302.75,59.599999999999994,4224.35075524329,4.742731284656214,0.19686209744013206,5.079697986577182
243.15,304.15,60.99999999999997,4146.484678401642,4.655310068936389,0.20055893473614983,4.986065573770494
243.15,305.54999999999995,62.39999999999995,4072.1125921875037,4.571811600075787,0.20422189494354426,4.8966346153846185
243.15,306.95,63.79999999999998,4001.004484678685,4.491977640820349,0.20785144160286684,4.811128526645769
243.15,308.34999999999997,65.19999999999996,3932.950099578222,4.415572133802876,0.21144802983622502,4.72929447852761
243.15,309.75,66.6,3867.756859797298,4.342378870323675,0.21501210653753022,4.6509009009009015
243.15,311.15,67.99999999999997,3805.248047536766,4.272199447105384,0.2185441105576088,4.575735294117648
243.15,312.54999999999995,69.39999999999995,3745.2612046469762,4.204851470356996,0.22204447288433837,4.503602305475507
243.15,313.95,70.79999999999998,3687.646722775425,4.140166972915039,0.22551361681796456,4.434322033898306
243.15,315.34999999999997,72.19999999999996,3632.2665975415525,4.077991015540084,0.22895195814174718,4.367728531855958
243.15,316.75,73.6,3578.9933248980988,4.018180447847871,0.23235990528808204,4.30366847826087
243.15,318.15,74.99999999999997,3527.7089211000016,3.960602808016169,0.23573785950023562,4.242000000000001
243.15,319.54999999999995,76.39999999999995,3478.304050425395,3.905135343466257,0.2390862149898293,4.182591623036651
243.15,320.95,77.79999999999998,3430.6772470758365,3.8516641372806064,0.2424053590902009,4.125321336760926
243.15,322.34999999999997,79.19999999999996,3384.7342196022737,3.8000833272732386,0.24569567240577006,4.07007575757576
243.15,323.75,80.6,3340.3872278225804,3.7502944064472663,0.24895752895752898,4.016749379652606
243.15,325.15,81.99999999999997,3297.5545235670743,3.702205595112916,0.2521912963247731,3.9652439024390254
243.15,326.54999999999995,83.39999999999995,3256.1598477517996,3.655731276245424,0.2553973357831878,3.915467625899282
243.15,327.95,84.79999999999998,3216.1319772700485,3.6107914867745015,0.25857600243939616,3.867334905660378
243.15,329.34999999999997,86.19999999999996,3177.4043160382844,3.567311458446485,0.2617276453620767,3.8207656612529015
243.15,330.75,87.6,3139.91452525685,3.5252212027134275,0.2648526077097505,3.7756849315068495
243.15,332.15,88.99999999999997,3103.6041885674167,3.4844551348011863,0.26795122685533634,3.7320224719101134
243.15,333.54999999999995,90.39999999999995,3068.4185083241164,3.4449517327092356,0.27102383450756995,3.6897123893805324
243.15,334.95,91.79999999999998,3034.3060296568638,3.406653227413117,0.2740707568293774,3.6486928104575167
243.15,336.34999999999997,93.19999999999996,3001.218389404507,3.369505320988556,0.27709231455329264,3.608905579399143
243.15,337.75,94.6,2969.110087341438,3.333456929764722,0.2800888230940044,3.570295983086681
243.15,339.15,95.99999999999997,2937.938277421876,3.2984599499515843,0.2830605926581158,3.532812500000001
243.15,340.54999999999995,97.39999999999995,2907.662577027722,3.2644690434800965,0.2860079283511965,3.4964065708418905
243.15,341.95,98.79999999999998,2878.244892434211,3.23144144205031,0.28893113028220496,3.461032388663968
243.15,343.34999999999997,100.19999999999996,2849.6492589071863,3.199336767606586,0.29183049366535596,3.4266467065868276
243.15,344.75,101.6,2821.8416940206694,3.168116867655405,0.2947063089195069,3.393208661417323
243.15,346.15,102.99999999999997,2794.7900629368937,3.1377456640135777,0.2975588617651307,3.360679611650486
243.15,347.54999999999995,104.39999999999995,2768.463954525863,3.1081890137261285,0.3003884333189468,3.3290229885057485
243.15,348.95,105.79999999999998,2742.834567320416,3.0794145810266262,0.30319530018627305,3.2982041587901705
243.15,350.34999999999997,107.19999999999996,2717.87460440765,3.0513917193304705,0.305979734551163,3.268190298507464
243.15,351.75,108.6,2693.558176450276,3.0240913623557604,0.30874200426439236,3.238950276243094
243.15,353.15,109.99999999999997,2669.8607121136365,2.9974859235585902,0.3114823729293501,3.210454545454546
244.49,283.15,38.65999999999997,6088.449573965344,6.835578279965581,0.1365354052622284,7.324107604759447
244.49,284.54999999999995,40.059999999999945,5904.724538979037,6.629307891522439,0.1407836935512211,7.103095356964562
244.49,285.95,41.45999999999998,5733.40736935601,6.43696796829012,0.1449903829340793,6.897009165460688
244.49,287.34999999999997,42.85999999999996,5573.282175349981,6.257193415684272,0.14915608143379144,6.704386374241723
244.49,288.75,44.25999999999999,5423.286907760959,6.08879185782077,0.15328138528138524,6.5239493899683705
244.49,290.15,45.65999999999997,5282.489773094616,5.930717158520956,0.15736687920041348,6.35457731055629
244.49,291.54999999999995,47.059999999999945,5150.069858510419,5.782047668699247,0.16141313668324453,6.1952826179345575
244.49,292.95,48.45999999999998,5025.301115218739,5.641968244323272,0.1654207202594299,6.0451919108543155
244.49,294.34999999999997,49.85999999999996,4907.539040222628,5.509755293839258,0.1693901817564123,5.903529883674293
244.49,295.75,51.25999999999999,4796.209540528678,5.3847642758826515,0.17332206255283178,5.769605930550138
244.49,297.15,52.65999999999997,4690.799573670722,5.266419191277334,0.17721689382466754,5.642802886441324
244.49,298.54999999999995,54.059999999999945,4590.8492425360755,5.1542037077984455,0.18107519678445805,5.522567517573072
244.49,299.95,55.45999999999998,4495.945087513525,5.047653629183255,0.1848974829138189,5.408402452217817
244.49,301.34999999999997,56.85999999999996,4405.714369600777,4.9463504767045885,0.18868425418948054,5.299859303552589
244.49,302.75,58.25999999999999,4319.820177780639,4.84991599616104,0.19243600330305533,5.196532784071405
244.49,304.15,59.65999999999997,4237.95722526819,4.758007438271236,0.19615321387473272,5.098055648675832
244.49,305.54999999999995,61.059999999999945,4159.848224066495,4.67031348834231,0.19983636066110277,5.004094333442519
244.49,306.95,62.45999999999998,4085.240747094141,4.58655074334135,0.20348590975728942,4.914345180915787
244.49,308.34999999999997,63.85999999999996,4013.904503061386,4.506460652364866,0.20710231879357865,4.828531161916695
244.49,309.75,65.25999999999999,3945.628962113087,4.429806850918476,0.21068603712671508,4.746399019307386
244.49,311.15,66.65999999999997,3880.221280670568,4.356372831111,0.21423750602603242,4.66771677167717
244.49,312.54999999999995,68.05999999999995,3817.5044823905405,4.285959899394342,0.21775715885458313,4.592271525124893
244.49,313.95,69.45999999999998,3757.3158591059605,4.218385381279847,0.22124542124542124,4.519867549668875
244.49,315.34999999999997,70.85999999999996,3699.50556132515,4.153481038874088,0.22470271127318842,4.450324583686144
244.49,316.75,72.25999999999999,3643.9353525809584,4.091091672371122,0.22812943962115229,4.383476335455301
244.49,318.15,73.65999999999997,3590.4775058308464,4.031073881027109,0.23152600974383142,4.319169155579692
244.49,319.54999999999995,75.05999999999995,3539.0138233613134,3.973294962794783,0.234892818025348,4.257260857980285
244.49,320.95,76.45999999999998,3489.43476436699,3.9176319348456152,0.2382302539336345,4.197619670415905
244.49,322.34999999999997,77.85999999999996,3441.638666651685,3.8639706597638765,0.24153870017062185,4.14012329822759
244.49,323.75,79.25999999999999,3395.5310508137777,3.8122050643468928,0.24481853281853283,4.084658087307596
244.49,325.15,80.65999999999997,3351.023996894372,3.762236439760157,0.2480701214823927,4.031118274237541
244.49,326.54999999999995,82.05999999999995,3308.0355848342692,3.71397281333139,0.25129382942887757,3.979405313185476
244.49,327.95,83.45999999999998,3266.489391247305,3.6673283835716903,0.25449001372160385,3.9294272705487665
244.49,329.34999999999997,84.85999999999996,3226.3140360063658,3.622223011122,0.2576590253529678,3.8810982795192097
244.49,330.75,86.25999999999999,3187.4427729828426,3.5785817592711826,0.26080120937263795,3.8343380477625786
244.49,332.15,87.65999999999997,3149.813120003424,3.5363344785039,0.2639169050127953,3.7890714122746987
244.49,333.54999999999995,89.05999999999995,3113.366523708737,3.495415430233229,0.26700644581022326,3.745227936222773
244.49,334.95,90.45999999999998,3078.0480555328327,3.4557629454730354,0.2700701597253321,3.702741543223525
244.49,336.34999999999997,91.85999999999996,3043.806135483346,3.4173191147225173,0.273108369258213,3.6615501850642294
244.49,337.75,93.25999999999999,3010.592280800987,3.380029505783077,0.27612139156180604,3.6215955393523487
244.49,339.15,94.65999999999997,2978.3608769226717,3.3438429066157758,0.27910953855226295,3.5828227339953527
244.49,340.54999999999995,96.05999999999995,2947.0689684728313,3.3087110906846653,0.28207311701659066,3.5451800957734765
244.49,341.95,97.45999999999998,2916.6760682690337,3.274588602525018,0.28501242871764876,3.508618920582804
244.49,343.34999999999997,98.85999999999996,2887.1439825561415,3.2414325615315387,0.2879277704965777,3.4730932632004867
244.49,344.75,100.25999999999999,2858.4366508827056,3.2092024821855905,0.29081943437273383,3.4385597446638743
244.49,346.15,101.65999999999997,2830.519999208146,3.177860109136798,0.2936877076411959,3.4049773755656116
244.49,347.54999999999995,103.05999999999995,2803.3618049825354,3.1473692657264345,0.2965328729679182,3.372307393751214
244.49,348.95,104.45999999999998,2776.9315730758194,3.1176957146916124,0.29935520848259056,3.340513115067969
244.49,350.34999999999997,105.85999999999996,2751.2004215520506,3.0888070299225894,0.30215498786927353,3.3095597959569254
244.49,351.75,107.25999999999999,2726.140976389148,3.0606724782633297,0.30493248045486854,3.2794145068058924
244.49,353.15,108.65999999999997,2701.7272743373833,3.033262910449515,0.30768795129548343,3.250046015092951
245.83,283.15,37.319999999999965,6304.588993207401,7.078240701928147,0.13180293130849363,7.587084673097541
245.83,284.54999999999995,38.71999999999994,6106.678973669948,6.856044654395361,0.13607450360217865,7.348915289256208
245.83,285.95,40.119999999999976,5922.581218706386,6.649355808584692,0.14030424899457938,7.127367896311071
245.83,287.34999999999997,41.51999999999995,5750.898533923419,6.456605516923115,0.14449277884113432,6.92076107899808
245.83,288.75,42.91999999999999,5590.416024289379,6.276429801604781,0.14864069264069257,6.727632805219014
245.83,290.15,44.319999999999965,5440.072301365075,6.107637028589957,0.15274857832155775,6.54670577617329
245.83,291.54999999999995,45.71999999999994,5298.935980544626,5.949181520764147,0.15681701251929325,6.376859142607181
245.83,292.95,47.119999999999976,5166.186368092108,5.8001418750332405,0.1608465608465608,6.217105263157897
245.83,294.34999999999997,48.51999999999995,5041.097491725066,5.659703033260431,0.16483777815525724,6.066570486397367
245.83,295.75,49.91999999999999,4923.024818359376,5.527141370112693,0.1687912087912088,5.924479166666668
245.83,297.15,51.319999999999965,4811.394145878804,5.401812221711916,0.1727073868416623,5.79014029618083
245.83,298.54999999999995,52.71999999999994,4705.692264804633,5.2831394013749104,0.1765868363758163,5.662936267071325
245.83,299.95,54.119999999999976,4605.459069373616,5.170606342622225,0.18043007167861302,5.542313377679234
245.83,301.34999999999997,55.51999999999995,4510.280862184802,5.063748582221625,0.1842375974780155,5.427773775216142
245.83,302.75,56.91999999999999,4419.784646916727,4.962147352550496,0.18800990916597848,5.318868587491217
245.83,304.15,58.319999999999965,4333.633243081278,4.8654240968690665,0.19174749301331573,5.21519204389575
245.83,305.54999999999995,59.71999999999994,4251.521087918623,4.773235756055488,0.1954508263786613,5.116376423308778
245.83,306.95,61.119999999999976,4173.170615256875,4.685270703106405,0.1991203779117119,5.02208769633508
245.83,308.34999999999997,62.51999999999995,4098.329120897315,4.6012452238658526,0.2027566077509323,4.932021753039031
245.83,309.75,63.91999999999999,4026.7660399327287,4.520900460236588,0.20635996771589993,4.845901126408011
245.83,311.15,65.31999999999996,3958.2705741962673,4.443999746487332,0.20993090149445592,4.7634721371708535
245.83,312.54999999999995,66.71999999999994,3892.6496184127727,4.370326280917,0.2134698448248279,4.684502398081539
245.83,313.95,68.11999999999998,3829.725942080154,4.2996810846302385,0.2169772256728778,4.6087786259542
245.83,315.34999999999997,69.51999999999995,3769.3365910313605,4.231881206951117,0.22045346440462965,4.5361047180667455
245.83,316.75,70.91999999999999,3711.3314783206442,4.16675814339356,0.22389897395422254,4.46630005640158
245.83,318.15,72.31999999999996,3655.5721387790395,4.104156437385247,0.2273141599874272,4.3991980088495595
245.83,319.54999999999995,73.71999999999994,3601.930625481554,4.043932441317564,0.23069942106086672,4.334644601193709
245.83,320.95,75.11999999999998,3550.288529612621,3.9859532161363207,0.234055148777068,4.272497337593186
245.83,322.34999999999997,76.51999999999995,3500.5361079260347,3.9300955517301386,0.23738172793547374,4.212624150548878
245.83,323.75,77.91999999999999,3452.5715042671977,3.876245092923765,0.24067953667953668,4.154902464065709
245.83,325.15,79.31999999999996,3406.3000535363103,3.824295558028865,0.2439489466400122,4.099218356026224
245.83,326.54999999999995,80.71999999999994,3361.6336580835004,3.774148038715056,0.24719032307456734,4.045465807730428
245.83,327.95,82.11999999999998,3318.49022789211,3.725710371496699,0.25040402500381154,3.9935460301997088
245.83,329.34999999999997,83.51999999999995,3276.7931770653754,3.6788965724322167,0.253590405343859,3.9433668582375496
245.83,330.75,84.91999999999999,3236.4709701189363,3.633626327741031,0.2567498110355253,3.894842204427697
245.83,332.15,86.31999999999996,3197.4567124246996,3.5898245339897827,0.25988258317025437,3.8478915662650617
245.83,333.54999999999995,87.71999999999994,3159.6877798734636,3.54742088230994,0.26298905711287646,3.802439580483358
245.83,334.95,89.11999999999998,3123.1054834436727,3.506349481804954,0.26606956262128667,3.758415619389588
245.83,336.34999999999997,90.51999999999995,3087.654764897262,3.4665485179041897,0.2691244239631335,3.7157534246575357
245.83,337.75,91.91999999999999,3053.283920283943,3.4279599419377376,0.2721539600296077,3.6743907745865974
245.83,339.15,93.31999999999996,3019.9443483336913,3.390529188653521,0.2751584844464101,3.634269181311617
245.83,340.54999999999995,94.71999999999994,2987.5903211623745,3.3542049187856455,0.27813830568198494,3.5953336148648667
245.83,341.95,96.11999999999998,2956.1787750156072,3.3189387841199136,0.28109372715309244,3.5575322513524767
245.83,343.34999999999997,97.51999999999995,2925.6691190371216,3.2846852127956905,0.28402504732779954,3.5208162428219865
245.83,344.75,98.91999999999999,2896.0230602759816,3.251401212839319,0.2869325598259608,3.4851395066720587
245.83,346.15,100.31999999999996,2867.204443346293,3.2190461921480775,0.2898165535172612,3.4504585326953756
245.83,347.54999999999995,101.71999999999994,2839.1791033277636,3.1875817933398043,0.29267731261688956,3.416732206055841
245.83,348.95,103.11999999999998,2811.91473064876,3.1569717420554166,0.29551511677890807,3.383921644685804
245.83,350.34999999999997,104.51999999999995,2785.3807468283594,3.127181707452969,0.29833024118738394,3.351990049751245
245.83,351.75,105.91999999999999,2759.5481900726963,3.0981791737652364,0.3011229566453447,3.320902567975831
245.83,353.15,107.31999999999996,2734.389609825756,3.0699333219105824,0.30389352966161676,3.2906261647409627
247.17000000000002,283.15,35.97999999999996,6536.827735505842,7.338978034698374,0.12707045735475886,7.869649805447478
247.17000000000002,284.54999999999995,37.37999999999994,6323.112752528101,7.099037557570563,0.1313653136531363,7.612359550561809
247.17000000000002,285.95,38.77999999999997,6124.8284542418805,6.876421302618031,0.13561811505507948,7.373646209386287
247.17000000000002,287.34999999999997,40.17999999999995,5940.3618770906,6.669318375536768,0.1398294762484773,7.151567944250879
247.17000000000002,288.75,41.579999999999984,5768.317291666671,6.476161773511475,0.1439999999999999,6.944444444444447
247.17000000000002,290.15,42.97999999999996,5607.480822557009,6.295588663474804,0.1481302774427019,6.750814332247563
247.17000000000002,291.54999999999995,44.37999999999994,5456.79176474764,6.12640817867704,0.15222088835534198,6.569400630914835
247.17000000000002,292.95,45.77999999999997,5315.319163073396,5.967575124142131,0.1562724014336917,6.399082568807343
247.17000000000002,294.34999999999997,47.17999999999995,5182.242561498522,5.818168363644911,0.16028537455410208,6.238872403560837
247.17000000000002,295.75,48.579999999999984,5056.836081051877,5.677372943810348,0.1642603550295857,6.087896253602308
247.17000000000002,297.15,49.97999999999996,4938.4551737395,5.544465222565959,0.16819787985865708,5.945378151260508
247.17000000000002,298.54999999999995,51.37999999999994,4826.525542029977,5.418800428909821,0.17209847596717454,5.810626702997281
247.17000000000002,299.95,52.77999999999997,4720.533821816979,5.299802202556393,0.17596266044340714,5.683023872679048
247.17000000000002,301.34999999999997,54.17999999999995,4620.019709883726,5.186953755342681,0.17979094076655033,5.5620155038759735
247.17000000000002,302.75,55.579999999999984,4524.569281171287,5.079790368441997,0.18358381502890164,5.447103274559195
247.17000000000002,304.15,56.97999999999996,4433.809291216219,4.977892995639631,0.18734177215189862,5.337837837837841
247.17000000000002,305.54999999999995,58.37999999999994,4347.402298381297,4.880882787000446,0.1910652920962198,5.233812949640292
247.17000000000002,306.95,59.77999999999997,4265.0424714871215,4.788416382044596,0.19475484606613447,5.13466042154567
247.17000000000002,308.34999999999997,61.17999999999995,4186.451973054922,4.7001818491691045,0.19841089670828593,5.040045766590392
247.17000000000002,309.75,62.579999999999984,4111.377828020136,4.615895170113546,0.20203389830508467,4.949664429530203
247.17000000000002,311.15,63.97999999999996,4039.589203555801,4.535297185983834,0.20562429696287954,4.8632385120350134
247.17000000000002,312.54999999999995,65.37999999999994,3970.8750383833003,4.458150935649826,0.20918253079507265,4.780513918629554
247.17000000000002,313.95,66.77999999999997,3905.0419702830204,4.384239328935691,0.21270903010033437,4.701257861635222
247.17000000000002,315.34999999999997,68.17999999999995,3841.9125189425076,4.313363106480866,0.2162042175360709,4.625256673511297
247.17000000000002,316.75,69.57999999999998,3781.323488179075,4.245339045895447,0.21966850828729279,4.5523138832998
247.17000000000002,318.15,70.97999999999996,3723.1245572485223,4.179998380204919,0.223102310231023,4.482248520710061
247.17000000000002,319.54999999999995,72.37999999999994,3667.1770356383,4.117185399840912,0.22650602409638543,4.41489361702128
247.17000000000002,320.95,73.77999999999997,3613.3527596299828,4.056756213798117,0.22988004362050152,4.350094876660343
247.17000000000002,322.34999999999997,75.17999999999995,3561.5331121508398,3.9985776492094303,0.23322475570032564,4.2877094972067065
247.17000000000002,323.75,76.57999999999998,3511.608150137112,3.942526271625813,0.23654054054054052,4.227605118829983
247.17000000000002,325.15,77.97999999999996,3463.4758258976685,3.8884875108315575,0.2398277717976317,4.169658886894077
247.17000000000002,326.54999999999995,79.37999999999994,3417.0412908730177,3.836354879165844,0.24308681672025712,4.113756613756617
247.17000000000002,327.95,80.77999999999997,3372.216271793762,3.7860292711280588,0.24631803628601912,4.059792027729637
247.17000000000002,329.34999999999997,82.17999999999995,3328.918510604772,3.7374183345736744,0.2495217853347501,4.007666098807498
247.17000000000002,330.75,83.57999999999998,3287.0712606783927,3.690435905106537,0.25269841269841264,3.957286432160805
247.17000000000002,332.15,84.97999999999996,3246.6028328253715,3.645001496379669,0.2558482613277133,3.90856672158155
247.17000000000002,333.54999999999995,86.37999999999994,3207.4461854538104,3.6010398399616146,0.25897166841552977,3.861426256077798
247.17000000000002,334.95,87.77999999999997,3169.5385539473687,3.558480469234724,0.26206896551724135,3.8157894736842115
247.17000000000002,336.34999999999997,89.17999999999995,3132.8211149529056,3.517257342486702,0.265140478668054,3.771585557299845
247.17000000000002,337.75,90.57999999999998,3097.2386818006185,3.4773085009549995,0.2681865284974093,3.728748068006183
247.17000000000002,339.15,91.97999999999996,3062.7394277397275,3.438575758100064,0.27120743034055717,3.6872146118721476
247.17000000000002,340.54999999999995,93.37999999999994,3029.274634070466,3.4010044168299833,0.2742034943473791,3.646926536731636
247.17000000000002,341.95,94.77999999999997,2996.7984605982288,3.364543011786492,0.27717502558853624,3.6078286558345654
247.17000000000002,343.34999999999997,96.17999999999995,2965.2677361353726,3.3291430741387362,0.2801223241590213,3.5698689956331893
247.17000000000002,344.75,97.57999999999998,2934.641767037304,3.2947589166243447,0.2830456852791877,3.532998565279771
247.17000000000002,346.15,98.97999999999996,2904.882161987271,3.261347436833132,0.2859453993933265,3.497171145685998
247.17000000000002,347.54999999999995,100.37999999999994,2875.9526714435156,3.2288679369524145,0.28882175226586093,3.4623430962343114
247.17000000000002,348.95,101.77999999999997,2847.819040337002,3.19728195838891,0.2916750250752256,3.4284731774415413
247.17000000000002,350.34999999999997,103.17999999999995,2820.4488727611956,3.166553129854267,0.29450549450549435,3.3955223880597027
247.17000000000002,351.75,104.57999999999998,2793.8115075301207,3.1366470276525438,0.2973134328358209,3.3634538152610447
247.17000000000002,353.15,105.97999999999996,2767.8779035997363,3.1075310470413564,0.3000991080277502,3.332232496697491
248.51,283.15,34.639999999999986,6787.034140314665,7.6198878862856905,0.1223379834010242,8.174076212471133
248.51,284.54999999999995,36.039999999999964,6555.640941134857,7.360099855321496,0.12665612370409407,7.8953940066592745
248.51,285.95,37.44,6341.552788902242,7.119740416416573,0.1309319811155797,7.637553418803419
248.51,287.34999999999997,38.839999999999975,6142.898386058189,6.896708640460524,0.1351661736558204,7.398300720906286
248.51,288.75,40.24000000000001,5958.0668541873765,6.68919597416344,0.13935930735930735,7.1756958250497
248.51,290.15,41.639999999999986,5785.663955583574,6.4956370894617415,0.1435119765638463,6.968059558117197
248.51,291.54999999999995,43.039999999999964,5624.476858933556,6.31467032551202,0.1476247641913907,6.773931226765804
248.51,292.95,44.44,5473.445564952744,6.145105607895749,0.15169824202082272,6.592034203420342
248.51,294.34999999999997,45.839999999999975,5331.6395681609965,5.9858982465038695,0.15573297095294714,6.42124781849913
248.51,295.75,47.24000000000001,5198.2386685541915,5.836127392561122,0.15972950126796281,6.260584250635054
248.51,297.15,48.639999999999986,5072.517097049756,5.694978216065741,0.16368837287565197,6.109169407894738
248.51,298.54999999999995,50.039999999999964,4953.830305725424,5.561727075025737,0.16761011555853278,5.966227018385295
248.51,299.95,51.44,4841.603915173017,5.43572910651512,0.17149524920820136,5.83106531881804
248.51,301.34999999999997,52.839999999999975,4735.324418896671,5.316407790385844,0.1753442840550854,5.703065859197579
248.51,302.75,54.24000000000001,4634.531327295352,5.203246129218987,0.17915772089182502,5.581674041297934
248.51,304.15,55.639999999999986,4538.810497672539,5.095779159843425,0.18293605129048163,5.466391085549965
248.51,305.54999999999995,57.039999999999964,4447.788446502457,4.993587567646185,0.18667975781377832,5.356767180925669
248.51,306.95,58.44,4361.127479235114,4.896292218743812,0.19038931422055705,5.25239561943874
248.51,308.34999999999997,59.839999999999975,4278.521503751672,4.803549459696499,0.19406518566563968,5.1529077540106965
248.51,309.75,61.24000000000001,4199.692418068255,4.715047061938089,0.19770782889426963,5.057968647942521
248.51,311.15,62.639999999999986,4124.3869824473195,4.630500710056494,0.20131769243130315,4.96727330779055
248.51,312.54999999999995,64.03999999999996,4052.374101787948,4.549650950699391,0.2048952167653174,4.880543410368522
248.51,313.95,65.44,3983.4424568536065,4.472260533124067,0.20844083452779105,4.79752444987775
248.51,315.34999999999997,66.83999999999997,3917.3984331912043,4.398112083969018,0.21195497066751223,4.717983243566728
248.51,316.75,68.24000000000001,3854.064304989741,4.3270060682494,0.21543804262036315,4.641705744431418
248.51,318.15,69.63999999999999,3793.2766380025846,4.25875899629795,0.2188904604746189,4.568495117748421
248.51,319.54999999999995,71.03999999999996,3734.884881313347,4.193201842722967,0.22231262713190414,4.498170045045047
248.51,320.95,72.44,3678.750122397846,4.1301786487008485,0.22570493846393525,4.430563224737714
248.51,322.34999999999997,73.83999999999997,3624.7439838095897,4.069545283271124,0.22906778346517753,4.365520043336946
248.51,323.75,75.24000000000001,3572.747643042264,4.011168342923839,0.23240154440154448,4.302897395002658
248.51,325.15,76.63999999999999,3522.6509598186326,3.9549241717959274,0.23570659695525142,4.242562630480167
248.51,326.54999999999995,78.03999999999996,3474.3516973154797,3.900697987330728,0.238983310365947,4.184392619169658
248.51,327.95,79.44,3427.754825736404,3.848383098390484,0.24223204756822692,4.128272910372608
248.51,329.34999999999997,80.83999999999997,3382.7718982496303,3.797880204613933,0.24545316532564132,4.074096981692232
248.51,330.75,82.24000000000001,3339.3204906675583,3.7490967673375524,0.2486470143613001,4.021765564202334
248.51,332.15,83.63999999999999,3297.3236973995695,3.701946443695486,0.2518139394851724,3.971186035389766
248.51,333.54999999999995,85.03999999999996,3256.7096771930874,3.6563485766173653,0.2549542797181831,3.922271872060208
248.51,334.95,86.44,3217.4112430182786,3.6122277343867504,0.258068368413196,3.87494215640907
248.51,336.34999999999997,87.83999999999997,3179.3654911714493,3.5695132942308847,0.2611565333729745,3.829121129326048
248.51,337.75,89.24000000000001,3142.513465290229,3.528139065106353,0.26421909696521095,3.7847377857463016
248.51,339.15,90.63999999999999,3106.7998515059576,3.4880429454428623,0.26725637623470444,3.7417255075022067
248.51,340.54999999999995,92.03999999999996,3072.1727014178628,3.449166612122895,0.2702686830127734,3.7000217296827476
248.51,341.95,93.44,3038.5831799711045,3.411455237421247,0.27325632402398015,3.6595676369863015
248.51,343.34999999999997,94.83999999999997,3005.985335665332,3.3748572310153047,0.2762196009902431,3.6203078869675247
248.51,344.75,96.24000000000001,2974.3358908198256,3.339324004513108,0.2791588107324148,3.5821903574397336
248.51,346.15,97.63999999999999,2943.594049882221,3.304809756239161,0.28207424526939184,3.5451659156083575
248.51,347.54999999999995,99.03999999999996,2913.7213239953567,3.271271274273444,0.2849661919148323,3.5091882067851383
248.51,348.95,100.44,2884.681370235962,3.238667755962683,0.2878349333715432,3.4742134607726007
248.51,350.34999999999997,101.83999999999997,2856.439844113316,3.206960642318756,0.29068074782360487,3.4402003142183823
248.51,351.75,103.24000000000001,2828.9642640691595,3.1761134658910515,0.2935039090262971,3.407109647423479
248.51,353.15,104.63999999999999,2802.223886854931,3.1460917108509387,0.29630468639388363,3.3749044342507646
249.85,283.15,33.29999999999998,7057.3772768018025,7.923405497700463,0.11760550944728942,8.503003003003007
249.85,284.54999999999995,34.69999999999996,6806.128079178681,7.641324889613428,0.12194693375505172,8.20028818443805
249.85,285.95,36.099999999999994,6574.366353947373,7.381123109854466,0.12624584717607967,7.921052631578949
249.85,287.34999999999997,37.49999999999997,6359.909504200006,7.140349729650843,0.13050287106316327,7.662666666666672
249.85,288.75,38.900000000000006,6160.889137210795,6.916907081184231,0.1347186147186148,7.422879177377891
249.85,290.15,40.29999999999998,5975.696488027299,6.7089889839758605,0.13889367568499045,7.199751861042186
249.85,291.54999999999995,41.69999999999996,5802.9388368705095,6.515031814157976,0.14302864002743942,6.991606714628303
249.85,292.95,43.099999999999994,5641.404420591651,6.33367511012872,0.1471240826079535,6.796983758700697
249.85,294.34999999999997,44.49999999999997,5490.033967584274,6.163729614442881,0.15118056735179197,6.614606741573037
249.85,295.75,45.900000000000006,5347.897441993464,6.0041511642454966,0.15519864750633983,6.443355119825707
249.85,297.15,47.29999999999998,5214.17491791755,5.854019218499551,0.15917886589264674,6.2822410147991565
249.85,298.54999999999995,48.69999999999996,5088.1407525154045,5.712519088936123,0.16312175514989102,6.130390143737171
249.85,299.95,50.099999999999994,4969.150412724553,5.578927150246494,0.16702783797299547,5.987025948103793
249.85,301.34999999999997,51.49999999999997,4856.62945063107,5.452598462592421,0.17089762734362035,5.851456310679614
249.85,302.75,52.900000000000006,4750.064229442343,5.332956359540073,0.17473162675474818,5.723062381852551
249.85,304.15,54.29999999999998,4648.994084116025,5.219483646700376,0.17853033042906452,5.601289134438307
249.85,305.54999999999995,55.69999999999996,4553.00466422801,5.111715127683856,0.18229422353133684,5.485637342908441
249.85,306.95,57.099999999999994,4461.722256173381,5.009231229564815,0.18602378237497963,5.375656742556918
249.85,308.34999999999997,58.49999999999997,4374.808920641027,4.911652543663441,0.18971947462299332,5.270940170940173
249.85,309.75,59.900000000000006,4291.958311978298,4.818635131894351,0.19338175948345437,5.171118530884807
249.85,311.15,61.29999999999998,4212.892070432302,4.729866476290897,0.19701108789972677,5.075856443719414
249.85,312.54999999999995,62.69999999999996,4137.356697727276,4.645061971176912,0.20060790273556217,4.984848484848487
249.85,313.95,64.1,4065.1208420826842,4.5639618750226605,0.20417263895524762,4.8978159126365055
249.85,315.34999999999997,65.49999999999997,3995.9729314122155,4.486328653207831,0.20770572379895347,4.814503816793895
249.85,316.75,66.9,3929.7191036995523,4.411944654428598,0.21120757695343328,4.734678624813154
249.85,318.15,68.29999999999998,3866.1813919106903,4.340610072876041,0.2146786107182146,4.658125915080528
249.85,319.54999999999995,69.69999999999996,3805.1961276542343,4.2721411560056515,0.21811923016742285,4.584648493543761
249.85,320.95,71.1,3746.612533438819,4.206368624047175,0.22152983330736875,4.514064697609002
249.85,322.34999999999997,72.49999999999997,3690.291478034484,4.143136272633304,0.22491081123002943,4.446206896551725
249.85,323.75,73.9,3636.1043733085244,4.082299734263528,0.22826254826254833,4.380920162381597
249.85,325.15,75.29999999999998,3583.9321941235075,4.02372537793141,0.23158542211287092,4.318061088977425
249.85,326.54999999999995,76.69999999999996,3533.6646055736646,3.9672893292620013,0.23487980401163677,4.257496740547589
249.85,327.95,78.1,3485.19918409091,3.9128765960378464,0.2381460588504345,4.1991037131882205
249.85,329.34999999999997,79.49999999999997,3438.4407208490575,3.8603802861222154,0.24138454531653253,4.142767295597485
249.85,330.75,80.9,3393.30059749691,3.809700906586853,0.24459561602418745,4.088380716934487
249.85,332.15,82.29999999999998,3349.696225607534,3.7607457343746873,0.24777961764263134,4.03584447144593
249.85,333.54999999999995,83.69999999999996,3307.550542383514,3.71342825012183,0.2509368910208364,3.985065710872164
249.85,334.95,85.1,3266.7915561398363,3.66766762786554,0.2540677713091506,3.9359576968272623
249.85,336.34999999999997,86.49999999999997,3227.3519359248567,3.623388274306564,0.257172588077895,3.888439306358382
249.85,337.75,87.9,3189.168640358362,3.5805194121010016,0.2602516654330126,3.8424345847554036
249.85,339.15,89.29999999999998,3152.1825813829796,3.538994702349814,0.2633053221288515,3.7978723404255326
249.85,340.54999999999995,90.69999999999996,3116.3383191565617,3.4987519020507034,0.2663338716781676,3.754685777287763
249.85,341.95,92.1,3081.583784771988,3.4597325527921723,0.26933762245942383,3.712812160694897
249.85,343.34999999999997,93.49999999999997,3047.870027887701,3.42188169741518,0.27231687782146496,3.6721925133689846
249.85,344.75,94.9,3015.1509866965225,3.3851476217542635,0.27527193618564183,3.63277133825079
249.85,346.15,96.29999999999998,2983.3832779595023,3.349481618905919,0.27820309114545716,3.594496365524403
249.85,347.54999999999995,97.69999999999996,2952.52600509212,3.3148377737645895,0.28111063156380367,3.5573183213920174
249.85,348.95,99.1,2922.5405825176595,3.2811727658220042,0.2839948416678607,3.5211907164480323
249.85,350.34999999999997,100.49999999999997,2893.3905747014933,3.248445688448965,0.2868560011417154,3.4860696517412944
249.85,351.75,101.9,2865.0415484543673,3.2166178830743988,0.28969438521677326,3.4519136408243374
249.85,353.15,103.29999999999998,2837.4609372458863,3.185652786848418,0.29251026476001696,3.4186834462729916
251.19,283.15,31.95999999999998,7350.389987938055,8.25237452333901,0.11287303549355454,8.859511889862333
251.19,284.54999999999995,33.35999999999996,7076.738284667274,7.945142342727375,0.11723774380600938,8.529676258992815
251.19,285.95,34.75999999999999,6825.12987164845,7.6626584390349715,0.12155971323657977,8.226409666283086
251.19,287.34999999999997,36.15999999999997,6593.00441096516,7.402048288947075,0.12583956847050626,7.946626106194696
251.19,288.75,37.56,6378.18329772364,7.160865945574986,0.13007792207792213,7.687699680511182
251.19,290.15,38.95999999999998,6178.80107352413,6.937017035504804,0.13427537480613472,7.447381930184808
251.19,291.54999999999995,40.35999999999996,5993.251114630827,6.72869778222839,0.13843251586348815,7.223736372646191
251.19,292.95,41.75999999999999,5820.142244935348,6.534346294976252,0.14254992319508442,7.015086206896553
251.19,294.34999999999997,43.15999999999997,5658.263793107047,6.352603337944365,0.14662816375063692,6.819972196478225
251.19,295.75,44.56,5506.557236815529,6.182280494909093,0.15066779374471684,6.637118491921005
251.19,297.15,45.95999999999998,5364.0930294712825,6.022334152319841,0.1546693589096415,6.465404699738905
251.19,298.54999999999995,47.35999999999996,5230.051537088264,5.87184409687691,0.15863339474124927,6.303842905405411
251.19,299.95,48.75999999999999,5103.707259198115,5.729995800155063,0.1625604267377896,6.151558654634948
251.19,301.34999999999997,50.15999999999997,4984.41569219498,5.5960656699168965,0.1664509706321552,6.007775119617228
251.19,302.75,51.56,4871.602332864624,5.469408704237818,0.17030553261767134,5.871799844840962
251.19,304.15,52.95999999999998,4764.7534260668435,5.349448103813678,0.17412460956764753,5.743013595166165
251.19,305.54999999999995,54.35999999999996,4663.408142135764,5.235666489430519,0.17790868924889536,5.6208609271523216
251.19,306.95,55.75999999999999,4567.151932720588,5.1275984424841,0.1816582505294022,5.50484218077475
251.19,308.34999999999997,57.15999999999997,4475.610863024844,5.024824141714206,0.18537376358034696,5.394506648005601
251.19,309.75,58.56,4388.446757044057,4.926963912702433,0.18905569007263923,5.289446721311475
251.19,311.15,59.95999999999998,4305.353022923617,4.833673540949384,0.19270448336815038,5.18929286190794
251.19,312.54999999999995,61.35999999999996,4226.051049812585,4.7446402265775065,0.19632058870580693,5.0937092568448525
251.19,313.95,62.75999999999999,4150.287086974189,4.659579080469506,0.1999044433827042,5.002390057361377
251.19,315.34999999999997,64.15999999999997,4077.829531491586,4.5782300791417825,0.2034564769303947,4.915056109725688
251.19,316.75,65.56,4008.4665634914586,4.500355409780463,0.20697711128650353,4.831452104942038
251.19,318.15,66.95999999999998,3942.004078024195,4.425737148337482,0.21046676096181038,4.751344086021507
251.19,319.54999999999995,68.35999999999996,3878.263871072266,4.35417522293956,0.21392583320294156,4.674517261556468
251.19,320.95,69.75999999999999,3817.082043986526,4.285485622528939,0.21735472815080226,4.600774082568808
251.19,322.34999999999997,71.15999999999997,3758.3075962689736,4.219498816963033,0.2207538389948812,4.529932546374369
251.19,323.75,72.56,3701.801181263781,4.156058360013226,0.22412355212355217,4.461824696802646
251.19,325.15,73.95999999999998,3647.4340031706333,4.095019651027993,0.22746424727049053,4.396295294753922
251.19,326.54999999999995,75.35999999999996,3595.0868370023895,4.036248834627135,0.23077629765732655,4.333200636942677
251.19,327.95,76.75999999999999,3544.6491557907766,3.979621820804734,0.23406007013264218,4.272407503908286
251.19,329.34999999999997,78.15999999999997,3496.018351592888,3.925023410343424,0.23731592530742363,4.213792221084955
251.19,330.75,79.56,3449.0990387443444,3.87234651256803,0.2405442176870748,4.157239819004524
251.19,332.15,80.95999999999998,3403.8024294034094,3.821491444261153,0.2437452958000903,4.102643280632412
251.19,333.54999999999995,82.35999999999996,3360.045772784121,3.7723653000832162,0.24691950232348958,4.049902865468676
251.19,334.95,83.75999999999999,3317.7518506267907,3.724881386130898,0.25006717420510527,3.998925501432665
251.19,336.34999999999997,85.15999999999997,3276.8485224342417,3.678958709368184,0.2531886427828155,3.9496242367308607
251.19,337.75,86.56,3237.2683148394176,3.6345215166042633,0.25628423390081423,3.9019177449168208
251.19,339.15,87.95999999999998,3198.9480501875855,3.591498877498131,0.25935426802299866,3.8557298772169175
251.19,340.54999999999995,89.35999999999996,3161.8285100324547,3.5498243067614847,0.26239906034356175,3.8109892569382287
251.19,341.95,90.75999999999999,3125.854129776334,3.509435421327421,0.2654189208948676,3.7676289114147203
251.19,343.34999999999997,92.15999999999997,3090.972721142579,3.4702736287667886,0.2684141546526867,3.725585937500001
251.19,344.75,93.56,3057.1352195649847,3.4322838436791114,0.2713850616388688,3.6848011970927748
251.19,346.15,94.95999999999998,3024.2954539227053,3.395414229171107,0.27433193702152237,3.6452190395956197
251.19,347.54999999999995,96.35999999999996,2992.409936348071,3.3596159608713045,0.27725507121277504,3.6067870485678717
251.19,348.95,97.75999999999999,2961.4376700951316,3.3248430112216587,0.2801547499641782,3.5694558101472995
251.19,350.34999999999997,99.15999999999997,2931.339973683946,3.291051952042153,0.2830312544598258,3.5331787010891498
251.19,351.75,100.56,2902.080319734487,3.258201773587613,0.28588486140724945,3.49791169451074
251.19,353.15,101.95999999999998,2873.624187078267,3.226253718511583,0.2887158431261503,3.463613181639859
252.53,283.15,30.619999999999976,7669.0484882919745,8.610136396420764,0.10814056153981977,9.247224036577407
252.53,284.54999999999995,32.01999999999995,7369.997938960033,8.274388614527936,0.11252855385696703,8.886633354153666
252.53,285.95,33.41999999999999,7096.002492504492,7.9667705091551495,0.11687357929707987,8.556253740275286
252.53,287.34999999999997,34.819999999999965,6844.039994069505,7.6838890693493935,0.12117626587784924,8.252441125789783
252.53,288.75,36.22,6611.555546314191,7.422875879997968,0.12543722943722946,7.972114853672005
252.53,290.15,37.619999999999976,6396.374566228076,7.181289509630713,0.12965707392727888,7.712652844231796
252.53,291.54999999999995,39.01999999999995,6196.634558572531,6.957038911611688,0.13383639169953687,7.47180932854947
252.53,292.95,40.41999999999999,6010.7310680232595,6.7483227439353985,0.13797576378221532,7.247649678377043
252.53,294.34999999999997,41.819999999999965,5837.274487410336,6.553580877299131,0.14207576014948176,7.038498326159737
252.53,295.75,43.22,5675.0552604696895,6.371455327798012,0.14613693998309385,6.842896807033781
252.53,297.15,44.619999999999976,5523.015635398929,6.200758544289804,0.15015985192663628,6.659569699686243
252.53,298.54999999999995,46.01999999999995,5380.226574217735,6.040447484245801,0.1541450343326075,6.487396784006959
252.53,299.95,47.41999999999999,5245.868752414595,5.889602281817217,0.1580930155025837,6.325390130746522
252.53,301.34999999999997,48.819999999999965,5119.21682780623,5.747408586287448,0.16200431392069015,6.1726751331421585
252.53,302.75,50.22,4999.626340651137,5.613142854666147,0.1658794384805945,6.028474711270411
252.53,304.15,51.619999999999976,4886.522745476562,5.486160037584553,0.16971888870623042,5.892096086788069
252.53,305.54999999999995,53.01999999999995,4779.392180601665,5.36588321612402,0.17352315496645376,5.762919652961151
252.53,306.95,54.41999999999999,4677.773662431093,5.2517948382520405,0.17729271868382468,5.640389562660787
252.53,308.34999999999997,55.819999999999965,4581.252454380153,5.143429274031832,0.1810280525377006,5.5240057327122924
252.53,309.75,57.22,4489.454409253757,5.040366463740605,0.18472962066182408,5.413317022020273
252.53,311.15,58.619999999999976,4402.0411223387955,4.942226476185916,0.18839787883657388,5.307915387239851
252.53,312.54999999999995,60.01999999999995,4318.705762837391,4.848664828603785,0.1920332746760517,5.20743085638121
252.53,313.95,61.41999999999999,4239.169475407034,4.7593684466229185,0.19563624781016087,5.1115271898404435
252.53,315.34999999999997,62.819999999999965,4163.178262870108,4.674052164443816,0.19920723006183594,5.019898121617322
252.53,316.75,64.22,4090.5002766661482,4.592455682795721,0.20274664561957378,4.932264092183121
252.53,318.15,65.61999999999998,4020.9234541526994,4.514340916304816,0.20625491120540618,4.848369399573302
252.53,319.54999999999995,67.01999999999995,3954.253452036707,4.439489673331882,0.20973243623846027,4.767979707549988
252.53,320.95,68.41999999999999,3890.3118335209006,4.36770162065892,0.21317962299423587,4.69087985969015
252.53,322.34999999999997,69.81999999999996,3828.934473553425,4.2987924930430275,0.2165968667597331,4.616871956459469
252.53,323.75,71.22,3769.970152169334,4.232592513943342,0.21998455598455602,4.545773659084527
252.53,325.15,72.61999999999998,3713.2793105411747,4.168944998923514,0.22334307242811002,4.477416689617186
252.53,326.54999999999995,74.01999999999995,3658.732948196435,4.107705117543993,0.22667279130301632,4.41164550121589
252.53,327.95,75.41999999999999,3606.2116430588717,4.048738793150187,0.22997408141484976,4.348316096526121
252.53,329.34999999999997,76.81999999999996,3555.604678644885,3.9919217229649546,0.23324730529831483,4.287294975266859
252.53,330.75,78.22,3506.809264989772,3.9371385034127897,0.23649281934996225,4.22845819483508
252.53,332.15,79.61999999999998,3459.729841767145,3.884281847723302,0.23971097395754926,4.171690530017584
252.53,333.54999999999995,81.01999999999995,3414.277453659592,3.8332518846520625,0.2429021136261429,4.116884719822268
252.53,334.95,82.41999999999999,3370.3691893897117,3.7839555286737525,0.24606657710105984,4.063940791070129
252.53,336.34999999999997,83.81999999999996,3327.9276769685057,3.736305913291238,0.24920469748773588,4.012765449773325
252.53,337.75,85.22,3286.8806286963154,3.6902218802024422,0.25231680236861587,3.9632715325041072
252.53,339.15,86.61999999999998,3247.160430287464,3.6456275180054605,0.2554032139171457,3.9153775109674447
252.53,340.54999999999995,88.01999999999995,3208.7037692058634,3.602451744926309,0.25846424900895604,3.8690070438536712
252.53,341.95,89.41999999999999,3171.4512979143374,3.560627930744737,0.2615002193303114,3.824088570789533
252.53,343.34999999999997,90.81999999999996,3135.3473282702066,3.5200935536883424,0.26451143148390843,3.7805549438449693
252.53,344.75,92.22,3100.3395537573197,3.4807898885790047,0.2674981870920957,3.7383430926046413
252.53,346.15,93.61999999999998,3066.3787966406762,3.442661722960229,0.2704607828975877,3.6973937192907504
252.53,347.54999999999995,95.01999999999995,3033.418777473165,3.4056570983194843,0.2733995108617464,3.6576510208377195
252.53,348.95,96.41999999999999,3001.4159046826394,3.36972707385499,0.2763146582604957,3.6190624351794236
252.53,350.34999999999997,97.81999999999996,2970.3290822275612,3.334825510528305,0.2792065077779363,3.5815784093232477
252.53,351.75,99.22,2940.119533536586,3.3009088733991083,0.28207533759772563,3.5451521870590605
252.53,353.15,100.61999999999998,2910.7506401460946,3.267936050461541,0.2849214214922837,3.509739614390778
253.87,283.15,29.279999999999973,8016.87381859632,9.000644233295521,0.103408087586085,9.670423497267768
253.87,284.54999999999995,30.67999999999995,7688.87479903847,8.632395642796082,0.10781936390792468,9.274771838331175
253.87,285.95,32.079999999999984,7389.504122833543,8.296288450469904,0.11218744535757996,8.913653366583546
253.87,287.34999999999997,33.47999999999996,7115.170420743737,7.988290581277351,0.11651296328519212,8.582735961768229
253.87,288.75,34.879999999999995,6862.858919509748,7.705017311675927,0.12079653679653679,8.278383027522937
253.87,290.15,36.27999999999997,6630.020191248626,7.443606367181572,0.12503877304842315,7.9975192943770725
253.87,291.54999999999995,37.67999999999995,6414.483703941091,7.201620864422466,0.12924026753558548,7.73752653927814
253.87,292.95,39.079999999999984,6214.389953697547,6.976973115187545,0.13340160436934623,7.496161719549645
253.87,294.34999999999997,40.47999999999996,6028.136680249511,6.767864241887853,0.1375233565483267,7.271492094861666
253.87,295.75,41.879999999999995,5854.335870164756,6.57273590452987,0.14160608622147086,7.06184336198663
253.87,297.15,43.27999999999997,5691.779105094736,6.390231396760678,0.14565034494363105,6.8657578558225545
253.87,298.54999999999995,44.67999999999995,5539.409424675477,6.21916405599582,0.14965667392396564,6.681960608773507
253.87,299.95,46.079999999999984,5396.298318587243,6.058491432117708,0.1536256042673778,6.509331597222224
253.87,301.34999999999997,47.47999999999996,5261.626789100679,5.9072940261599625,0.157557657209225,6.346882898062346
253.87,302.75,48.879999999999995,5134.669668013502,5.764757682736613,0.16145334434351777,6.193739770867431
253.87,304.15,50.27999999999997,5014.7825536694545,5.630158924070343,0.1653131678448133,6.049124900556884
253.87,305.54999999999995,51.67999999999995,4901.39087121711,5.502852667808588,0.16913762068401228,5.912345201238395
253.87,306.95,53.079999999999984,4793.9806641013565,5.382261888516174,0.17292718683824726,5.782780708364734
253.87,308.34999999999997,54.47999999999996,4692.0908053689445,5.267868873210895,0.17668234149505424,5.659875183553601
253.87,309.75,55.879999999999995,4595.306379787045,5.159207791385478,0.18040355125100882,5.54312813171081
253.87,311.15,57.27999999999997,4503.253036461245,5.05585835462136,0.1840912743049975,5.432087988826818
253.87,312.54999999999995,58.67999999999995,4415.592149872192,4.957440383824173,0.18774596064629645,5.326346284935246
253.87,313.95,60.079999999999984,4332.016657465047,4.863609136033509,0.19136805223761744,5.2255326231691095
253.87,315.34999999999997,61.47999999999996,4252.247465948279,4.774051269729739,0.19495798319327717,5.129310344827589
253.87,316.75,62.879999999999995,4176.030337666984,4.688481349126512,0.19851617995264403,5.037372773536896
253.87,318.15,64.27999999999997,4103.133183859678,4.606638805276387,0.20204306144900197,4.949439950217799
253.87,319.54999999999995,65.67999999999995,4033.343704088006,4.52828528582913,0.20553903927397887,4.865255785627287
253.87,320.95,67.07999999999998,3966.467321265654,4.45320233666291,0.20900451783766938,4.784585569469291
253.87,322.34999999999997,68.47999999999996,3902.3253699839383,4.381189367894844,0.212439894524585,4.707213785046731
253.87,323.75,69.88,3840.7535026116198,4.312061864389379,0.21584555984555986,4.63294218660561
253.87,325.15,71.27999999999997,3781.600283228115,4.245649807149562,0.21922189758572963,4.561588103254771
253.87,326.54999999999995,72.67999999999995,3724.7259440630173,4.181796277156189,0.2225692849487061,4.492982938910294
253.87,327.95,74.07999999999998,3670.001282944115,4.120356217518934,0.22588809269705745,4.426970842332614
253.87,329.34999999999997,75.47999999999996,3617.3066834459473,4.0611953333849184,0.22917868528920593,4.363407525172232
253.87,330.75,76.88,3566.531242098075,4.004189112044544,0.2324414210128496,4.302159209157129
253.87,332.15,78.27999999999997,3517.571989250129,3.9492219481869637,0.2356766521150082,4.243101686254472
253.87,333.54999999999995,79.67999999999995,3470.3331920745495,3.8961863613725716,0.2388847249287962,4.186119477911649
253.87,334.95,81.07999999999998,3424.7257297792316,3.844982294576436,0.2420659799970144,4.131105081401086
253.87,336.34999999999997,82.47999999999996,3380.666532450292,3.7955164841700815,0.24522075219265638,4.077958292919497
253.87,337.75,83.88,3338.0780760908438,3.747701892995221,0.2483493708364175,4.026585598474011
253.87,339.15,85.27999999999997,3296.887927397984,3.7014571992792007,0.2514521598112929,3.9768996247654793
253.87,340.54999999999995,86.67999999999995,3257.0283326545928,3.656706335078694,0.2545294376743502,3.9288186432856502
253.87,341.95,88.07999999999998,3218.435845827657,3.613378068741054,0.2575815177657552,3.882266121707539
253.87,343.34999999999997,89.47999999999996,3181.0509915791245,3.571405626562394,0.2606087083151303,3.837170317389362
253.87,344.75,90.88,3144.817959424516,3.5307263494156462,0.26361131254532266,3.7934639084507045
253.87,346.15,92.27999999999997,3109.68432573147,3.49128138063486,0.266589628773653,3.7510836584308636
253.87,347.54999999999995,93.67999999999995,3075.600800645817,3.453015381885951,0.2695439505107178,3.709970111016227
253.87,348.95,95.07999999999998,3042.5209973758947,3.4158762741393223,0.27247456655681324,3.6700673117374847
253.87,350.34999999999997,96.47999999999996,3010.4012215640555,3.379815001194628,0.27538176109604673,3.631322553897182
253.87,351.75,97.88,2979.200278734165,3.34478531349968,0.2782658137882018,3.593686146301594
253.87,353.15,99.27999999999997,2948.8792980308226,3.31074357026027,0.28112699985841705,3.557111200644642
255.21,283.15,27.93999999999997,8398.062494828215,9.428609514795346,0.09867561363235022,10.134216177523275
255.21,284.54999999999995,29.339999999999947,8036.878788803699,9.023104062876051,0.10311017395888222,9.698364008179976
255.21,285.95,30.73999999999998,7708.5940540501,8.654534696362523,0.10750131141808006,9.302212101496426
255.21,287.34999999999997,32.13999999999996,7408.909109505299,8.318074671051194,0.1118496606925351,8.94057249533293
255.21,288.75,33.53999999999999,7134.242586091237,8.009703139206508,0.11615584415584412,8.609123434704832
255.21,290.15,34.93999999999997,6881.587117787639,7.726043693485616,0.12042047216956742,8.304235832856332
255.21,291.54999999999995,36.33999999999995,6648.398774174472,7.464240231474651,0.12464414337163421,8.022839845899846
255.21,292.95,37.73999999999998,6432.51110258347,7.221860449740058,0.12882744495647713,7.76232114467409
255.21,294.34999999999997,39.13999999999996,6232.067618025043,6.996820049427464,0.13297095294717165,7.5204394481349075
255.21,295.75,40.53999999999999,6045.468281388756,6.78732264666976,0.13707523245984776,7.295263936852493
255.21,297.15,41.93999999999997,5871.326697317602,6.59181171810666,0.14114083796062582,7.0851216022889885
255.21,298.54999999999995,43.33999999999995,5708.435607833418,6.408931860147544,0.1451683135153239,6.888555606829726
255.21,299.95,44.73999999999998,5555.738864584268,6.237497321864003,0.14915819303217193,6.704291461779171
255.21,301.34999999999997,46.13999999999996,5412.308503673607,6.076466266614581,0.15311100049775994,6.5312093628088475
255.21,302.75,47.53999999999999,5277.325871213716,5.924919581468188,0.15702725020644093,6.3683214135464885
255.21,304.15,48.93999999999997,5150.065988465472,5.7820433237515125,0.1609074469833962,6.214752758479775
255.21,305.54999999999995,50.33999999999995,5029.884525893926,5.647114096658725,0.1647520864015708,6.069725864123963
255.21,306.95,51.73999999999998,4916.206891988792,5.519486799134155,0.16856165499266973,5.9325473521453445
255.21,308.34999999999997,53.13999999999996,4808.519046847952,5.398584312167904,0.17233663045240788,5.802596913812574
255.21,309.75,54.53999999999999,4706.359730610562,5.2838887735607525,0.17607748184019367,5.679317931793181
255.21,311.15,55.93999999999997,4609.313858875583,5.174934162878166,0.1797846697734211,5.562209510189492
255.21,312.54999999999995,57.33999999999995,4517.006885655742,5.071299972668397,0.1834586466165412,5.450819672131152
255.21,313.95,58.73999999999998,4429.099972446375,4.972605784715814,0.187099856665074,5.34473953013279
255.21,315.34999999999997,60.13999999999996,4345.28583205022,4.87850660385115,0.1907087363247184,5.243598270701699
255.21,316.75,61.53999999999999,4265.285139705883,4.788688828680681,0.19428571428571428,5.147058823529412
255.21,318.15,62.93999999999997,4188.843423188753,4.702866760063717,0.19783121169259776,5.054814108674931
255.21,319.54999999999995,64.33999999999995,4115.72835892913,4.6207795654307064,0.20134564230949759,4.966583773702211
255.21,320.95,65.73999999999998,4045.7274136218457,4.542188630988936,0.20482941268110288,4.882111347733497
255.21,322.34999999999997,67.13999999999996,3978.6457808981268,4.466875245198301,0.2082829222894368,4.801161751563899
255.21,323.75,68.53999999999999,3914.304570871024,4.394638566151369,0.2117065637065637,4.723519112926759
255.21,325.15,69.93999999999997,3852.5392171218205,4.325293833077153,0.21510072274334913,4.648984844152132
255.21,326.54999999999995,71.33999999999995,3793.198071257361,4.258670788433099,0.21846577859439587,4.577375946173258
255.21,327.95,72.73999999999998,3736.1411597676674,4.194612282213615,0.22180210397926503,4.508523508386033
255.21,329.34999999999997,74.13999999999996,3681.239081730512,4.132973034389258,0.22511006528009703,4.442271378473161
255.21,330.75,75.53999999999999,3628.3720290905485,4.073618534961882,0.22839002267573694,4.378474980142971
255.21,332.15,76.93999999999997,3577.4289139004436,4.01642406410738,0.23164233027246717,4.317000259942814
255.21,333.54999999999995,78.33999999999995,3528.30658914348,3.961273817383496,0.2348673362314494,4.257722747000257
255.21,334.95,79.73999999999998,3480.9091516365693,3.9080601230903436,0.23806538289296908,4.200526711813394
255.21,336.34999999999997,81.13999999999996,3435.147317100075,3.8566827406535023,0.24123680689757687,4.14530441212719
255.21,337.75,82.53999999999999,3390.9378588260247,3.8070482304098174,0.24438193930421903,4.091955415556094
255.21,339.15,83.93999999999997,3348.2031025196575,3.7590693864597027,0.24750110570544004,4.040385989992854
255.21,340.54999999999995,85.33999999999995,3306.8704708636064,3.7126647253436693,0.2505946263397444,3.990508554019219
255.21,341.95,86.73999999999998,3266.8720721869972,3.667758024235991,0.2536628162011989,3.9422411805395443
255.21,343.34999999999997,88.13999999999996,3228.144328335604,3.624277903149886,0.256705985146352,3.8955071477195387
255.21,344.75,89.53999999999999,3190.627637452536,3.582157446337191,0.2597244379985496,3.8502345320527143
255.21,346.15,90.93999999999997,3154.2660679074133,3.5413338586588226,0.2627184746497182,3.806355839014736
255.21,347.54999999999995,92.33999999999995,3119.0070800682274,3.501748153214581,0.26568839015968915,3.763807667316441
255.21,348.95,93.73999999999998,3084.8012730051214,3.4633448669643214,0.26863447485313074,3.722530403243013
255.21,350.34999999999997,95.13999999999996,3051.602153557916,3.4260718014571863,0.27155701441415714,3.682467941980241
255.21,351.75,96.53999999999999,3019.365925497204,3.3898797861201344,0.274456289978678,3.643567433188316
255.21,353.15,97.93999999999997,2988.051296768431,3.354722461848468,0.2773325782245504,3.6057790483969785
256.55,283.15,26.599999999999966,8817.656646710539,9.899693102852293,0.09394313967861545,10.644736842105276
256.55,284.54999999999995,27.999999999999943,8418.19173187502,9.451208860306522,0.09840098400983988,10.16250000000002
256.55,285.95,29.399999999999977,8056.771094642868,9.045437402765092,0.10281517747858004,9.726190476190483
256.55,287.34999999999997,30.799999999999955,7728.206878977281,8.676554259545616,0.10718635809987809,9.329545454545467
256.55,288.75,32.19999999999999,7428.213464673918,8.339747911388702,0.11151515151515146,8.96739130434783
256.55,290.15,33.599999999999966,7153.219501562508,8.03100875891154,0.11580217129071158,8.635416666666675
256.55,291.54999999999995,34.99999999999994,6900.225055500009,7.746968738632546,0.12004801920768293,8.330000000000013
256.55,292.95,36.39999999999998,6666.691720673082,7.484777950682701,0.12425328554360804,8.048076923076929
256.55,294.34999999999997,37.799999999999955,6450.457151388898,7.242008702581001,0.1284185493460165,7.787037037037045
256.55,295.75,39.19999999999999,6249.667908482147,7.016580115057985,0.13254437869822477,7.544642857142859
256.55,297.15,40.599999999999966,6062.726199568972,6.8066983266744945,0.1366313309776206,7.318965517241385
256.55,298.54999999999995,41.99999999999994,5888.2472712500075,6.610808657516568,0.14067995310668213,7.108333333333342
256.55,299.95,43.39999999999998,5725.025047983876,6.427557031530117,0.14469078179696604,6.911290322580649
256.55,301.34999999999997,44.799999999999955,5572.004213671879,6.255758632167822,0.1486643437862949,6.726562500000006
256.55,302.75,46.19999999999999,5428.257369318185,6.094372257009301,0.15260115606936409,6.5530303030303045
256.55,304.15,47.599999999999966,5292.966221691179,5.942479198036577,0.1565017261219792,6.389705882352946
256.55,305.54999999999995,48.99999999999994,5165.405996785719,5.799265742433725,0.1603665521191293,6.235714285714292
256.55,306.95,50.39999999999998,5044.932451041669,5.6640085899199155,0.1641961231470923,6.09027777777778
256.55,308.34999999999997,51.799999999999955,4930.970988851355,5.536062634839289,0.16799091940976152,5.952702702702707
256.55,309.75,53.19999999999999,4823.007498355264,5.4148506773944804,0.17175141242937852,5.822368421052633
256.55,311.15,54.599999999999966,4720.580597115386,5.299854717767358,0.17547806524184473,5.698717948717952
256.55,312.54999999999995,55.99999999999994,4623.275040937504,5.190608556121594,0.17917133258678597,5.581250000000005
256.55,313.95,57.39999999999998,4530.7160972561005,5.086691475531717,0.18283166109253057,5.469512195121953
256.55,315.34999999999997,58.799999999999955,4442.564722321434,4.987722827350885,0.18645948945615964,5.363095238095242
256.55,316.75,60.19999999999999,4358.51341133721,4.893357372108689,0.19005524861878453,5.261627906976745
256.55,318.15,61.599999999999966,4278.2826144886385,4.803281255741146,0.19361936193619356,5.16477272727273
256.55,319.54999999999995,62.99999999999994,4201.617630833337,4.71720852232327,0.1971522453450163,5.072222222222226
256.55,320.95,64.39999999999998,4128.285907336957,4.634878081662689,0.2006543075245365,4.983695652173915
256.55,322.34999999999997,65.79999999999995,4058.074682712769,4.556051064008947,0.20412595005428869,4.898936170212769
256.55,323.75,67.19999999999999,3990.788925781251,4.480508505424106,0.20756756756756756,4.817708333333334
256.55,325.15,68.59999999999997,3926.2495262755115,4.408049316577424,0.21097954790096873,4.739795918367349
256.55,326.54999999999995,69.99999999999994,3864.2917027500025,4.338488495284611,0.21436227224008564,4.665000000000003
256.55,327.95,71.39999999999998,3804.763597794119,4.27165554933661,0.21771611526147272,4.593137254901962
256.55,329.34999999999997,72.79999999999995,3747.52503533654,4.207393101309688,0.22104144527098823,4.524038461538464
256.55,330.75,74.19999999999999,3692.446418632077,4.145555651321518,0.22433862433862428,4.457547169811321
256.55,332.15,75.59999999999997,3639.407750694447,4.086008477258837,0.22760800842992612,4.39351851851852
256.55,333.54999999999995,76.99999999999994,3588.2977615909113,4.028626654980252,0.2308499475341027,4.331818181818185
256.55,334.95,78.39999999999998,3539.013129241073,3.9732941834973308,0.23406478578892365,4.27232142857143
256.55,336.34999999999997,79.79999999999995,3491.4577822368447,3.919903202241882,0.23725286160249726,4.214912280701756
256.55,337.75,81.19999999999999,3445.542274784484,3.8683532893055843,0.24041450777202067,4.15948275862069
256.55,339.15,82.59999999999997,3401.183225211866,3.8185508310450946,0.2435500515995871,4.105932203389832
256.55,340.54999999999995,83.99999999999994,3358.302810625003,3.770408454726623,0.24665981500513856,4.054166666666669
256.55,341.95,85.39999999999998,3316.8283112704935,3.7238445169759666,0.2497441146366427,4.004098360655739
256.55,343.34999999999997,86.79999999999995,3276.6916989919378,3.678782641733398,0.25280326197757375,3.9556451612903243
256.55,344.75,88.19999999999999,3237.8292648809525,3.6351513022128126,0.25583756345177666,3.908730158730159
256.55,346.15,89.59999999999997,3200.181281835939,3.5928834420522495,0.2588473205257835,3.8632812500000013
256.55,347.54999999999995,90.99999999999994,3163.6916982692323,3.551916131435087,0.2618328298086605,3.819230769230771
256.55,348.95,92.39999999999998,3128.307859659092,3.5121902544729897,0.26479438314944825,3.7765151515151523
256.55,350.34999999999997,93.79999999999995,3093.9802550373147,3.473650224584388,0.26773226773226766,3.735074626865673
256.55,351.75,95.19999999999999,3060.6622858455894,3.436243724986628,0.2706467661691542,3.694852941176471
256.55,353.15,96.59999999999997,3028.310054891305,3.399921471754019,0.2735381565906838,3.6557971014492763
257.89,283.15,25.25999999999999,9281.768309560572,10.420757055754542,0.08921066572488079,11.209422011084722
257.89,284.54999999999995,26.659999999999968,8837.836208608413,9.922348948701485,0.09369179406079764,10.673293323330844
257.89,285.95,28.060000000000002,8438.202392854599,9.473675078987984,0.09812904353908025,10.190662865288665
257.89,287.34999999999997,29.45999999999998,8076.551424490842,9.067645025812105,0.10252305550722107,9.753903598099123
257.89,288.75,30.860000000000014,7747.713894604664,8.698455029308032,0.1068744588744589,9.35677252106286
257.89,290.15,32.25999999999999,7447.417749829509,8.361308801874378,0.11118387041185596,8.9941103533788
257.89,291.54999999999995,33.65999999999997,7172.101676515159,8.052208012254585,0.11545189504373166,8.661616161616168
257.89,292.95,35.06,6918.7731960496285,7.767792967384785,0.11967912613073906,8.35567598402738
257.89,294.34999999999997,36.45999999999998,6684.899453524411,7.50521999946605,0.12386614574486154,8.073230938014266
257.89,295.75,37.860000000000014,6468.322237123612,7.262066057172573,0.1280135249366019,7.811674590596933
257.89,297.15,39.25999999999999,6267.191179814062,7.036253710355969,0.13212182399461547,7.568772287315335
257.89,298.54999999999995,40.65999999999997,6079.91076098131,6.825991648120927,0.1361915926980405,7.342597147073295
257.89,299.95,42.06,5905.09789261769,6.629727060309521,0.14022337056176026,7.131478839752734
257.89,301.34999999999997,43.45999999999998,5741.547703301891,6.446107222748277,0.14421768707482985,6.933962264150946
257.89,302.75,44.860000000000014,5588.205729101646,6.2739482756277605,0.14817506193228747,6.748773963441817
257.89,304.15,46.25999999999999,5444.145154118029,6.112209671177757,0.15209600526056222,6.574794638996974
257.89,305.54999999999995,47.65999999999997,5308.548062347884,5.9599731248993875,0.15598101783668783,6.411036508602605
257.89,306.95,49.06,5180.689899582145,5.8164251707445205,0.1598305913015149,6.256624541377904
257.89,308.34999999999997,50.45999999999998,5059.926521908443,5.68084262030812,0.16364520836711527,6.110780816488309
257.89,309.75,51.860000000000014,4945.683342026609,5.552580377261266,0.16742534301856338,5.972811415349015
257.89,311.15,53.25999999999999,4837.4461873732635,5.431061173653602,0.17117146071026834,5.842095381149081
257.89,312.54999999999995,54.65999999999997,4734.753563144896,5.31576688351285,0.17488401855703084,5.71807537504574
257.89,313.95,56.06,4637.190074625401,5.206231138009882,0.17856346551998725,5.600249732429539
257.89,315.34999999999997,57.45999999999998,4544.380811094677,5.102033020202848,0.182210242587601,5.488165680473374
257.89,316.75,58.860000000000014,4455.986531218145,5.002791659613949,0.18582478295185478,5.3814135236153575
257.89,318.15,60.25999999999999,4371.699519573516,4.9081615803003436,0.18940751217978935,5.279621639561899
257.89,319.54999999999995,61.65999999999997,4291.240007646776,4.817828682661699,0.192958848380535,5.182452156989947
257.89,320.95,63.06,4214.35307157469,4.731506760497013,0.19647920236797012,5.0895972090072945
257.89,322.34999999999997,64.45999999999998,4140.805934152963,4.648934471935515,0.1999689778191407,5.00077567483711
257.89,323.75,65.86000000000001,4070.3856109550547,4.5698726967049,0.20342857142857151,4.91573033707865
257.89,325.15,67.25999999999999,4002.896850423729,4.494102223446423,0.20685837305858834,4.834225393993458
257.89,326.54999999999995,68.65999999999997,3938.1603259758253,4.421421719968368,0.2102587658857754,4.756044276143316
257.89,327.95,70.06,3876.0110448686846,4.3516459468605415,0.2136301265436804,4.6809877248073075
257.89,329.34999999999997,71.45999999999998,3816.2969441015957,4.284604181095314,0.21697282526187944,4.608872096277639
257.89,330.75,72.86000000000001,3758.8776481951686,4.220138821371021,0.22028722600151174,4.539527861652483
257.89,332.15,74.25999999999999,3703.623367485861,4.158104151213496,0.2235736865873852,4.472798276326421
257.89,333.54999999999995,75.65999999999997,3650.4139187351325,4.098365239401743,0.22683255883675602,4.408538197197992
257.89,334.95,77.06,3599.1378524980537,4.040796960253793,0.23006418868487832,4.34661302880872
257.89,336.34999999999997,78.45999999999998,3549.6916739166454,3.9852831188016675,0.23326891630741786,4.286897782309458
257.89,337.75,79.86000000000001,3501.9791454733277,3.931715667983976,0.23644707623982242,4.229276233408464
257.89,339.15,81.25999999999999,3455.910661820083,3.8799940067588223,0.23959899749373437,4.173640167364017
257.89,340.54999999999995,82.65999999999997,3411.402688138158,3.830024349543233,0.24272500367053285,4.1198887007016705
257.89,341.95,84.06,3368.3772546216983,3.781719158663633,0.2458254130720866,4.067927670711397
257.89,343.34999999999997,85.45999999999998,3326.7615006494266,3.7349966325916992,0.2489005388087957,4.017669084952025
257.89,344.75,86.86000000000001,3286.4872630382215,3.6897802436715184,0.2519506889050037,3.9690306239926314
257.89,346.15,88.25999999999999,3247.490703484024,3.645998319842847,0.25497616640184895,3.921935191479719
257.89,347.54999999999995,89.65999999999997,3209.71197090676,3.6035836655515436,0.2579772694576319,3.876310506357351
257.89,348.95,91.06,3173.094894942895,3.5624732176298357,0.2609542914457659,3.8320887327037116
257.89,350.34999999999997,92.45999999999998,3137.586707284231,3.5226077324399134,0.2639075210503782,3.7892061431970587
257.89,351.75,93.86000000000001,3103.1377879554652,3.483931501016577,0.26683724235963047,3.747602812699765
257.89,353.15,95.25999999999999,3069.7014339649377,3.446392089328548,0.26974373495681725,3.7072223388620618
259.23,283.15,23.91999999999996,9797.879105204865,11.000201083647541,0.0844781917711459,11.83737458193982
259.23,284.54999999999995,25.319999999999936,9301.898031220402,10.443356945346808,0.08898260411175518,11.2381516587678
259.23,285.95,26.71999999999997,8857.891021875012,9.944864737706311,0.09344290959958024,10.70172155688624
259.23,287.34999999999997,28.119999999999948,8458.095236788778,9.496009023003007,0.09785975291456395,10.218705547652934
259.23,288.75,29.519999999999982,8096.220461128059,9.089727698583202,0.10223376623376612,9.781504065040657
259.23,290.15,30.91999999999996,7767.11571689846,8.720237697202716,0.106565569533,9.383893919793026
259.23,291.54999999999995,32.319999999999936,7466.522522292713,8.382757968219055,0.11085577087978027,9.020730198019818
259.23,292.95,33.71999999999997,7190.889616681501,8.073301467027619,0.11510496671786985,8.687722419928832
259.23,294.34999999999997,35.11999999999995,6937.231999672564,7.788516896455106,0.11931374214370627,8.381264236902062
259.23,295.75,36.51999999999998,6703.022392730015,7.525566849365684,0.1234826711749788,8.098302300109532
259.23,297.15,37.91999999999996,6486.106744106021,7.282032944993849,0.12761231701161013,7.836234177215197
259.23,298.54999999999995,39.319999999999936,6284.637784600719,7.055841231167305,0.13170323228939862,7.592828077314355
259.23,299.95,40.71999999999997,6097.022289894403,6.8452029750694985,0.13575595932655438,7.3661591355599265
259.23,301.34999999999997,42.11999999999995,5921.878860363256,6.648567262112109,0.1397710303633647,7.154558404558412
259.23,302.75,43.51999999999998,5758.0038500114915,6.464582743922186,0.1437489677952105,6.956571691176474
259.23,304.15,44.91999999999996,5604.343666662963,6.292066539421762,0.147690284399145,6.770926090828144
259.23,305.54999999999995,46.319999999999936,5459.9720954339455,6.129978775607888,0.15159548355424624,6.596502590673583
259.23,306.95,47.71999999999997,5324.071613883071,5.977401609838409,0.15546505945593736,6.432313495389778
259.23,308.34999999999997,49.11999999999995,5195.917902453181,5.833521839511824,0.1592994973244688,6.277483713355055
259.23,309.75,50.51999999999998,5074.866930374112,5.697616403249255,0.16309927360774812,6.131235154394301
259.23,311.15,51.91999999999996,4960.344130903316,5.569040227802083,0.16686485617869184,5.992873651771961
259.23,312.54999999999995,53.319999999999936,4851.835281892352,5.4472159895501875,0.1705967045272755,5.8617779444861275
259.23,313.95,54.71999999999997,4748.8787862664485,5.331625447700065,0.17429526994744382,5.737390350877196
259.23,315.34999999999997,56.11999999999995,4651.059107956168,5.22180207472344,0.17796099571904223,5.619208838203853
259.23,316.75,57.51999999999998,4558.0011664203785,5.117324763018276,0.18159431728492492,5.506780250347707
259.23,318.15,58.91999999999996,4469.365530320778,5.017812428787221,0.18519566242338503,5.399694501018334
259.23,319.54999999999995,60.319999999999936,4384.844280512273,4.9229193673653,0.1887654514160536,5.297579575596822
259.23,320.95,61.71999999999997,4304.15743607421,4.832331240680599,0.1923040972114035,5.200097213221
259.23,322.34999999999997,63.11999999999995,4227.049855964833,4.74576159870308,0.19581200558399237,5.106939163498103
259.23,323.75,64.51999999999998,4153.288544056108,4.662948853773557,0.19928957528957525,5.017823930564168
259.23,325.15,65.91999999999996,4082.660297580402,4.583653640485463,0.20273719821620784,4.932493932038837
259.23,326.54999999999995,67.31999999999994,4014.969648997329,4.507656504993071,0.20615525953146518,4.850713012477723
259.23,327.95,68.71999999999997,3950.0370594368474,4.4347558767675395,0.209544137825888,4.772264260768337
259.23,329.34999999999997,70.11999999999995,3887.6973285581894,4.364766283325687,0.21290420525277043,4.696948088990306
259.23,330.75,71.51999999999998,3827.7981911703023,4.2975167746382645,0.21623582766439908,4.624580536912753
259.23,332.15,72.91999999999996,3770.199075514265,4.232849529038133,0.21953936474484403,4.55499177180472
259.23,333.54999999999995,74.31999999999994,3714.7700018904766,4.170618616695269,0.2228151701394092,4.4880247578040935
259.23,334.95,75.71999999999997,3661.3906034667207,4.110688900265769,0.2260635915808329,4.42353407290016
259.23,336.34999999999997,77.11999999999995,3609.949253740925,4.052935055283401,0.22928497101233825,4.361384854771787
259.23,337.75,78.51999999999998,3560.3422873471736,3.997240695348797,0.23247964470762394,4.30145185939888
259.23,339.15,79.91999999999996,3512.4733027590114,3.9434975892657587,0.2356479433878813,4.243618618618621
259.23,340.54999999999995,81.31999999999994,3466.2525370204157,3.8916049590439155,0.23879019233592702,4.187776684702413
259.23,341.95,82.71999999999997,3421.596303971229,3.841468849187413,0.2419067115075303,4.133824951644102
259.23,343.34999999999997,84.11999999999995,3378.4264885699026,3.7930015589647494,0.24499781564001732,4.081669044222541
259.23,344.75,85.51999999999998,3336.670090885174,3.746121130442544,0.24806381435823055,4.031220767072031
259.23,346.15,86.91999999999996,3296.2588141566966,3.7007508859960665,0.25110501227791415,3.9823976069949394
259.23,347.54999999999995,88.31999999999994,3257.1286920346483,3.6568190098064983,0.25412170910660326,3.935122282608698
259.23,348.95,89.71999999999997,3219.219750718905,3.614258168540367,0.25711419974208327,3.889322336156934
259.23,350.34999999999997,91.11999999999995,3182.4757022442955,3.5730051669970755,0.2600827743684885,3.844929762949958
259.23,351.75,92.51999999999998,3146.8436656128415,3.533000635020592,0.26302771855010654,3.8018806744487685
259.23,353.15,93.91999999999996,3112.2739128673356,3.494188742413086,0.26594931332295046,3.760114991482114
260.57,283.15,22.579999999999984,10375.24662947299,11.648418804842246,0.07974571781741124,12.539858281665198
260.57,284.54999999999995,23.97999999999996,9817.823310237713,11.022592691408681,0.08427341416271295,11.866138448707273
260.57,285.95,25.379999999999995,9321.896653486998,10.46580964801504,0.08875677566008044,11.26674546887313
260.57,287.34999999999997,26.779999999999973,8877.821925000006,9.967241411249585,0.09319645032190704,10.730022404779696
260.57,288.75,28.180000000000007,8477.871016234922,9.518211537257125,0.09759307359307356,10.246628814762241
260.57,290.15,29.579999999999984,8115.778881795135,9.111686181424874,0.10194726865414439,9.808992562542263
260.57,291.54999999999995,30.97999999999996,7786.412957052945,8.741902949425109,0.1062596467158291,9.410910264686905
260.57,292.95,32.379999999999995,7485.528335253242,8.404096031495724,0.11053080730500087,9.047251389746759
260.57,294.34999999999997,33.77999999999997,7209.583824200715,8.094289686988565,0.11476133854255133,8.71373593842511
260.57,295.75,35.18000000000001,6955.601923465035,7.809141039031138,0.11895181741335592,8.406765207504263
260.57,297.15,36.579999999999984,6721.060955535816,7.5458189688288035,0.12310281002860501,8.12329141607436
260.57,298.54999999999995,37.97999999999996,6503.8110542259155,7.301909794797255,0.12721487188075686,7.860716166403377
260.57,299.95,39.379999999999995,6302.008073273234,7.075343070925378,0.1312885480913486,7.616810563737938
260.57,301.34999999999997,40.77999999999997,6114.061108668467,6.864332669438045,0.13532437365189975,7.389651790093187
260.57,302.75,42.18000000000001,5938.590471728307,6.667329596641189,0.13932287365813378,7.177572309151255
260.57,304.15,43.579999999999984,5774.393762815516,6.482983903464147,0.143284563537728,6.979118861863242
260.57,305.54999999999995,44.97999999999996,5620.418280780351,6.3101137091954085,0.14720994927180486,6.7930191196087195
260.57,306.95,46.379999999999995,5475.7384293984505,6.147679835408612,0.15109952761035994,6.618154376886589
260.57,308.34999999999997,47.77999999999997,5339.537095887403,5.994764899390819,0.15495378628182255,6.453537044788617
260.57,309.75,49.18000000000001,5211.0902099938985,5.85055597843707,0.15877320419693308,6.298291988613257
260.57,311.15,50.579999999999984,5089.75386740807,5.714330153147041,0.16255825164711546,6.151640964808226
260.57,312.54999999999995,51.97999999999996,4974.953534041944,5.585442386933809,0.16630939049752025,6.012889572912663
260.57,313.95,53.379999999999995,4866.17494914762,5.463315312841159,0.1700270743749005,5.881416260771825
260.57,315.34999999999997,54.77999999999997,4762.956423357065,5.347430586456793,0.17371174885048357,5.7566630156991625
260.57,316.75,56.18000000000001,4664.882288314347,5.237321531732734,0.17736385161799528,5.638127447490209
260.57,318.15,57.579999999999984,4571.577301901703,5.132566859662853,0.18098381266698094,5.525356026398056
260.57,319.54999999999995,58.97999999999996,4482.701850279758,5.032785281553562,0.18457205445157243,5.417938284164126
260.57,320.95,60.379999999999995,4397.947817414706,4.937630871690475,0.18812899205483724,5.315501821795297
260.57,322.34999999999997,61.77999999999997,4317.03501621075,4.846789060526271,0.19165503334884437,5.21770799611525
260.57,323.75,63.18000000000001,4239.708094135802,4.759973160588078,0.1951505791505792,5.124248179803735
260.57,325.15,64.57999999999998,4165.733841336328,4.6769213442644295,0.19861602337382744,5.034840507897183
260.57,326.54999999999995,65.97999999999996,4094.8988414595347,4.59739400635403,0.20205175317715507,4.949227038496517
260.57,327.95,67.38,4027.007415338379,4.521171455415267,0.2054581491080958,4.867171267438409
260.57,329.34999999999997,68.77999999999997,3961.879815811283,4.448051887067793,0.20883558524366175,4.788455946496076
260.57,330.75,70.18,3899.3506386078648,4.3778495998741045,0.21218442932728654,4.712881162724423
260.57,332.15,71.57999999999998,3839.2674197191973,4.310393420589645,0.2155050429023031,4.640262643196424
260.57,333.54999999999995,72.97999999999996,3781.4893942107456,4.245525310666605,0.21879778144206252,4.570430254864348
260.57,334.95,74.38,3725.8863952070456,4.183099130130286,0.22206299447678757,4.503226673837053
260.57,336.34999999999997,75.77999999999997,3672.337874920825,4.122979538476282,0.22530102571725874,4.43850620216416
260.57,337.75,77.18,3620.7320322298533,4.065041015190135,0.22851221317542558,4.376133713397253
260.57,339.15,78.57999999999998,3570.9650335136175,4.009166984970941,0.23169688928202858,4.315983710867906
260.57,340.54999999999995,79.97999999999996,3522.940315322582,3.9552490348294396,0.2348553810013213,4.257939484871219
260.57,341.95,81.38,3476.56795902556,3.903186211996811,0.2379880099429741,4.201892356844434
260.57,343.34999999999997,82.77999999999997,3431.7641289139906,3.852884393077344,0.24109509247123917,4.147741000241605
260.57,344.75,84.18,3388.4505663756236,3.804255716150919,0.2441769398114576,4.095390829175575
260.57,346.15,85.57999999999998,3346.5541337169907,3.7572180686168077,0.24723385815397947,4.044753447067072
260.57,347.54999999999995,86.97999999999996,3306.006402040701,3.7116946244983726,0.2502661487555746,3.9957461485398955
260.57,348.95,88.38,3266.7432782926007,3.6676134257242623,0.2532741080384009,3.9482914686580677
260.57,350.34999999999997,89.77999999999997,3228.704667203164,3.6249070025857906,0.2562580276865991,3.9023167743372698
260.57,351.75,91.18,3191.8341643726694,3.5835120291598397,0.25921819474058283,3.8577538933976747
260.57,353.15,92.57999999999998,3156.0787772035005,3.543369009996071,0.2621548916890839,3.8145387772737096
261.90999999999997,283.15,21.24000000000001,11025.464669985864,12.37842670931387,0.07501324386367658,13.330979284369109
261.90999999999997,284.54999999999995,22.639999999999986,10394.821016276503,11.670395213064445,0.07956422421367071,12.568462897526507
261.90999999999997,285.95,24.04000000000002,9837.630034380198,11.044829947659366,0.08407064172058054,11.894758735440922
261.90999999999997,287.34999999999997,25.439999999999998,9341.765103950474,10.488116205176237,0.08853314772925003,11.295204402515722
261.90999999999997,288.75,26.840000000000032,8897.629748975405,9.989479902296402,0.09295238095238101,10.758196721311462
261.90999999999997,290.15,28.24000000000001,8497.530477354816,9.540283459475486,0.09732896777528866,10.274433427762036
261.90999999999997,291.54999999999995,29.639999999999986,8135.227358248993,9.133521228526993,0.10166352255187783,9.8363697705803
261.90999999999997,292.95,31.04000000000002,7805.606221536718,8.763451466865071,0.10595664789213188,9.437822164948447
261.90999999999997,294.34999999999997,32.44,7504.435737808263,8.425323608182623,0.11020893494139627,9.07367447595561
261.90999999999997,295.75,33.84000000000003,7228.1847976507,8.115173231897046,0.11442096365173304,8.739657210401884
261.90999999999997,297.15,35.24000000000001,6973.883421410327,7.829665904805577,0.1185933030455999,8.432179341657205
261.90999999999997,298.54999999999995,36.639999999999986,6739.015556454695,7.565976823234192,0.12272651147211522,8.148198689956333
261.90999999999997,299.95,38.04000000000002,6521.435546963721,7.321697032630202,0.1268211368561427,7.885120925341741
261.90999999999997,301.34999999999997,39.44,6319.3023941303245,7.0947596206695005,0.1308777169404347,7.640720081135902
261.90999999999997,302.75,40.84000000000003,6131.027537769341,6.88338109101756,0.13489677952105705,7.413075416258565
261.90999999999997,304.15,42.24000000000001,5955.233022265621,6.686014395717549,0.13887884267631112,7.200520833333331
261.90999999999997,305.54999999999995,43.639999999999986,5790.717714906053,6.501311008090325,0.14282441498936338,7.0016040329972515
261.90999999999997,306.95,45.04000000000002,5636.429824522643,6.328090069072238,0.14673399576478263,6.815053285968025
261.90999999999997,308.34999999999997,46.44,5491.444390923772,6.165313114318818,0.1506080752391763,6.639750215331611
261.90999999999997,309.75,47.84000000000003,5354.944726849913,6.012063238856981,0.15444713478611793,6.474707357859527
261.90999999999997,311.15,49.24000000000001,5226.207025802191,5.8675278161021565,0.15825164711553918,6.319049553208772
261.90999999999997,312.54999999999995,50.639999999999986,5104.587523074646,5.730984083389071,0.16202207646776512,6.17199842022117
261.90999999999997,313.95,52.04000000000002,4989.511729179474,5.601787054203967,0.16575887880235718,6.03285933897002
261.90999999999997,315.34999999999997,53.44,4880.46535562313,5.479359330440248,0.1694625019819248,5.901010479041916
261.90999999999997,316.75,54.84000000000003,4776.986630607217,5.363182475140022,0.17313338595106564,5.775893508388035
261.90999999999997,318.15,56.24000000000001,4678.659762455546,5.252789673802117,0.17677196291057684,5.6570056899004255
261.90999999999997,319.54999999999995,57.639999999999986,4585.10935562977,5.147759465173201,0.18037865748709125,5.543893129770993
261.90999999999997,320.95,59.04000000000002,4495.995621214429,5.047710363999583,0.18395388689827086,5.436144986449863
261.90999999999997,322.34999999999997,60.44,4411.010253052615,4.952296231113298,0.18749806111369627,5.333388484447386
261.90999999999997,323.75,61.84000000000003,4329.872864044304,4.861202272419787,0.19101158301158316,5.235284605433374
261.90999999999997,325.15,63.24000000000001,4252.327895801707,4.774141569329411,0.19449484853144705,5.1415243516761535
261.90999999999997,326.54999999999995,64.63999999999999,4178.14192989635,4.69085206006102,0.19794824682284484,5.051825495049505
261.90999999999997,327.95,66.04000000000002,4107.101341103875,4.611093904910604,0.20137216039030348,4.965929739551785
261.90999999999997,329.34999999999997,67.44,4039.0102429492877,4.5346471796893315,0.20476696523455296,4.883600237247924
261.90999999999997,330.75,68.84000000000003,3973.68868394102,4.4613098506130235,0.208133030990174,4.804619407321322
261.90999999999997,332.15,70.24000000000001,3910.9710595173688,4.390895991374614,0.21147072105976217,4.728787015945329
261.90999999999997,333.54999999999995,71.63999999999999,3850.7047101968174,4.323234209270032,0.21478039274471594,4.655918481295366
261.90999999999997,334.95,73.04000000000002,3792.7486809487946,4.258166252328275,0.21806239737274224,4.585843373493974
261.90999999999997,336.34999999999997,74.44,3736.9726205601814,4.195545773616461,0.22131708042217935,4.518404083825899
261.90999999999997,337.75,75.84000000000003,3683.2558029074353,4.135237232409829,0.22454478164322733,4.453454641350209
261.90999999999997,339.15,77.24000000000001,3631.4862546672707,4.077114914861649,0.22774583517617575,4.390859658208181
261.90999999999997,340.54999999999995,78.63999999999999,3581.559976201679,4.021062059281103,0.2309205696667156,4.330493387589013
261.90999999999997,341.95,80.04000000000002,3533.380244209144,3.9669700732111193,0.234069308378418,4.272238880559719
261.90999999999997,343.34999999999997,81.44,3486.8569863028,3.9147378312594587,0.23719236930246101,4.215987229862475
261.90999999999997,344.75,82.84000000000003,3441.9062190065174,3.864271044129917,0.24029006526468466,4.161636890391113
261.90999999999997,346.15,84.24000000000001,3398.4495417913104,3.815481690570686,0.24336270403004479,4.1090930674264
261.90999999999997,347.54999999999995,85.63999999999999,3356.4136807391405,3.7682875050400138,0.2464105884045461,4.058267164876226
261.90999999999997,348.95,87.04000000000002,3315.7300762465525,3.722611514815934,0.2494340163347185,4.009076286764705
261.90999999999997,350.34999999999997,88.44,3276.334509888059,3.678381621071134,0.25243328100470963,3.9614427860696515
261.90999999999997,351.75,89.84000000000003,3238.1667661676297,3.635530219117132,0.2554086709310591,3.915293855743543
261.90999999999997,353.15,91.24000000000001,3201.170325411004,3.5939938536106477,0.25836047005521734,3.8705611573871104
263.25,283.15,19.899999999999977,11763.249763190961,13.206747236096284,0.0702807699099417,14.228643216080417
263.25,284.54999999999995,21.299999999999955,11044.417494718327,12.399705282045948,0.07485503426462825,13.35915492957749
263.25,285.95,22.69999999999999,10414.251761563888,11.6922103531648,0.07938450778108053,12.596916299559478
263.25,287.34999999999997,24.099999999999966,9857.300304460594,11.066914005232507,0.0838698451365929,11.923236514522838
263.25,288.75,25.5,9361.504301470586,10.510277648445701,0.08831168831168834,11.323529411764707
263.25,290.15,26.899999999999977,8917.315317379189,10.01158113548803,0.09271066689643281,10.78624535315986
263.25,291.54999999999995,28.299999999999955,8517.074359982347,9.562225620278822,0.09706739838792644,10.30212014134277
263.25,292.95,29.69999999999999,8154.566556818182,9.155233587984934,0.10138248847926268,9.863636363636367
263.25,294.34999999999997,31.099999999999966,7824.696112138272,8.784883925158047,0.10565653134024111,9.464630225080395
263.25,295.75,32.5,7523.245274999997,8.446441310205453,0.10989010989010994,9.1
263.25,297.15,33.89999999999998,7246.693032079653,8.13595265754985,0.11408379606259456,8.765486725663722
263.25,298.54999999999995,35.299999999999955,6992.076944405106,7.8500920000057315,0.11823815106347335,8.457507082152985
263.25,299.95,36.69999999999999,6756.886607288829,7.586040874917288,0.12235372562093683,8.173024523160764
263.25,301.34999999999997,38.099999999999966,6538.980599409454,7.341395081856353,0.12643106022896955,7.909448818897644
263.25,302.75,39.5,6336.5210933544295,7.1140912690630165,0.1304706853839802,7.6645569620253164
263.25,304.15,40.89999999999998,6147.9218957824,6.902348597487817,0.1344731218148939,7.436430317848414
263.25,305.54999999999995,42.299999999999955,5971.806805851071,6.704621989279298,0.13843888070692179,7.2234042553191555
263.25,306.95,43.69999999999999,5806.975977974828,6.51956436283241,0.1423684639192051,7.024027459954235
263.25,308.34999999999997,45.099999999999966,5652.378549611977,6.345995901663834,0.14626236419652983,6.837028824833707
263.25,309.75,46.5,5507.090213709677,6.1828788747161525,0.15012106537530268,6.661290322580645
263.25,311.15,47.89999999999998,5370.294724164928,6.029296872308215,0.1539450425839627,6.495824634655535
263.25,312.54999999999995,49.299999999999955,5241.268552484792,5.884437579976189,0.15773476243800977,6.339756592292094
263.25,313.95,50.69999999999999,5119.368086538463,5.747578406352827,0.16149068322981364,6.192307692307693
263.25,315.34999999999997,52.099999999999966,5004.018893234167,5.618074428240897,0.16521325511336604,6.052783109404993
263.25,316.75,53.5,4894.706667056074,5.495348228422672,0.16890292028413578,5.920560747663552
263.25,318.15,54.89999999999998,4790.969563524592,5.378881288340172,0.17256011315417252,5.795081967213116
263.25,319.54999999999995,56.299999999999955,4692.391676509771,5.268206664993568,0.17618526052260985,5.675843694493787
263.25,320.95,57.69999999999999,4598.597465121319,5.1629027339410785,0.17977878174170425,5.562391681109187
263.25,322.34999999999997,59.099999999999966,4509.2469727157395,5.062587821618659,0.18334108887854805,5.454314720812185
263.25,323.75,60.5,4424.031709710744,4.966915582924378,0.1868725868725869,5.351239669421488
263.25,325.15,61.89999999999998,4342.671095113087,4.87557100607734,0.19037367368906655,5.252827140549274
263.25,326.54999999999995,63.299999999999955,4264.909370260665,4.788266947637437,0.19384474046853462,5.158767772511851
263.25,327.95,64.69999999999999,4190.512913253478,4.704741117383493,0.19728617167251106,5.068778979907265
263.25,329.34999999999997,66.09999999999997,4119.267894667174,4.624753446353625,0.20069834522544394,4.982602118003028
263.25,330.75,67.5,4050.9782250000003,4.548083782418323,0.20408163265306123,4.9
263.25,332.15,68.89999999999998,3985.463752358491,4.474529866799698,0.20743639921722112,4.820754716981133
263.25,333.54999999999995,70.29999999999995,3922.558675497868,4.4039055523721435,0.21076300404736914,4.744665718349931
263.25,334.95,71.69999999999999,3862.1101427824274,4.336039230697684,0.2140618002686968,4.6715481171548126
263.25,336.34999999999997,73.09999999999997,3803.9770121409056,4.270772439812401,0.21733313512709962,4.6012311901504805
263.25,337.75,74.5,3748.0287508389265,4.207958628987231,0.22057735011102886,4.533557046979865
263.25,339.15,75.89999999999998,3694.1444570158114,4.14746206019514,0.2237947810703228,4.468379446640317
263.25,340.54999999999995,77.29999999999995,3642.2119875485137,4.089156828953086,0.22698575833210977,4.405562742561451
263.25,341.95,78.69999999999999,3592.1271790025417,4.032925989673899,0.23015060681386168,4.344980940279543
263.25,343.34999999999997,80.09999999999997,3543.7931502809006,3.978660772741552,0.23328964613368275,4.286516853932586
263.25,344.75,81.5,3497.11967714724,3.9262598822804984,0.2364031907179115,4.230061349693251
263.25,346.15,82.89999999999998,3452.02263012666,3.875628865079892,0.23949154990611,4.1755126658624855
263.25,347.54999999999995,84.29999999999995,3408.423468416372,3.8266795424007767,0.24255502805351736,4.122775800711746
263.25,348.95,85.69999999999999,3366.2487834014014,3.7793294974754703,0.2455939246310359,4.071761960326722
263.25,350.34999999999997,87.09999999999997,3325.4298861940315,3.733501612432953,0.24860853432281993,4.022388059701494
263.25,351.75,88.5,3285.902434322034,3.68912364917709,0.2515991471215352,3.9745762711864407
263.25,353.15,89.89999999999998,3247.60609329811,3.646127869426417,0.25456604842135067,3.928253615127921
264.59,283.15,18.560000000000002,12607.568479768324,14.154674390668378,0.06554829595620693,15.255926724137927
264.59,284.54999999999995,19.95999999999998,11781.234342009036,13.226938747063025,0.0701458443155859,14.25601202404811
264.59,285.95,21.360000000000014,11063.221158637634,12.420816390072565,0.07469837384158073,13.387172284644185
264.59,287.34999999999997,22.75999999999999,10433.540001340067,11.713865500550204,0.079206542543936,12.625219683655539
264.59,288.75,24.160000000000025,9876.835137106775,11.088846005508897,0.08367099567099578,11.951572847682106
264.59,290.15,25.560000000000002,9381.115156279346,10.532294999752269,0.08809236601757708,11.351721439749607
264.59,291.54999999999995,26.95999999999998,8936.879446457719,10.033546027234443,0.09247127422397527,10.814169139465882
264.59,292.95,28.360000000000014,8536.503397690409,9.58403884325857,0.09680832906639358,10.329689703808175
264.59,294.34999999999997,29.75999999999999,8173.797138457667,9.176824001861082,0.10110412773908606,9.89079301075269
264.59,295.75,31.160000000000025,7843.683226010907,8.806200994735496,0.10535925612848696,9.49133504492939
264.59,297.15,32.56,7541.957487853194,8.467449744979447,0.10957428907958944,9.1262285012285
264.59,298.54999999999995,33.95999999999998,7265.109019037109,8.156628515815772,0.1137497906548316,8.791224970553596
264.59,299.95,35.360000000000014,7010.182940285627,7.870419827422956,0.11788631438573105,8.482748868778277
264.59,301.34999999999997,36.75999999999999,6774.674517151799,7.606011583195014,0.1219844035175045,8.197769314472254
264.59,302.75,38.160000000000025,6556.446586281441,7.361004363176649,0.12604459124690348,7.9337002096436
264.59,304.15,39.56,6353.6645150278055,7.1333384024113675,0.1300674009534769,7.688321536905964
264.59,305.54999999999995,40.95999999999998,6164.744499426271,6.921235544432773,0.1340533464244804,7.459716796875003
264.59,306.95,42.360000000000014,5988.312114695465,6.723152705395155,0.13800293207362768,7.2462228517469285
264.59,308.34999999999997,43.75999999999999,5823.168822223492,6.537744271049165,0.14191665315388358,7.0463893967093245
264.59,309.75,45.160000000000025,5668.264706432682,6.363831488079804,0.14579499596448753,6.85894596988485
264.59,311.15,46.56,5522.676130251289,6.200377377625787,0.1496384380523863,6.682774914089347
264.59,312.54999999999995,47.95999999999998,5385.587304138867,6.046466042594439,0.15344744840825464,6.5168890742285255
264.59,313.95,49.360000000000014,5256.274991663288,5.901285496422239,0.15722248765727032,6.36041329011345
264.59,315.34999999999997,50.75999999999999,5134.095746069739,5.76411333341163,0.1609640082448074,6.212568951930654
264.59,316.75,52.160000000000025,5018.475202310198,5.634304706758951,0.16467245461720603,6.072661042944782
264.59,318.15,53.56,4908.8990484410015,5.511282192029865,0.16834826339776832,5.9400672143390585
264.59,319.54999999999995,54.95999999999998,4804.905376937774,5.394527199885229,0.17199186355812857,5.814228529839885
264.59,320.95,56.360000000000014,4706.078175984741,5.283572668670418,0.17560367658513787,5.694641589779984
264.59,322.34999999999997,57.75999999999999,4612.041767321675,5.177996819716712,0.17918411664340006,5.580851800554017
264.59,323.75,59.160000000000025,4522.456033848881,5.0774177993138885,0.18273359073359086,5.472447599729545
264.59,325.15,60.56,4437.012309189234,4.981489063870252,0.18625249884668615,5.369055482166446
264.59,326.54999999999995,61.95999999999998,4355.429824507749,4.88989539071264,0.1897412341142244,5.270335700451906
264.59,327.95,63.360000000000014,4277.452626396779,4.802349417757695,0.19320018295471875,5.175978535353534
264.59,329.34999999999997,64.75999999999999,4202.846894541385,4.718588632021315,0.19662972521633515,5.085701050030884
264.59,330.75,66.16000000000003,4131.398599947096,4.638372740481751,0.20003023431594869,4.999244256348245
264.59,332.15,67.56,4062.911454329483,4.561481367833707,0.2034020773746802,4.916370633510953
264.59,333.54999999999995,68.95999999999998,3997.2051092879938,4.487712034678336,0.20674561535002245,4.836861948955917
264.59,334.95,70.36000000000001,3934.113570473279,4.41687837708912,0.2100612031646515,4.760517339397384
264.59,336.34999999999997,71.75999999999999,3873.4837973871236,4.348808574589787,0.21334918983202023,4.687151616499443
264.59,337.75,73.16000000000003,3815.174463948877,4.2833439586267845,0.2166099185788306,4.6165937670858375
264.59,339.15,74.56,3759.054858697694,4.220337777812612,0.21984372696446997,4.548685622317596
264.59,340.54999999999995,75.95999999999998,3705.0039066153236,4.159654099714071,0.22305094699750405,4.483280674038968
264.59,341.95,77.36000000000001,3652.909297162616,4.101166831887971,0.22623190524930548,4.420243019648396
264.59,343.34999999999997,78.75999999999999,3602.666705313611,4.044758847326385,0.2293869229649046,4.3594464195022855
264.59,344.75,80.16000000000003,3554.1790942178136,3.9903212015468883,0.23251631617113855,4.300773453093811
264.59,346.15,81.56,3507.3560896824415,3.9377524303159777,0.23562039578217542,4.244114762138302
264.59,347.54999999999995,82.95999999999998,3462.113417990598,3.8869579184805185,0.23869946770248884,4.18936837029894
264.59,348.95,84.36000000000001,3418.3723996977233,3.837849331646708,0.24175383292735353,4.136439070649597
264.59,350.34999999999997,85.75999999999999,3376.059493009562,3.7903441035248253,0.24478378764093045,4.085237873134329
264.59,351.75,87.16000000000003,3335.105881166818,3.744364972680833,0.2477896233120115,4.035681505277649
264.59,353.15,88.56,3295.4470989668016,3.6998395632275756,0.2507716267874841,3.9876919602529357
265.93,283.15,17.21999999999997,13583.291038414667,15.250130277775533,0.06081582200247204,16.443089430894336
265.93,284.54999999999995,18.619999999999948,12624.102164097787,14.173236964295258,0.06543665436654345,15.281954887218086
265.93,285.95,20.019999999999982,11799.065579895116,13.246958100252739,0.07001223990208072,14.283216783216796
265.93,287.34999999999997,21.41999999999996,11081.876915196104,12.44176144066027,0.07454323995127876,13.415032679738585
265.93,288.75,22.819999999999993,10452.68685966258,11.73536191721408,0.079030303030303,12.653374233128838
265.93,290.15,24.21999999999997,9896.235538872847,11.110627078559387,0.08347406513872124,11.979768786127181
265.93,291.54999999999995,25.619999999999948,9400.59857008198,10.554169271451645,0.08787515006002389,11.379781420765049
265.93,292.95,27.019999999999982,8956.322945207265,10.055375485805843,0.09223416965352438,10.841968911917105
265.93,294.34999999999997,28.41999999999996,8555.818317857156,9.605723945051258,0.0965517241379309,10.35714285714287
265.93,295.75,29.819999999999993,8192.919758802822,9.198293206245449,0.10082840236686386,9.917840375586858
265.93,297.15,31.21999999999997,7862.5681557174985,8.827403340875152,0.1050647820965841,9.51793721973095
265.93,298.54999999999995,32.61999999999995,7560.572913412031,8.488349515450803,0.10926143024618973,9.152360515021472
265.93,299.95,34.01999999999998,7283.433246604941,8.177201354670418,0.11341890315052505,8.816872427983544
265.93,301.34999999999997,35.41999999999996,7028.201853853764,7.890649886441859,0.11753774680603934,8.50790513833993
265.93,302.75,36.81999999999999,6792.379692490498,7.625889404390365,0.12161849710982653,8.222433460076047
265.93,304.15,38.21999999999997,6573.833879945058,7.380525294650339,0.1256616800920598,7.957875457875463
265.93,305.54999999999995,39.61999999999995,6370.733001148416,7.152501404679933,0.12966781214203882,7.712014134275627
265.93,306.95,41.01999999999998,6181.495663566554,6.94004228535596,0.13363740022805015,7.482935153583621
265.93,308.34999999999997,42.41999999999996,6004.749239356442,6.741606870277805,0.1375709421112371,7.268976897689775
265.93,309.75,43.81999999999999,5839.2965163738045,6.555851034437863,0.14146892655367227,7.068690095846646
265.93,311.15,45.21999999999997,5684.088544040252,6.38159710793786,0.1453318335208098,6.880804953560376
265.93,312.54999999999995,46.61999999999995,5538.202371846853,6.217808882729148,0.1491601343784993,6.704204204204211
265.93,313.95,48.01999999999998,5400.822681997088,6.063570991351844,0.15295429208472677,6.537900874635571
265.93,315.34999999999997,49.41999999999996,5271.226543980174,5.918071790704135,0.1567147613762485,6.381019830028333
265.93,316.75,50.81999999999999,5148.770689049589,5.780589074940596,0.16044198895027617,6.2327823691460065
265.93,318.15,52.21999999999997,5032.880831702414,5.650478086563842,0.1641364136413641,6.092493297587135
265.93,319.54999999999995,53.61999999999995,4923.042664033947,5.527161405674129,0.16779846659364717,5.9595300261096655
265.93,320.95,55.01999999999998,4818.7942250000015,5.410120382844955,0.17142857142857137,5.833333333333335
265.93,322.34999999999997,56.41999999999996,4719.719405769232,5.298887847501103,0.17502714440825184,5.713399503722088
265.93,323.75,57.81999999999999,4625.442398607748,5.193041875612157,0.1785945945945946,5.599273607748184
265.93,325.15,59.21999999999997,4535.62293315603,5.092200441401179,0.18213132400430565,5.4905437352245885
265.93,326.54999999999995,60.61999999999995,4449.952172806007,4.996016810156065,0.18563772775991416,5.386836027713629
265.93,327.95,62.01999999999998,4368.14916687359,4.904175555039395,0.18911419423692633,5.287810383747179
265.93,329.34999999999997,63.41999999999996,4289.957772682122,4.816389101473135,0.19256110520722625,5.193156732891835
265.93,330.75,64.82,4215.14397651188,4.732394719335219,0.19597883597883592,5.102591792656588
265.93,332.15,66.21999999999997,4143.493554386893,4.651951896695737,0.19936775553213903,5.015856236786472
265.93,333.54999999999995,67.61999999999995,4074.8100234472076,4.574840039797022,0.20272822665267565,4.932712215320914
265.93,334.95,69.01999999999998,4008.9128426470593,4.500856452955046,0.20606060606060606,4.85294117647059
265.93,336.34999999999997,70.41999999999996,3945.6358280815125,4.429814559426869,0.2093652445369406,4.776341948310141
265.93,337.75,71.82,3884.825753654971,4.361542330363726,0.21264248704663213,4.702729044834308
265.93,339.15,73.21999999999997,3826.341112284897,4.295880893998986,0.21589267285861702,4.631931166347994
265.93,340.54999999999995,74.61999999999995,3770.051016557226,4.232683301400276,0.21911613566289811,4.56378986866792
265.93,341.95,76.01999999999998,3715.834220856355,4.171813428602621,0.22231320368474916,4.49815837937385
265.93,343.34999999999997,77.41999999999996,3663.57824959313,4.113144997859133,0.22548419979612633,4.434900542495481
265.93,344.75,78.82,3613.178618339254,4.056560703198893,0.2286294416243655,4.373889875666075
265.93,346.15,80.21999999999997,3564.5381365183252,4.001951427549484,0.23174924165824062,4.315008726003492
265.93,347.54999999999995,81.61999999999995,3517.5662818610654,3.949215540430072,0.2348439073514601,4.258147512864496
265.93,348.95,83.01999999999998,3472.1786381534585,3.8982582667042305,0.23791374122367093,4.203204047217539
265.93,350.34999999999997,84.41999999999996,3428.2963889303496,3.848991118143426,0.24095904095904086,4.150082918739637
265.93,351.75,85.82,3385.845860725938,3.8013313806286493,0.24398009950248756,4.0986949429037525
265.93,353.15,87.21999999999997,3344.758110313002,3.755201650738747,0.24697720515361743,4.048956661316213
267.27,283.15,15.879999999999995,14723.682139704042,16.530461591674012,0.05608334804873738,17.83060453400504
267.27,284.54999999999995,17.279999999999973,13597.692541927108,15.266299025403736,0.06072746441750121,16.46701388888891
267.27,285.95,18.680000000000007,12640.480828185215,14.191625494762787,0.06532610596258093,15.307815845824406
267.27,287.34999999999997,20.079999999999984,11816.74485141933,13.26680683891246,0.06987993735862186,14.310258964143436
267.27,288.75,21.480000000000018,11100.386003840775,12.462541825351718,0.07438961038961045,13.442737430167586
267.27,290.15,22.879999999999995,10471.693448798072,11.75670085191206,0.07885576425986562,12.68138111888112
267.27,291.54999999999995,24.279999999999973,9915.502506363275,11.132258343284242,0.08327902589607261,12.007825370675464
267.27,292.95,25.680000000000007,9419.955436156544,10.575901466438244,0.0876600102406554,11.407710280373829
267.27,294.34999999999997,27.079999999999984,8975.64661545421,10.077070411422712,0.09199932053677595,10.869645494830138
267.27,295.75,28.480000000000018,8575.019841731035,9.627281735411513,0.09629754860524098,10.384480337078646
267.27,297.15,29.879999999999995,8211.935068222894,9.2196419313157,0.10055527511357898,9.944779116465865
267.27,298.54999999999995,31.279999999999973,7881.351489274302,8.8484916237502,0.10477306983754808,9.54443734015346
267.27,299.95,32.68000000000001,7579.092084776618,8.509141220137664,0.10895149191531928,9.178396572827415
267.27,301.34999999999997,34.079999999999984,7301.666199427818,8.197671718230401,0.11309109009457441,8.842429577464792
267.27,302.75,35.48000000000002,7046.134126902481,7.910782673068913,0.1171924029727498,8.532976324689962
267.27,304.15,36.879999999999995,6810.002537106832,7.645674791856778,0.1212559592306428,8.247017353579176
267.27,305.54999999999995,38.27999999999997,6591.142850431041,7.39995829171555,0.12528227785959734,7.981974921630099
267.27,306.95,39.68000000000001,6387.726891645665,7.171580657511693,0.12927186838247273,7.735635080645159
267.27,308.34999999999997,41.079999999999984,6198.175701229311,6.958769171695645,0.13322523106859085,7.506085686465435
267.27,309.75,42.48000000000002,6021.118468749996,6.75998480829684,0.13714285714285723,7.291666666666663
267.27,311.15,43.879999999999995,5855.3593276777565,6.573884953045646,0.14102522898923353,7.090929808568824
267.27,312.54999999999995,45.27999999999997,5699.850310170055,6.399293039373588,0.14487282034874416,6.902606007067141
267.27,313.95,46.68000000000001,5553.6691686054,6.235173648372515,0.14868609651218345,6.725578406169665
267.27,315.34999999999997,48.079999999999984,5416.0010718906,6.08061195901044,0.15246551450768986,6.558860232945093
267.27,316.75,49.48000000000002,5286.123409104688,5.9347966869930255,0.15621152328334653,6.401576394502827
267.27,318.15,50.879999999999995,5163.393101975237,5.797005840322485,0.1599245638849599,6.252948113207547
267.27,319.54999999999995,52.27999999999997,5047.235955900919,5.666594763557785,0.163605069629166,6.11228003060444
267.27,320.95,53.68000000000001,4937.137677356558,5.542986052943256,0.167253466272005,5.978949329359164
267.27,322.34999999999997,55.079999999999984,4832.636261192812,5.425661009534985,0.17087017217310374,5.852396514161221
267.27,323.75,56.48000000000002,4733.315510136329,5.3141523634628145,0.17445559845559855,5.732117563739375
267.27,325.15,57.879999999999995,4638.799494790947,5.208038054104578,0.17801014916192526,5.617657221838286
267.27,326.54999999999995,59.27999999999997,4548.74779865891,5.106935891612114,0.18153422140560393,5.508603238866399
267.27,327.95,60.68000000000001,4462.851421399144,5.0104989574482355,0.18502820551913401,5.404581410678971
267.27,329.34999999999997,62.079999999999984,4380.829236412695,4.918411627273711,0.18849248519811745,5.305251288659795
267.27,330.75,63.48000000000002,4302.424917178639,4.830386120106252,0.19192743764172338,5.210302457466917
267.27,332.15,64.88,4227.4042615366825,4.7461594942592145,0.1953334336895981,5.119451294697904
267.27,333.54999999999995,66.27999999999997,4155.552855076949,4.665491024000167,0.19871083795532896,5.032438141219072
267.27,334.95,67.68,4086.6740245345736,4.5881599018014745,0.20206000895656073,4.949024822695034
267.27,336.34999999999997,69.07999999999998,4020.587040047772,4.513963219993007,0.2053812992418611,4.868992472495658
267.27,337.75,70.48000000000002,3957.125531675653,4.442714192966939,0.20867505551443377,4.792139614074913
267.27,339.15,71.88,3896.1360909641066,4.374240587138325,0.2119416187527643,4.718280467445743
267.27,340.54999999999995,73.27999999999997,3837.4770328125014,4.308383330877401,0.2151813243282924,4.64724344978166
267.27,341.95,74.68,3781.017296605516,4.244995280796583,0.21839450212019307,4.578869844670594
267.27,343.34999999999997,76.07999999999998,3726.635468671136,4.183940124251865,0.22158147662734817,4.51301261829653
267.27,344.75,77.48000000000002,3674.218910718894,4.125091400829565,0.22474256707759255,4.449535363964893
267.27,346.15,78.88,3623.662981091532,4.068331628035851,0.22787808753430594,4.388311359026369
267.27,347.54999999999995,80.27999999999997,3574.8703375000005,4.013551518468621,0.23098834700043158,4.3292227204783265
267.27,348.95,81.68,3527.750311465475,3.9606492774957616,0.23407364951998855,4.2721596474045045
267.27,350.34999999999997,83.07999999999998,3482.218346009871,3.90952997194327,0.23713429427715138,4.21701974000963
267.27,351.75,84.48000000000002,3438.1954892578115,3.8601049615558676,0.24017057569296385,4.163707386363636
267.27,353.15,85.88,3395.6079375698646,3.812291386066986,0.24318278351975087,4.112133209129017
268.61,283.15,14.539999999999964,16074.269124862496,18.0467824462361,0.0513508740950025,19.47386519944984
268.61,284.54999999999995,15.93999999999994,14734.97314639278,16.543138145719972,0.05601827446845875,17.85131744040157
268.61,285.95,17.339999999999975,13611.941801124578,15.282296846440527,0.06063997202308091,16.490772779700137
268.61,287.34999999999997,18.739999999999952,12656.705961019234,14.209841653777067,0.06521663476596473,15.333511205976558
268.61,288.75,20.139999999999986,11834.273514771612,13.28648648789897,0.06974891774891767,14.337140019860984
268.61,290.15,21.539999999999964,11118.749650208936,12.483158920185176,0.07423746338100967,13.470287836583124
268.61,291.54999999999995,22.93999999999994,10490.56086937666,11.77788354033531,0.07868290173212122,12.709241499564111
268.61,292.95,24.339999999999975,9934.637026355807,11.153740907551148,0.08308585082778619,12.035743631881688
268.61,294.34999999999997,25.739999999999952,9439.186639452235,10.597492578255569,0.08744691693562068,11.435508935508956
268.61,295.75,27.139999999999986,8994.851251934419,10.098631696344917,0.09176669484361788,10.897199705232135
268.61,297.15,28.539999999999964,8594.108684495459,9.648713017284674,0.09604576813057364,10.41170287316049
268.61,298.54999999999995,29.93999999999994,8230.843711873762,9.240870901396386,0.10028470942890622,9.971609886439564
268.61,299.95,31.339999999999975,7900.033810194645,8.869466498478326,0.10448408068011328,9.570835992342062
268.61,301.34999999999997,32.73999999999995,7597.515531139294,8.529825453170869,0.10864443338310914,9.204337202199158
268.61,302.75,34.139999999999986,7319.808358743412,8.21804014678726,0.11276630883567296,8.867896895137672
268.61,304.15,35.539999999999964,7063.980198241426,7.930818679961183,0.11685023836922559,8.557962858750711
268.61,305.54999999999995,36.93999999999994,6827.543452179221,7.665368196002269,0.12089674357715574,8.271521386031415
268.61,306.95,38.339999999999975,6608.373865453837,7.419303767209876,0.1249063365368952,8.005998956703188
268.61,308.34999999999997,39.73999999999995,6404.646524396083,7.190576540244844,0.12887952002594438,7.7591847005536065
268.61,309.75,41.139999999999986,6214.784923614487,6.977416552839886,0.13281678773204197,7.529168692270299
268.61,311.15,42.539999999999964,6037.420090162207,6.778286841991924,0.13671862445765692,7.314292430653508
268.61,312.54999999999995,43.93999999999994,5871.357521927635,6.59184632528083,0.1405855063189888,7.1131087847064265
268.61,313.95,45.339999999999975,5715.550251246143,6.416919559050345,0.14441790093964002,6.924349360388182
268.61,315.34999999999997,46.73999999999995,5569.076749454434,6.252471931575653,0.14821626763913098,6.746897732135222
268.61,316.75,48.139999999999986,5431.122686902786,6.097589184801601,0.15198105761641667,6.579767345243043
268.61,318.15,49.539999999999964,5300.965785738801,5.951460408374088,0.15571271412855558,6.4220831651191
268.61,319.54999999999995,50.93999999999994,5177.9631704652575,5.813363837953584,0.1594116726646846,6.273066352571659
268.61,320.95,52.339999999999975,5061.540748595722,5.68265493274472,0.1630783611154385,6.132021398547958
268.61,322.34999999999997,53.73999999999995,4951.184251200227,5.558756316605172,0.16671319993795553,5.998325269817645
268.61,323.75,55.139999999999986,4846.431638329707,5.4411492515209465,0.17031660231660228,5.871418208197317
268.61,325.15,56.539999999999964,4746.86663274673,5.329366377845211,0.17388897431954475,5.750795896710297
268.61,326.54999999999995,57.93999999999994,4652.113191120127,5.22298550703955,0.1774307150512937,5.636002761477395
268.61,327.95,59.339999999999975,4561.830757861479,5.121624293096978,0.1809422168013416,5.526626221772837
268.61,329.34999999999997,60.73999999999995,4475.7101753292745,5.024935640877146,0.18442386518900855,5.422291735265068
268.61,330.75,62.139999999999986,4393.470146886064,4.932603735136481,0.18787603930461072,5.322658513035083
268.61,332.15,63.539999999999964,4314.854167540135,4.844340594521314,0.19129911184705695,5.227415801070195
268.61,333.54999999999995,64.93999999999994,4239.627851609182,4.75988307130255,0.19469344925798215,5.136279642747155
268.61,334.95,66.33999999999997,4167.576598756409,4.678990231005287,0.1980594118525152,5.048990051251132
268.61,336.34999999999997,67.73999999999995,4098.5035494464155,4.601441056973633,0.2013973539467815,4.965308532624745
268.61,337.75,69.13999999999999,4032.2277887980927,4.527032433813958,0.2047076239822353,4.885015909748338
268.61,339.15,70.53999999999996,3968.5827643252064,4.455577370972501,0.20799056464691135,4.807910405443722
268.61,340.54999999999995,71.93999999999994,3907.4148884278584,4.386903433735105,0.21124651299368657,4.733805949402283
268.61,341.95,73.33999999999997,3848.5823009476417,4.32085135393246,0.21447580055563675,4.662530679029181
268.61,343.34999999999997,74.73999999999995,3791.95377079877,4.257273796787661,0.2176787534585699,4.593925608777097
268.61,344.75,76.13999999999999,3737.4077187746266,4.196034263808944,0.22085569253081938,4.527843446283163
268.61,346.15,77.53999999999996,3684.831346214858,4.137006114533353,0.22400693341037115,4.464147536755225
268.61,347.54999999999995,78.93999999999994,3634.119856390932,4.080071692366602,0.22713278664940284,4.40271091968584
268.61,348.95,80.33999999999997,3585.175757300226,4.025121541821293,0.23023355781630594,4.343415484192184
268.61,350.34999999999997,81.73999999999995,3537.908236108394,3.9720537061955694,0.2333095475952618,4.28615121115733
268.61,351.75,83.13999999999999,3492.232596794564,3.9207730962103557,0.23636105188343992,4.230815491941304
268.61,353.15,84.53999999999996,3448.069753672819,3.8711909213796103,0.23938836188588408,4.177312514785902
269.95,283.15,13.199999999999989,17699.06619488638,19.87096238339102,0.046618400141267835,21.450757575757592
269.95,284.54999999999995,14.599999999999966,16081.014848116472,18.05435595387501,0.051309084519416515,19.489726027397303
269.95,285.95,16.0,14746.12248703126,16.55565564952426,0.05595383808358101,17.871875
269.95,287.34999999999997,17.399999999999977,13626.040390948297,15.298125509092058,0.06055333217330772,16.514367816091973
269.95,288.75,18.80000000000001,12672.779032579787,14.227887091702915,0.06510822510822512,15.35904255319148
269.95,290.15,20.19999999999999,11851.652912004953,13.305998553951895,0.06961916250215405,14.363861386138622
269.95,291.54999999999995,21.599999999999966,11136.969066319454,12.503614085909344,0.07408677756817006,13.497685185185205
269.95,292.95,23.0,10509.29021054348,11.798911205280655,0.0785116914149172,12.73695652173913
269.95,294.34999999999997,24.399999999999977,9953.640075922136,11.175075868330678,0.08289451333446574,12.063524590163944
269.95,295.75,25.80000000000001,9458.29305668604,10.618943591204715,0.087235841081995,11.463178294573638
269.95,297.15,27.19999999999999,9013.93764237133,10.12006022495939,0.09153626114756852,10.924632352941181
269.95,298.54999999999995,28.599999999999966,8613.085555332182,9.67001858687794,0.09579634902026446,10.438811188811199
269.95,299.95,30.0,8249.64632975,9.2619808350174,0.1000166694449075,9.998333333333333
269.95,301.34999999999997,31.399999999999977,7918.615697531853,8.890328615169926,0.1041977766716442,9.597133757961789
269.95,302.75,32.80000000000001,7615.8437778201205,8.550402804333805,0.10834021469859623,9.230182926829265
269.95,304.15,34.19999999999999,7337.860202412285,8.238307176841007,0.1124445175078086,8.893274853801172
269.95,305.54999999999995,35.599999999999966,7081.740503721915,7.950758396454378,0.11651120929471437,8.582865168539334
269.95,306.95,37.0,6845.002836283786,7.68497006431322,0.12054080469131778,8.295945945945945
269.95,308.34999999999997,38.39999999999998,6625.527290429692,7.438562131390694,0.12453380898329813,8.029947916666671
269.95,309.75,39.80000000000001,6421.492235238692,7.209489429930046,0.12849071832122683,7.782663316582912
269.95,311.15,41.19999999999999,6231.3236401092245,6.995984776141489,0.13241201992608065,7.552184466019419
269.95,312.54999999999995,42.599999999999966,6053.654389260566,6.796513292085512,0.13629819228923368,7.336854460093901
269.95,313.95,44.0,5887.291363465908,6.609735447924001,0.1401497053670967,7.135227272727272
269.95,315.34999999999997,45.39999999999998,5731.18861238987,6.434476942168935,0.14396702077057233,6.946035242290751
269.95,316.75,46.80000000000001,5584.425342147434,6.269703988040231,0.14775059194948703,6.768162393162392
269.95,318.15,48.19999999999999,5446.187739056018,6.114502906765485,0.1515008643721515,6.600622406639006
269.95,319.54999999999995,49.599999999999966,5315.753871622988,5.968063176853024,0.1552182757002033,6.442540322580649
269.95,320.95,51.0,5192.481079264706,5.829663275249473,0.1589032559588721,6.293137254901961
269.95,322.34999999999997,52.39999999999998,5075.795382681301,5.698658788235433,0.16255622770280742,6.15171755725191
269.95,323.75,53.80000000000001,4965.18254763011,5.574472378612451,0.16617760617760624,6.017657992565055
269.95,325.15,55.19999999999999,4860.180508559783,5.456585279622526,0.16976779947716436,5.890398550724639
269.95,326.54999999999995,56.599999999999966,4760.372916651948,5.3445300512540115,0.17332720869698348,5.769434628975268
269.95,327.95,58.0,4665.383622284484,5.237884385634314,0.17685622808354928,5.654310344827586
269.95,329.34999999999997,59.39999999999998,4574.871937752527,5.136265788427671,0.18035524517989976,5.544612794612796
269.95,330.75,60.80000000000001,4488.528554481906,5.039326995039751,0.18382464096749818,5.439967105263157
269.95,332.15,62.19999999999999,4406.072011615756,4.946752005855794,0.187264790004516,5.340032154340837
269.95,333.54999999999995,63.599999999999966,4327.245631014154,4.858252645126478,0.19067606056063546,5.244496855345914
269.95,334.95,65.0,4251.814848346153,4.773565564551648,0.19405881474846998,5.153076923076923
269.95,336.34999999999997,66.39999999999998,4179.564881814759,4.6924496259287745,0.1974134086517021,5.0655120481927725
269.95,337.75,67.80000000000001,4110.298689712389,4.6146836080749845,0.20074019245003705,4.981563421828907
269.95,339.15,69.19999999999999,4043.83517590318,4.540064192099674,0.2040395105410585,4.901011560693642
269.95,340.54999999999995,70.59999999999997,3980.0076088172814,4.468404186389672,0.20731170165908086,4.823654390934846
269.95,341.95,72.0,3918.662224895834,4.399530958679503,0.21055709899108055,4.749305555555555
269.95,343.34999999999997,73.39999999999998,3859.6569918596733,4.333285047557734,0.21377603028979175,4.677792915531336
269.95,344.75,74.80000000000001,3802.860510862299,4.269518929900414,0.21696881798404644,4.608957219251336
269.95,346.15,76.19999999999999,3748.1510396653557,4.2080959241780125,0.22013577928643646,4.542650918635171
269.95,347.54999999999995,77.59999999999997,3695.4156215528355,4.148889212476519,0.22327722629837432,4.4787371134020635
269.95,348.95,79.0,3644.549306867089,4.091780966506218,0.22639346611262356,4.417088607594937
269.95,350.34999999999997,80.39999999999998,3595.454455876866,4.036661564922944,0.2294848009133723,4.3575870646766175
269.95,351.75,81.80000000000001,3548.0401132334955,3.9834288910222244,0.2325515280739162,4.300122249388752
269.95,353.15,83.19999999999999,3502.2214455829335,3.931987701339321,0.23559394025201752,4.244591346153847
271.28999999999996,283.15,11.860000000000014,19691.018083431674,22.10735161494518,0.04188592618753317,23.874367622259665
271.28999999999996,284.54999999999995,13.259999999999991,17699.107210520364,19.87100843215489,0.04659989457037428,21.45927601809956
271.28999999999996,285.95,14.660000000000025,16087.643161903114,18.061797644440453,0.051267704144081216,19.50545702592084
271.28999999999996,287.34999999999997,16.060000000000002,14757.13174940846,16.56801588571737,0.05589002958065081,17.892278953922784
271.28999999999996,288.75,17.460000000000036,13639.989864690702,15.313786757259123,0.06046753246753256,16.537800687285188
271.28999999999996,290.15,18.860000000000014,12688.701494141034,14.245763437903934,0.06500086162329832,15.384411452810168
271.28999999999996,291.54999999999995,20.25999999999999,11868.884369274441,13.325344525962098,0.06949065340421878,14.390424481737417
271.28999999999996,292.95,21.660000000000025,11155.04545076176,12.523908668195531,0.07393753200204822,13.524930747922422
271.28999999999996,294.34999999999997,23.060000000000002,10527.882550108414,11.819785056818697,0.07834210973331068,12.76452732003469
271.28999999999996,295.75,24.460000000000036,9972.512622547007,11.196264311830028,0.08270498732037201,12.091169255928028
271.28999999999996,297.15,25.860000000000014,9477.275556438512,10.640255480451904,0.0870267541645634,11.490719257540595
271.28999999999996,298.54999999999995,27.25999999999999,9032.906567553195,10.14135687386684,0.09130798861162281,10.951944240645636
271.28999999999996,299.95,28.660000000000025,8631.951157484289,9.691199233731098,0.09554925820970173,10.465806001395665
271.28999999999996,301.34999999999997,30.060000000000002,8268.34355673653,9.282972444971966,0.09975111996017916,10.024950099800398
271.28999999999996,302.75,31.460000000000036,7937.0977259218,8.91107861897586,0.1039141205615195,9.623331214240293
271.28999999999996,304.15,32.860000000000014,7634.077346302495,8.570873859102386,0.1080387966463916,9.255934266585509
271.28999999999996,305.54999999999995,34.25999999999999,7355.822204947466,8.25847334113334,0.11212567501227289,8.918563922942207
271.28999999999996,306.95,35.660000000000025,7099.415476261911,7.9706023085908955,0.11617527284574047,8.607683679192366
271.28999999999996,308.34999999999997,37.06,6862.381085415542,7.704480841378176,0.12018809794065188,8.32029141932002
271.28999999999996,309.75,38.460000000000036,6642.603488494531,7.4577337919552384,0.12416464891041179,8.053822152886108
271.28999999999996,311.15,39.860000000000014,6438.264357990467,7.228319701347779,0.12810541539450426,7.806071249372802
271.28999999999996,312.54999999999995,41.25999999999999,6247.792158301021,7.014474186932773,0.13201087825947844,7.575133301017936
271.28999999999996,313.95,42.660000000000025,6069.821650105481,6.814664477495769,0.13588150979455338,7.359353023909981
271.28999999999996,315.34999999999997,44.06,5903.161115195187,6.6275526161392015,0.13971777390201368,7.1572855197458
271.28999999999996,316.75,45.460000000000036,5746.7656374285025,6.4519654624772675,0.1435201262825574,6.967663880334355
271.28999999999996,318.15,46.860000000000014,5599.715173271444,6.286870072158351,0.1472890146157474,6.7893725992317515
271.28999999999996,319.54999999999995,48.25999999999999,5461.196439318276,6.131353361758477,0.15102487873572212,6.621425611272276
271.28999999999996,320.95,49.660000000000025,5330.487863542085,5.984605213362618,0.15472815080230573,6.462948046717677
271.28999999999996,322.34999999999997,51.06,5206.947012250293,5.845904358650828,0.15839925546765943,6.3131609870740295
271.28999999999996,323.75,52.460000000000036,5090.000030261147,5.714606523252662,0.1620386100386102,6.171368661837587
271.28999999999996,325.15,53.860000000000014,4979.132727989231,5.590134420106917,0.16564662463478397,6.036947642034903
271.28999999999996,326.54999999999995,55.25999999999999,4873.883023371337,5.471969263917522,0.16922370234267337,5.909337676438653
271.28999999999996,327.95,56.660000000000025,4773.834504297562,5.3596435436146415,0.17277023936575708,5.788033886339567
271.28999999999996,329.34999999999997,58.06,4678.610922416466,5.252734840481043,0.17628662517079097,5.672580089562521
271.28999999999996,330.75,59.460000000000036,4587.871464808271,5.150860519600619,0.17977324263038563,5.5625630676084725
271.28999999999996,332.15,60.860000000000014,4501.306678269799,5.053673154002244,0.18323046816197508,5.457607624055207
271.28999999999996,333.54999999999995,62.25999999999999,4418.63494348699,4.960856566169293,0.18665867186328888,5.357372309669129
271.28999999999996,334.95,63.660000000000025,4339.599414443919,4.872122391875962,0.19005821764442465,5.261545711592834
271.28999999999996,336.34999999999997,65.06,4263.965352989548,4.787207087672109,0.1934294633566226,5.169843221641561
271.28999999999996,337.75,66.46000000000004,4191.517800293406,4.705869316597514,0.1967727609178388,5.082004213060484
271.28999999999996,339.15,67.86000000000001,4122.0595365384615,4.627887657503606,0.20008845643520567,4.997789566755083
271.28999999999996,340.54999999999995,69.25999999999999,4055.409288066705,4.553058592193449,0.20337689032447515,4.916979497545481
271.28999999999996,341.95,70.66000000000003,3991.4001476577964,4.481194731848879,0.20663839742652446,4.839371638833851
271.28999999999996,343.34999999999997,72.06,3929.878178955037,4.4121232502021295,0.2098733071210136,4.764779350541215
271.28999999999996,344.75,73.46000000000004,3870.7011804723643,4.3456844958710725,0.2130819434372735,4.693030220528176
271.28999999999996,346.15,74.86000000000001,3813.737588291476,4.281730760403589,0.2162646251625019,4.623964734170451
271.28999999999996,347.54999999999995,76.25999999999999,3758.8654996262794,4.220125182021196,0.2194216659473457,4.557435090479937
271.28999999999996,348.95,77.66000000000003,3705.971802002317,4.1607407679379325,0.22255337440894118,4.493304146278649
271.28999999999996,350.34999999999997,79.06,3654.9513949595244,4.103459520556331,0.22566005423148283,4.431444472552491
271.28999999999996,351.75,80.46000000000004,3605.7064930089477,4.048171654888232,0.2287420042643924,4.3717375093214
271.28999999999996,353.15,81.86000000000001,3558.1460001160517,3.9947748962793885,0.23179951861815096,4.314072807231859
272.63,283.15,10.519999999999982,22190.425396055165,24.91346738077373,0.03715345223379829,26.91539923954377
272.63,284.54999999999995,11.919999999999959,19680.998862458106,22.09610291058505,0.04189070462133182,23.87164429530209
272.63,285.95,13.319999999999993,17699.0794079955,19.87097721791344,0.0465815702045812,21.46771771771773
272.63,287.34999999999997,14.71999999999997,16094.155501936157,18.069109129826156,0.05122672698799369,19.52105978260873
272.63,288.75,16.120000000000005,14768.00249767368,16.580220610389222,0.05582683982683989,17.912531017369723
272.63,290.15,17.519999999999982,13653.79175436645,15.329282310953687,0.06038256074444248,16.561073059360748
272.63,291.54999999999995,18.91999999999996,12704.474778567681,14.263472301075199,0.0648945292402674,15.409619450317155
272.63,292.95,20.319999999999993,11885.969197071854,13.344525875235044,0.06936337258917902,14.416830708661422
272.63,294.34999999999997,21.71999999999997,11172.979988881227,12.544043997845769,0.07378970613215552,13.552025782688784
272.63,295.75,23.120000000000005,10546.33895469291,11.840506292458638,0.07817413355874892,12.791955017301035
272.63,297.15,24.519999999999982,9991.255624245523,11.217307313624703,0.08251724718155806,12.118678629690057
272.63,298.54999999999995,25.91999999999996,9496.134999247699,10.661429212133937,0.08681962820298095,11.518132716049399
272.63,299.95,27.319999999999993,9051.758801409227,10.162522511967246,0.09108184697449573,10.979136163982433
272.63,301.34999999999997,28.71999999999997,8650.706188318256,9.712255740786185,0.095304463248714,10.492688022284133
272.63,302.75,30.120000000000005,8286.93602265936,9.303846438373593,0.09948802642444265,10.051460823373173
272.63,304.15,31.519999999999982,7955.480465625003,8.931717150134729,0.1036330757849745,9.649428934010157
272.63,305.54999999999995,32.91999999999996,7652.2167542679335,8.591239198684105,0.10774014072983129,9.281591737545575
272.63,306.95,34.31999999999999,7373.6948375437105,8.278539168680487,0.11180974100016283,8.94376456876457
272.63,308.34999999999997,35.71999999999997,7117.005545870667,7.990350899147487,0.11584238689800541,8.632418812989927
272.63,309.75,37.120000000000005,6879.678593009161,7.723900968911149,0.11983857949959642,8.34455818965517
272.63,311.15,38.51999999999998,6659.602820521812,7.47681915406064,0.12379881086292777,8.077622014537905
272.63,312.54999999999995,39.91999999999996,6454.963224461431,7.2470677270252954,0.12772356422972309,7.829408817635278
272.63,313.95,41.31999999999999,6264.190783990805,7.032885128540255,0.13161331422200984,7.598015488867378
272.63,315.34999999999997,42.71999999999997,6085.922155161521,6.832740715349187,0.1354685270334548,7.381788389513113
272.63,316.75,44.120000000000005,5918.967038587939,6.645298123484831,0.13928966061562753,7.179283771532184
272.63,318.15,45.51999999999998,5762.281568903779,6.46938539227998,0.14307716485934308,6.989235500878737
272.63,319.54999999999995,46.91999999999996,5614.946468254479,6.303970437020859,0.14683148177124072,6.810528559249792
272.63,320.95,48.31999999999999,5476.148997609685,6.148140785460519,0.15055304564573924,6.642177152317881
272.63,322.34999999999997,49.71999999999997,5345.167957331055,6.001086737769231,0.1542422832325112,6.483306516492361
272.63,323.75,51.120000000000005,5221.361152435445,5.862087293629106,0.15789961389961393,6.333137715179968
272.63,325.15,52.51999999999998,5104.1548626523245,5.7304983301362125,0.16152544979240346,6.1909748667174425
272.63,326.54999999999995,53.91999999999996,4993.03495290245,5.605742621424104,0.16512019598836314,6.056194362017808
272.63,327.95,55.31999999999999,4887.539333595444,5.487301373745867,0.16868425064796466,5.928235719450471
272.63,329.34999999999997,56.71999999999997,4787.251537526447,5.374707014175868,0.17221800516168206,5.806593794076166
272.63,330.75,58.120000000000005,4691.795225094632,5.267537021550052,0.17572184429327287,5.690812112869924
272.63,332.15,59.51999999999998,4600.829464994961,5.1654086280397005,0.17919614631943392,5.580477150537636
272.63,333.54999999999995,60.91999999999996,4514.044665635261,5.067974251302639,0.18264128316594208,5.475213394615893
272.63,334.95,62.31999999999999,4431.159054950258,4.9749175423265495,0.1860576205403791,5.374679075738126
272.63,336.34999999999997,63.71999999999997,4351.915624270247,4.885949954272197,0.18944551806154297,5.278562460765852
272.63,337.75,65.12,4276.079466408169,4.800807753910597,0.19280532938564032,5.186578624078623
272.63,339.15,66.51999999999998,4203.4354498872535,4.719249410449369,0.19613740232935273,5.098466626578474
272.63,340.54999999999995,67.91999999999996,4133.786180808306,4.64105330729573,0.1994420789898692,5.013987043580686
272.63,341.95,69.32,4066.950211692152,4.566015731101552,0.20271969586196814,4.932919792267744
272.63,343.34999999999997,70.71999999999997,4002.7604630726833,4.493949099666199,0.20597058395223522,4.855062217194572
272.63,344.75,72.12,3941.0628289309493,4.424680396239979,0.20919506889050032,4.780227398779811
272.63,346.15,73.51999999999998,3881.7149414649075,4.358049782715737,0.2123934710385671,4.708242655059848
272.63,347.54999999999995,74.91999999999996,3824.5850743526453,4.293909368308796,0.21556610559631695,4.6389482114255225
272.63,348.95,76.32,3769.55116672563,4.232122113759549,0.21871328270525858,4.572196016771489
272.63,350.34999999999997,77.71999999999997,3716.499952631241,4.1725608539701815,0.22183530754959324,4.507848687596502
272.63,351.75,79.12,3665.326182918351,4.115107424405918,0.22493248045486858,4.445778564206269
272.63,353.15,80.51999999999998,3615.931928297318,4.059651878631771,0.22800509698428428,4.385866865375063
273.96999999999997,283.15,9.180000000000007,25419.50717467316,28.53879777104879,0.03242097828006363,30.844226579520672
273.96999999999997,284.54999999999995,10.579999999999984,22164.919779725897,24.88483190718075,0.037181514672289584,26.895085066162608
273.96999999999997,285.95,11.980000000000018,19671.003896118484,22.084881437204988,0.04189543626508141,23.86894824707843
273.96999999999997,287.34999999999997,13.379999999999995,17698.983713116602,19.870869780079264,0.04656342439533667,21.476083707025417
273.96999999999997,288.75,14.78000000000003,16100.553280615652,18.076291995751262,0.051186147186147335,19.536535859269243
273.96999999999997,290.15,16.180000000000007,14778.736272775035,16.59227155358149,0.05576425986558675,17.93263288009888
273.96999999999997,291.54999999999995,17.579999999999984,13667.447571075088,15.34461386670606,0.06029840507631623,16.584186575654165
273.96999999999997,292.95,18.980000000000018,12720.100300605885,14.281015269569872,0.06478921317631003,15.434668071654357
273.96999999999997,294.34999999999997,20.379999999999995,11902.908690456337,13.363544055749788,0.06923730253100047,14.44308145240432
273.96999999999997,295.75,21.78000000000003,11190.77385296142,12.56402139099744,0.07364327979712604,13.57897153351697
273.96999999999997,297.15,23.180000000000007,10564.66047987489,11.86107609731098,0.07800774019855294,12.819240724762722
273.96999999999997,298.54999999999995,24.579999999999984,10009.870029678601,11.238205938788145,0.0823312677943393,12.146053702196914
273.96999999999997,299.95,25.980000000000018,9514.872237702071,10.682465743462524,0.08661443573928995,11.545419553502686
273.96999999999997,301.34999999999997,27.379999999999995,9070.495111084732,10.183558000544215,0.09085780653724906,11.006208911614317
273.96999999999997,302.75,28.78000000000003,8669.35133938498,9.733188884456023,0.09506193228736592,10.519457956914513
273.96999999999997,304.15,30.180000000000007,8305.424352335982,9.324603516712678,0.0992273549235575,10.077866136514245
273.96999999999997,305.54999999999995,31.579999999999984,7973.7644825680845,8.952244844019406,0.10335460644738992,9.675427485750479
273.96999999999997,306.95,32.98000000000002,7670.262515630679,8.611499400056898,0.10744420915458552,9.30715585203153
273.96999999999997,308.34999999999997,34.379999999999995,7391.478568106459,8.298505184805723,0.11149667585535916,8.968877254217569
273.96999999999997,309.75,35.78000000000003,7134.511139672995,8.010004647662507,0.11551251008878138,8.657070989379534
273.96999999999997,311.15,37.18000000000001,6896.895749959654,7.743230885774843,0.11949220633135149,8.368746637977406
273.96999999999997,312.54999999999995,38.579999999999984,6676.525645139972,7.495818620343518,0.12343625019996796,8.101347848626233
273.96999999999997,313.95,39.98000000000002,6471.589164469733,7.265733877253545,0.12734511864946652,7.852676338169081
273.96999999999997,315.34999999999997,41.379999999999995,6280.519821205897,7.051217942299199,0.13121928016489615,7.620831319478008
273.96999999999997,316.75,42.78000000000003,6101.956185308552,6.850742320993097,0.13505919494869778,7.4041608228143945
273.96999999999997,318.15,44.18000000000001,5934.709393696243,6.662972261924602,0.13886531510293887,7.201222272521501
273.96999999999997,319.54999999999995,45.579999999999984,5777.736648080302,6.486737002447852,0.14263808480675944,7.010750329091708
273.96999999999997,320.95,46.98000000000002,5630.1194513729215,6.321005334425644,0.14637794048917285,6.8316304810557655
273.96999999999997,322.34999999999997,48.379999999999995,5491.0456228090125,6.16486541238241,0.1500853109973631,6.6628772219925585
273.96999999999997,323.75,49.78000000000003,5359.794347880671,6.017507968879164,0.1537606177606179,6.503615910004013
273.96999999999997,325.15,51.18000000000001,5235.723681975382,5.8782122846922435,0.15740427495002307,6.353067604533019
273.96999999999997,326.54999999999995,52.579999999999984,5118.260050389885,5.746334400347911,0.1610166896340529,6.210536325599088
273.96999999999997,327.95,53.98000000000002,5006.889382280472,5.621297162097757,0.16459826193017235,6.0753982956650585
273.96999999999997,329.34999999999997,55.379999999999995,4901.149589409534,5.502581777713634,0.16814938515257327,5.947092813289996
273.96999999999997,330.75,56.78000000000003,4800.624157581893,5.3897206215132965,0.17167044595616032,5.825114476928493
273.96999999999997,332.15,58.18000000000001,4704.936663346511,5.282291078193006,0.175161824476893,5.709006531454107
273.96999999999997,333.54999999999995,59.579999999999984,4613.746063771401,5.17991025459908,0.1786238944685954,5.598355152735818
273.96999999999997,334.95,60.98000000000002,4526.7426350524765,5.0822304199533805,0.1820570234363338,5.4927845195145935
273.96999999999997,336.34999999999997,62.379999999999995,4443.6444580234065,4.9889350600913955,0.18546157276646347,5.391952548893876
273.96999999999997,337.75,63.78000000000003,4364.194366533395,4.899735451367906,0.18883789785344196,5.295547193477577
273.96999999999997,339.15,65.18,4288.157289099416,4.814367676096795,0.1921863482235,5.20328321571034
273.96999999999997,340.54999999999995,66.57999999999998,4215.317925946231,4.732590014534895,0.1955072676552635,5.114899369179934
273.96999999999997,341.95,67.98000000000002,4145.478713084731,4.65418065912735,0.19880099429741194,5.030155928214179
273.96999999999997,343.34999999999997,69.38,4078.4580328841157,4.578935705494684,0.20206786078345718,4.948832516575382
273.96999999999997,344.75,70.78000000000003,4014.0886370090416,4.506667381844663,0.20530819434372738,4.870726193840066
273.96999999999997,346.15,72.18,3952.2162528886115,4.437202484437646,0.2085223169146324,4.795649764477694
273.96999999999997,347.54999999999995,73.57999999999998,3892.698349272901,4.370380991661503,0.21171054524528843,4.723430279967383
273.96999999999997,348.95,74.98000000000002,3835.403040084022,4.30605483337153,0.2148731910015762,4.653907708722325
273.96999999999997,350.34999999999997,76.38,3780.208108817753,4.24408679557399,0.21801056086770376,4.586933752291175
273.96999999999997,351.75,77.78000000000003,3727.000138306762,4.184349543400429,0.22112295664534476,4.522370789406016
273.96999999999997,353.15,79.18,3675.673732805001,4.126724747732122,0.22421067535041772,4.460090932053548
275.31,283.15,7.839999999999975,29752.407724553635,33.403399264122186,0.027688504326328744,36.116071428571544
275.31,284.54999999999995,9.239999999999952,25369.285292045628,28.482413036988465,0.032472324723247015,30.7954545454547
275.31,285.95,10.639999999999986,22139.616131250004,24.85642318541597,0.037209302325581395,26.875000000000032
275.31,287.34999999999997,12.039999999999964,19661.032821802382,22.073686787697746,0.041900121802679546,23.86627906976751
275.31,288.75,13.439999999999998,17698.82103515625,19.87068713950404,0.046545454545454557,21.484375000000004
275.31,290.15,14.839999999999975,16106.83788750003,18.083347802290366,0.05114595898673091,19.551886792452862
275.31,291.54999999999995,16.239999999999952,14789.33459288796,16.604170419768675,0.05570228091236484,17.9525862068966
275.31,292.95,17.639999999999986,13680.958805357152,15.35978309796469,0.06021505376344083,16.60714285714287
275.31,294.34999999999997,19.039999999999964,12735.579457169142,14.298393911720154,0.0646848989298453,15.45955882352944
275.31,295.75,20.439999999999998,11919.704129280826,13.382400504413187,0.06911242603550294,14.469178082191782
275.31,297.15,21.839999999999975,11208.428202403862,12.583842149325095,0.0734982332155476,13.605769230769246
275.31,298.54999999999995,23.239999999999952,10582.848170331341,11.881495644247604,0.07784290738569744,12.846385542168699
275.31,299.95,24.639999999999986,10028.356778267054,11.25896124201982,0.08214702450408395,12.17329545454546
275.31,301.34999999999997,26.039999999999964,9533.488116532266,10.703366022827288,0.0864111498257839,11.572580645161306
275.31,302.75,27.439999999999998,9089.116257015312,10.204464193348278,0.09063583815028897,11.033163265306124
275.31,304.15,28.839999999999975,8687.887296480594,9.753999434692481,0.09482163406214028,10.546116504854377
275.31,305.54999999999995,30.239999999999952,8323.809165625013,9.345244375912218,0.09896907216494832,10.10416666666668
275.31,306.95,31.639999999999986,7991.950338384956,8.972662331183288,0.103078677309008,9.701327433628322
275.31,308.34999999999997,33.039999999999964,7688.215140572044,8.631655036007684,0.10715096481271269,9.332627118644076
275.31,309.75,34.44,7409.1738612804875,8.318371911171536,0.11118644067796613,8.99390243902439
275.31,311.15,35.839999999999975,7151.9326819335965,8.029564030463227,0.115185601799775,8.681640625000005
275.31,312.54999999999995,37.23999999999995,6914.032944642868,7.762471028003668,0.1191489361702126,8.392857142857153
275.31,313.95,38.639999999999986,6693.372318750001,7.514732590939711,0.12307692307692308,8.125000000000002
275.31,315.34999999999997,40.039999999999964,6488.142505856651,7.28431852010402,0.12697003329633727,7.875874125874132
275.31,316.75,41.44,6296.77957221284,7.069472967568025,0.13082872928176792,7.643581081081082
275.31,318.15,42.839999999999975,6117.924019852947,6.868669608008248,0.13465346534653455,7.426470588235298
275.31,319.54999999999995,44.23999999999995,5950.3884391614,6.6805753218383295,0.13844468784227804,7.223101265822792
275.31,320.95,45.639999999999986,5793.1311149539915,6.504020562427295,0.14220283533260625,7.032208588957057
275.31,322.34999999999997,47.039999999999964,5645.234345758933,6.337975014885969,0.1459283387622149,6.852678571428576
275.31,323.75,48.44,5505.886522760116,6.18152747587304,0.14962162162162163,6.683526011560694
275.31,325.15,49.839999999999975,5374.367229143261,6.033869124445112,0.15328310010764257,6.523876404494385
275.31,326.54999999999995,51.23999999999995,5250.034782172134,5.894279535390293,0.15691318327974269,6.372950819672136
275.31,327.95,52.639999999999986,5132.315763231384,5.762114924476686,0.16051227321237993,6.230053191489363
275.31,329.34999999999997,54.039999999999964,5020.696175323839,5.636798220864308,0.16408076514346426,6.094559585492232
275.31,330.75,55.44,4914.713940340908,5.517810643696989,0.16761904761904767,5.965909090909091
275.31,332.15,56.839999999999975,4813.952505110841,5.404684523532998,0.17112750263435184,5.8435960591133025
275.31,333.54999999999995,58.23999999999995,4718.035369651446,5.296997159146116,0.1746065057712486,5.727163461538465
275.31,334.95,59.639999999999986,4626.621386091551,5.194365539566129,0.17805642633228835,5.616197183098593
275.31,336.34999999999997,61.039999999999964,4539.40070452982,5.096441792443943,0.18147762747138385,5.510321100917434
275.31,337.75,62.44,4456.091264293724,5.002909244744273,0.1848704663212435,5.4091928251121075
275.31,339.15,63.839999999999975,4376.435746875003,4.913479001768275,0.18823529411764695,5.312500000000002
275.31,340.54999999999995,65.23999999999995,4300.1989211909895,4.827886966645323,0.19157245632065767,5.2199570815450675
275.31,341.95,66.63999999999999,4227.165323476893,4.745891235519134,0.19488229273285562,5.131302521008404
275.31,343.34999999999997,68.03999999999996,4157.137223611114,4.667269814315834,0.1981651376146788,5.0462962962962985
275.31,344.75,69.44,4089.932837449597,4.591818611709439,0.20142131979695432,4.964717741935484
275.31,346.15,70.83999999999997,4025.384751136365,4.5193496700756315,0.20465116279069762,4.886363636363638
275.31,347.54999999999995,72.23999999999995,3963.338528633724,4.4496896021485615,0.2078549848942597,4.811046511627909
275.31,348.95,73.63999999999999,3903.651478089356,4.382678206005788,0.2110330992978936,4.738593155893537
275.31,350.34999999999997,75.03999999999996,3846.1915562966446,4.318167235092225,0.21418581418581406,4.668843283582091
275.31,351.75,76.44,3790.8363935439556,4.2560193034062594,0.21731343283582094,4.601648351648352
275.31,353.15,77.83999999999997,3737.4724236960456,4.196106908831307,0.22041625371655094,4.5368705035971235
276.65,283.15,6.5,35871.79650115377,40.273713372800906,0.022956030372594083,43.56153846153846
276.65,284.54999999999995,7.899999999999977,29660.701383227963,33.300439410831885,0.02776313477420478,36.01898734177225
276.65,285.95,9.300000000000011,25319.61339758064,28.426645781498415,0.03252316838608149,30.74731182795695
276.65,287.34999999999997,10.699999999999989,22114.511053037437,24.828237400962653,0.03723681921002253,26.855140186915914
276.65,288.75,12.100000000000023,19651.085284090866,22.06251856303005,0.041904761904762,23.863636363636317
276.65,290.15,13.5,17698.5922672222,19.870430298890984,0.04652765810787529,21.49259259259259
276.65,291.54999999999995,14.899999999999977,16113.010689765128,18.090278084388824,0.05110615674841357,19.56711409395976
276.65,292.95,16.30000000000001,14799.798953834335,16.615918888328657,0.055640894350571846,17.972392638036798
276.65,294.34999999999997,17.69999999999999,13694.326927542394,15.374791655487137,0.06013249532869025,16.62994350282487
276.65,295.75,19.100000000000023,12750.913627617783,14.315609776151097,0.06458157227388006,15.484293193717258
276.65,297.15,20.5,11936.356778414634,13.401096641309794,0.06898872623254249,14.495121951219511
276.65,298.54999999999995,21.899999999999977,11225.944183904125,12.603507560238155,0.07335454697705568,13.632420091324214
276.65,299.95,23.30000000000001,10600.903059978536,11.901766094059207,0.07767961326887818,12.873390557939908
276.65,301.34999999999997,24.69999999999999,10046.71680030365,11.279574267771022,0.08196449311431886,12.2004048582996
276.65,302.75,26.100000000000023,9551.983472701148,10.724130989896876,0.08620974401321224,11.599616858237537
276.65,304.15,27.5,9107.622993000004,10.225241936679021,0.09041591320072329,11.059999999999999
276.65,305.54999999999995,28.899999999999977,8706.314739705893,9.774688155053209,0.09458353788250684,10.572664359861598
276.65,306.95,30.30000000000001,8342.091077475245,9.365769706382894,0.09871314546343057,10.130363036303626
276.65,308.34999999999997,31.69999999999999,8010.038590457417,8.99297023740588,0.10280525377006644,9.727129337539434
276.65,309.75,33.10000000000002,7706.075135574015,8.651706675170107,0.10686037126715098,9.358006042296067
276.65,311.15,34.5,7426.781178478262,8.338139865811453,0.11087899726819861,9.018840579710144
276.65,312.54999999999995,35.89999999999998,7169.270594080784,8.04902952069247,0.11486162214045748,8.70612813370474
276.65,313.95,37.30000000000001,6931.090562935652,7.781621828826374,0.11880872750437976,8.416890080428951
276.65,315.34999999999997,38.69999999999999,6710.143195542638,7.533561463503578,0.12272078642777862,8.14857881136951
276.65,316.75,40.10000000000002,6504.623574501243,7.302822021445203,0.12659826361483828,7.899002493765582
276.65,318.15,41.5,6312.97033753012,7.087650541742584,0.13044161559013046,7.666265060240963
276.65,319.54999999999995,42.89999999999998,6133.825936538464,6.886522888221021,0.13425129087779686,7.448717948717952
276.65,320.95,44.30000000000001,5966.004432223473,6.69810759203264,0.13802773017603998,7.244920993227989
276.65,322.34999999999997,45.69999999999999,5808.465208260397,6.521236340249688,0.1417713665270668,7.053610503282277
276.65,323.75,47.10000000000002,5660.29137340764,6.354879727638531,0.14548262548262558,6.873673036093415
276.65,325.15,48.5,5520.671904278352,6.1981272081265875,0.14916192526526217,6.7041237113402055
276.65,326.54999999999995,49.89999999999998,5388.8867941382805,6.050170421172426,0.15280967692543246,6.544088176352708
276.65,327.95,51.30000000000001,5264.2946334795315,5.9102892483210185,0.15642628449458762,6.3927875243664705
276.65,329.34999999999997,52.69999999999999,5146.322170161289,5.777840092243504,0.16001214513435558,6.249525616698293
276.65,330.75,54.10000000000002,5034.455490526802,5.65224597566723,0.163567649281935,6.113678373382622
276.65,332.15,55.5,4928.232535270271,5.5329881388461555,0.1670931807918109,5.984684684684685
276.65,333.54999999999995,56.89999999999998,4827.236720166961,5.419598877474976,0.1705891170739019,5.862038664323376
276.65,334.95,58.30000000000001,4731.091475943396,5.311655412533284,0.17405582922824303,5.745283018867923
276.65,336.34999999999997,59.69999999999999,4639.455556407035,5.208774622664236,0.17749368217630446,5.634003350083753
276.65,337.75,61.10000000000002,4552.018991612109,5.110608500743358,0.18090303478904524,5.527823240589196
276.65,339.15,62.5,4468.4995849199995,5.016840221084539,0.18428424001179422,5.426399999999999
276.65,340.54999999999995,63.89999999999998,4388.639870539907,4.9271807236329925,0.18763764498605195,5.329420970266042
276.65,341.95,65.30000000000001,4312.204462442572,4.841365737557619,0.19096359116829953,5.236600306278713
276.65,343.34999999999997,66.69999999999999,4238.9777371439295,4.759153179683316,0.19426241444590064,5.1476761619190405
276.65,344.75,68.10000000000002,4168.761802312773,4.680320873821459,0.19753444525018138,5.062408223201173
276.65,346.15,69.5,4101.374710899281,4.604664545749726,0.20078000866676293,4.980575539568345
276.65,347.54999999999995,70.89999999999998,4036.6488868476736,4.531996055740062,0.20399942454323117,4.901974612129761
276.65,348.95,72.30000000000001,3974.4297337136927,4.462141836436166,0.20719300759421122,4.826417704011064
276.65,350.34999999999997,73.69999999999999,3914.574401865673,4.394941508774753,0.21036106750392458,4.753731343283582
276.65,351.75,75.10000000000002,3856.9506935752324,4.330246652717225,0.21350390902629712,4.683754993342209
276.65,353.15,76.5,3801.4360883333343,4.267919712959845,0.21662183208268437,4.616339869281045
277.99,283.15,5.159999999999968,45169.47247180249,50.712330158080704,0.0182235564188592,54.87403100775227
277.99,284.54999999999995,6.559999999999945,35705.317950686316,40.08680582764827,0.02305394482516232,43.376524390244256
277.99,285.95,7.9599999999999795,29570.263009861912,33.19890312098564,0.027837034446581477,35.92336683417094
277.99,287.34999999999997,9.359999999999957,25270.480914583473,28.371484129991547,0.032573516617365406,30.699786324786462
277.99,288.75,10.759999999999991,22089.601223280697,24.800270824386097,0.03726406926406922,26.835501858736084
277.99,290.15,12.159999999999968,19641.160934580657,22.051376372045198,0.04190935722901934,23.861019736842167
277.99,291.54999999999995,13.559999999999945,17698.298286615114,19.87010024319649,0.04651003258446218,21.500737463126928
277.99,292.95,14.95999999999998,16119.073032653758,18.097084352367528,0.05106673493770264,19.582219251336923
277.99,294.34999999999997,16.359999999999957,14810.13082949271,16.627518614003264,0.055580091727535086,17.992053789731095
277.99,295.75,17.75999999999999,13707.55338809122,15.389641167723386,0.06005071851225696,16.652590090090097
277.99,297.15,19.159999999999968,12766.104174034474,14.3326643920899,0.06447921924953715,15.508872651357018
277.99,298.54999999999995,20.559999999999945,11952.867887962097,13.41963386994734,0.06886618656841381,14.520914396887196
277.99,299.95,21.95999999999998,11243.322931625698,12.623018897076118,0.07321220203367218,13.658925318761396
277.99,301.34999999999997,23.359999999999957,10618.826172110463,11.921888595610714,0.0775178364028537,12.900256849315092
277.99,302.75,24.75999999999999,10064.951017063817,11.300046050369167,0.0817836498761354,12.227382875605821
277.99,304.15,26.159999999999968,9570.359135493129,10.744761575719242,0.08601019233930618,11.62652905198778
277.99,305.54999999999995,27.559999999999945,9126.016066273607,10.24589206946627,0.09019800360006525,11.086719883889716
277.99,306.95,28.95999999999998,8724.634343525557,9.79525580276811,0.09434761361785304,10.599102209944759
277.99,308.34999999999997,30.359999999999957,8360.270697974323,9.386180193077717,0.09845954272741997,10.156455862977616
277.99,309.75,31.75999999999999,8028.029791955293,9.013169183737839,0.10253430185633572,9.752833753148618
277.99,311.15,33.15999999999997,7723.843003452963,8.67165488206238,0.10657239273662211,9.383293124246087
277.99,312.54999999999995,34.559999999999945,7444.300977907998,8.357809563161554,0.11057430811070212,9.043692129629642
277.99,313.95,35.95999999999998,7186.525294730261,8.068401588335309,0.11454053193183622,8.7305339265851
277.99,315.34999999999997,37.35999999999996,6948.068988236092,7.8006837186887745,0.11847153955921974,8.440845824411143
277.99,316.75,38.75999999999999,6726.838627515482,7.552305633227216,0.12236779794790842,8.172084623323016
277.99,318.15,40.15999999999997,6521.032694335165,7.3212447449592055,0.12622976583372614,7.9220617529880535
277.99,319.54999999999995,41.559999999999945,6329.092415940816,7.1057510002703665,0.13005789391331546,7.688883541867189
277.99,320.95,42.95999999999998,6149.662211557266,6.904302471715804,0.13385262501947337,7.470903165735571
277.99,322.34999999999997,44.35999999999996,5981.557628730846,6.715569359751707,0.13761439429191857,7.266681695220926
277.99,323.75,45.75999999999999,5823.739165482956,6.538384602540649,0.14134362934362932,7.074956293706295
277.99,325.15,47.15999999999997,5675.290755184482,6.371719720651714,0.14504075042288167,6.894614079728588
277.99,326.54999999999995,48.559999999999945,5535.401973156924,6.214664840189653,0.14870617057112223,6.724670510708409
277.99,327.95,49.95999999999998,5403.353234957968,6.066412074725461,0.1523402957767952,6.564251401120899
277.99,329.34999999999997,51.35999999999996,5278.503415508183,5.926241625135492,0.15594352512524656,6.412577881619942
277.99,330.75,52.75999999999999,5160.279439395376,5.793510092506317,0.15951625094482236,6.268953752843064
277.99,332.15,54.15999999999997,5048.167485681317,5.667640603661521,0.16305885894926986,6.132754800590845
277.99,333.54999999999995,55.559999999999945,4941.70552243521,5.548114429589322,0.1665717283765551,6.003419726421892
277.99,334.95,56.95999999999998,4840.476942213836,5.434463839916735,0.1700552321241976,5.880442415730339
277.99,336.34999999999997,58.35999999999996,4744.105113613779,5.326265985869293,0.17350973688122484,5.7633653187114495
277.99,337.75,59.75999999999999,4652.2486986696795,5.223137643055663,0.17693560325684676,5.651773761713522
277.99,339.15,61.15999999999997,4564.597613382932,5.124730676302831,0.18033318590594127,5.545291039895359
277.99,340.54999999999995,62.559999999999945,4480.869530634595,5.0307281134328,0.18370283365144602,5.443574168797958
277.99,341.95,63.95999999999998,4400.80684237805,4.940840734678399,0.18704488960374321,5.3463101938711715
277.99,343.34999999999997,65.35999999999996,4324.174012247555,4.854804100423885,0.19035969127712238,5.253212974296209
277.99,344.75,66.75999999999999,4250.755261271721,4.772375952926597,0.1936475707034082,5.164020371479928
277.99,346.15,68.15999999999997,4180.352538798418,4.6933339382490376,0.19690885454282814,5.078491784037561
277.99,347.54999999999995,69.55999999999995,4112.783738448824,4.617473603288227,0.20014386419220243,4.996405980448537
277.99,348.95,70.95999999999998,4047.8811252607106,4.5446066299098575,0.20335291589052873,4.917559188275086
277.99,350.34999999999997,72.35999999999996,3985.489945418742,4.4745592740751565,0.206536320822035,4.841763405196243
277.99,351.75,73.75999999999999,3925.4671943126355,4.407170982724414,0.2096943852167733,4.7688449023861175
277.99,353.15,75.15999999999997,3867.6805222791395,4.342293165239855,0.2128274104488177,4.6986428951570005
279.33,283.15,3.819999999999993,60990.125301440086,68.47437442622666,0.013491082465124427,74.12303664921478
279.33,284.54999999999995,5.21999999999997,44853.300878448536,50.35736036650784,0.018344754876120084,54.51149425287387
279.33,285.95,6.6200000000000045,35541.71941382171,39.903131709690925,0.023150900507081684,43.19486404833834
279.33,287.34999999999997,8.019999999999982,29481.06414632174,33.098758444281735,0.027910214024708502,35.82917705735669
279.33,288.75,9.420000000000016,25221.877535827993,28.316916510416515,0.032623376623376665,30.652866242038165
279.33,290.15,10.819999999999993,22064.88339385397,24.772519808974927,0.03729105635016372,26.816081330868776
279.33,291.54999999999995,12.21999999999997,19631.259431710332,22.040259831267914,0.041913908420511015,23.85842880523737
279.33,292.95,13.620000000000005,17697.939955176185,19.869697940020416,0.04649257552483366,21.508810572687217
279.33,294.34999999999997,15.019999999999982,16125.026239913454,18.10376809241434,0.051027688126380144,19.597203728362206
279.33,295.75,16.420000000000016,14820.33167219851,16.638971227347604,0.055519864750634085,18.011571254567585
279.33,297.15,17.819999999999993,13720.639617929299,15.404333241191532,0.05996971226653203,16.67508417508418
279.33,298.54999999999995,19.21999999999997,12781.15244149325,14.349559269667957,0.06437782615977217,15.533298647242477
279.33,299.95,20.620000000000005,11969.238693477208,13.438013577497706,0.0687447907984664,14.546556741028125
279.33,301.34999999999997,22.019999999999982,11260.565567370588,12.642377419300086,0.07307117969138865,13.685286103542245
279.33,302.75,23.420000000000016,10636.61851953458,11.94186428599369,0.07735755573905867,12.926985482493587
279.33,304.15,24.819999999999993,10083.060340914586,11.320377614140098,0.08160447147788918,12.254230459307013
279.33,305.54999999999995,26.21999999999997,9588.61592660184,10.765258702820073,0.08581246931762387,11.653318077803215
279.33,306.95,27.620000000000005,9144.296217577841,10.266415423349995,0.08998208177227562,11.113323678493844
279.33,308.34999999999997,29.019999999999982,8742.846776826334,9.815703128804687,0.09411383168477372,10.625430737422473
279.33,309.75,30.420000000000016,8378.34863239644,9.406476515545572,0.09820823244552068,10.18244575936883
279.33,311.15,31.819999999999993,8045.924491876175,9.03325978654561,0.10226578820504584,9.778441231929605
279.33,312.54999999999995,33.21999999999997,7741.519243392539,8.691500217124215,0.106286994080947,9.408488862131254
279.33,313.95,34.620000000000005,7461.733714601385,8.377381514091596,0.1102723363592929,9.0684575389948
279.33,315.34999999999997,36.01999999999998,7203.6971997085,8.087680700245313,0.11422229269066109,8.754858411993341
279.33,316.75,37.420000000000016,6964.968601483159,7.819657125275803,0.11813733228097878,8.464724746125063
279.33,318.15,38.81999999999999,6743.458964489952,7.570965492859495,0.12201791607732204,8.195517774343124
279.33,319.54999999999995,40.21999999999997,6537.370187357043,7.339587052157901,0.12586449694883417,7.9450522128294425
279.33,320.95,41.620000000000005,6345.146104505046,7.123774676664473,0.129677519862907,7.711436809226332
279.33,322.34999999999997,43.01999999999998,6165.43311956067,6.922008666847053,0.13345742205677058,7.493026499302652
279.33,323.75,44.420000000000016,5997.048283149479,6.732960910687638,0.13720463320463328,7.28838361098604
279.33,325.15,45.81999999999999,5838.953222861197,6.555465614529243,0.14091957558050128,7.096246180707116
279.33,326.54999999999995,47.21999999999997,5690.23271083228,6.388495240633524,0.144602664216812,6.915501905972049
279.33,327.95,48.620000000000005,5550.07693417318,6.231140601968317,0.1482543070590029,6.745166598107773
279.33,329.34999999999997,50.01999999999998,5417.766742772894,6.082594299733798,0.15187490511613777,6.584366253498602
279.33,330.75,51.420000000000016,5292.6613070303365,5.942136866543546,0.1554648526077098,6.432322053675611
279.33,332.15,52.81999999999999,5174.187738385081,5.809125113264938,0.15902453710672892,6.288337750851951
279.33,333.54999999999995,54.21999999999997,5061.83231788086,5.682982281217985,0.1625543396792084,6.151789007746221
279.33,334.95,55.620000000000005,4955.133049433656,5.563189681636529,0.16605463502015227,6.022114347357065
279.33,336.34999999999997,57.01999999999998,4853.673310128027,5.449279566776722,0.16952579158614534,5.898807435987374
279.33,337.75,58.420000000000016,4757.076413514208,5.340829026062881,0.1729681717246484,5.781410475864428
279.33,339.15,59.81999999999999,4665.000936334002,5.237454739344338,0.17638213180008844,5.66950852557673
279.33,340.54999999999995,61.21999999999997,4577.1366864668435,5.138808450058205,0.1797680223168403,5.562724599803987
279.33,341.95,62.620000000000005,4493.201211745449,5.044573045633152,0.183126188039187,5.4607154263813475
279.33,343.34999999999997,64.01999999999998,4412.936766846299,4.9544591521795205,0.18645696810834422,5.363167760074978
279.33,344.75,65.42000000000002,4336.107669634668,4.86820216642491,0.18976069615663527,5.269795169672881
279.33,346.15,66.82,4262.497989845854,4.785559660767771,0.19303770041889357,5.1803352289733615
279.33,347.54999999999995,68.21999999999997,4191.909522361479,4.70630910784942,0.1962883038411739,5.094547053649958
279.33,348.95,69.62,4124.16000502011,4.6302458796678,0.19951282418684624,5.012209135305946
279.33,350.34999999999997,71.01999999999998,4059.0815472190943,4.557181483349157,0.2027115741401455,4.933117431709379
279.33,351.75,72.42000000000002,3996.5192407829327,4.486942001552635,0.2058848614072495,4.857083678541838
279.33,353.15,73.82,3936.329928901382,4.419366710341733,0.20903298881495114,4.783933893253861
280.66999999999996,283.15,2.480000000000018,93907.29005987858,105.43088588736788,0.008758608511389765,114.17338709677335
280.66999999999996,284.54999999999995,3.8799999999999955,60319.993663530906,67.72200927756921,0.013635564927077848,73.33762886597945
280.66999999999996,285.95,5.28000000000003,44544.14232585192,50.010264203269244,0.01846476656758189,54.15719696969666
280.66999999999996,287.34999999999997,6.680000000000007,35380.92328540422,39.72260389065254,0.023246911432051487,43.01646706586821
280.66999999999996,288.75,8.080000000000041,29393.07717976472,32.999974379437205,0.02798268398268411,35.73638613861368
280.66999999999996,290.15,9.480000000000018,25173.793215031612,28.26293164368655,0.03267275547130799,30.606540084388126
280.66999999999996,291.54999999999995,10.879999999999995,22040.354388281266,24.744980788459937,0.03731778425655974,26.796875000000007
280.66999999999996,292.95,12.28000000000003,19621.380440594436,22.029168564718127,0.04191841611196456,23.85586319218235
280.66999999999996,294.34999999999997,13.680000000000007,17697.518119627188,19.86922433998786,0.04647528452522509,21.516812865497062
280.66999999999996,295.75,15.080000000000041,16130.871614224105,18.110330767064223,0.050989010989011097,19.61206896551719
280.66999999999996,297.15,16.480000000000018,14830.402913137117,16.650278335171343,0.05546020528352691,18.030946601941725
280.66999999999996,298.54999999999995,17.879999999999995,13733.58702877518,15.418869460845604,0.05988946575113041,16.69742729306488
280.66999999999996,299.95,19.28000000000003,12796.059758324673,14.36629590021856,0.06427737956326063,15.55757261410786
280.66999999999996,301.34999999999997,20.680000000000007,11985.470416175041,13.45623713503429,0.06862452297992372,14.57205029013539
280.66999999999996,302.75,22.08000000000004,11277.673200747267,12.661584372681338,0.07293146160198194,13.71150362318838
280.66999999999996,304.15,23.480000000000018,10654.281104706126,11.961694290677137,0.07719875061647219,12.953577512776821
280.66999999999996,305.54999999999995,24.879999999999995,10101.045675422021,11.340569973528709,0.0814269350351825,12.280948553054662
280.66999999999996,306.95,26.28000000000003,9606.754660216891,10.785623285300202,0.0856165499266982,11.679984779299835
280.66999999999996,308.34999999999997,27.680000000000007,9162.464181231935,10.286812822759554,0.08976812064212747,11.13981213872832
280.66999999999996,309.75,29.08000000000004,8760.952702974542,9.836030877932572,0.09388216303470553,10.651650618982103
280.66999999999996,311.15,30.480000000000018,8396.325481249994,9.426659347984724,0.09795918367346945,10.208333333333327
280.66999999999996,312.54999999999995,31.879999999999995,8063.723235084697,9.053242657555515,0.10199968005119175,9.803952321204516
280.66999999999996,313.95,33.28000000000003,7759.104350976556,8.71124323675374,0.10600414078674958,9.433593749999991
280.66999999999996,315.34999999999997,34.68000000000001,7479.079840441176,8.396856225935979,0.10997304582210243,9.093137254901958
280.66999999999996,316.75,36.08000000000004,7220.786722075937,8.106867320170581,0.11390686661404903,8.7791019955654
280.66999999999996,318.15,37.48000000000002,6981.789781176626,7.838542473533879,0.11780606632091783,8.488527214514402
280.66999999999996,319.54999999999995,38.879999999999995,6760.004554128087,7.58954143272492,0.12167109998435299,8.218878600823045
280.66999999999996,320.95,40.28000000000003,6553.636373646968,7.357849302399201,0.1255024147063406,7.96797418073485
280.66999999999996,322.34999999999997,41.68000000000001,6361.131698572456,7.1417219025176335,0.12930044982162248,7.7339251439539325
280.66999999999996,323.75,43.08000000000004,6181.138933669909,6.939641780251385,0.13306563706563723,7.515088207985137
280.66999999999996,325.15,44.48000000000002,6012.476648572391,6.750282528991121,0.13679840073812088,7.3100269784172625
280.66999999999996,326.54999999999995,45.879999999999995,5854.107615398868,6.57247964005711,0.1404991578625019,7.117480383609416
280.66999999999996,327.95,47.28000000000003,5705.117458978421,6.405206533039656,0.1441683183412107,6.936336717428083
280.66999999999996,329.34999999999997,48.68000000000001,5564.6969910949065,6.247554722235215,0.14780628510702898,6.765612161051765
280.66999999999996,330.75,50.08000000000004,5432.127507837456,6.098717309798423,0.15141345427059727,6.6044329073482375
280.66999999999996,332.15,51.48000000000002,5306.768485984849,5.957975172319354,0.15499021526418788,6.452020202020199
280.66999999999996,333.54999999999995,52.879999999999995,5188.04723382186,5.824685341665948,0.15853695098186182,6.30767776096823
280.66999999999996,334.95,54.28000000000003,5075.450143524316,5.698271183927603,0.16205403791610695,6.1707811348562975
280.66999999999996,336.34999999999997,55.68000000000001,4968.515263227368,5.578214059983573,0.16554184629106594,6.0407686781609184
280.66999999999996,337.75,57.08000000000004,4866.82596220217,5.464046213317806,0.16900074019245015,5.917133847231951
280.66999999999996,339.15,58.48000000000002,4770.005505959302,5.355344679419897,0.1724310776942356,5.79941860465116
280.66999999999996,340.54999999999995,59.879999999999995,4677.712392359721,5.25172604957867,0.1758332109822346,5.687207748830995
280.66999999999996,341.95,61.28000000000003,4589.636327031655,5.152841952432531,0.17920748647463092,5.580124020887726
280.66999999999996,343.34999999999997,62.68000000000001,4505.494738138162,5.058375141055531,0.18255424493956607,5.477823867262283
280.66999999999996,344.75,64.08000000000004,4425.029748010297,4.968036092972153,0.18587382160986232,5.379993757802743
280.66999999999996,346.15,65.48000000000002,4348.0055332697,4.881560046334007,0.18916654629495888,5.286346976175929
280.66999999999996,347.54999999999995,66.88,4274.206016514654,4.798704408346978,0.19243274349014527,5.196620813397129
280.66999999999996,348.95,68.28000000000003,4203.432841981545,4.7192464825211005,0.19567273248316386,5.110574106619798
280.66999999999996,350.34999999999997,69.68,4135.503595242538,4.642981469902928,0.19888682745825603,5.027985074626865
280.66999999999996,351.75,71.08000000000004,4070.25023329347,4.569720706515628,0.20207533759772578,4.948649409116485
280.66999999999996,353.15,72.48000000000002,4007.5176965852643,4.499290105069344,0.20523856718108457,4.872378587196467
282.01,283.15,1.1399999999999864,204208.66670658262,229.26761727470821,0.004026134557654881,248.3771929824591
282.01,284.54999999999995,2.5399999999999636,92105.87411161527,103.40841373258702,0.00892637497803539,112.0275590551197
282.01,285.95,3.9399999999999977,59670.04072119271,66.99229900212497,0.013778632628081877,72.57614213197974
282.01,287.34999999999997,5.339999999999975,44241.76041938228,49.67077626516478,0.01858360883939436,53.81086142322122
282.01,288.75,6.740000000000009,35222.85472366471,39.545138344745375,0.02334199134199133,42.84124629080113
282.01,290.15,8.139999999999986,29306.275311486523,32.90252083921244,0.02805445459245215,35.6449631449632
282.01,291.54999999999995,9.539999999999964,25126.218158647895,28.20951853446491,0.03272166009260835,30.560796645702418
282.01,292.95,10.939999999999998,22016.011099771513,24.71765027480803,0.03734425669909536,26.777879341864722
282.01,294.34999999999997,12.339999999999975,19611.523632860644,22.018102203728127,0.04192288092406993,23.853322528363094
282.01,295.75,13.740000000000009,17697.033611899566,19.868680377118633,0.046458157227388,21.52474526928674
282.01,297.15,15.139999999999986,16136.610437615607,18.116773815668132,0.05095069830052157,19.626816380449156
282.01,298.54999999999995,16.539999999999964,14840.345962726766,16.661441520968637,0.055401105342488544,18.05018137847646
282.01,299.95,17.939999999999998,13746.39701346155,15.43325139043623,0.05980996832805463,16.719620958751396
282.01,301.34999999999997,19.339999999999975,12810.827436375397,14.382875756568312,0.06417786626845856,15.581695966907981
282.01,302.75,20.74000000000001,12001.564263138853,13.474305897764513,0.0685053674649051,14.597396335583408
282.01,304.15,22.139999999999986,11294.646929336042,12.680640989486967,0.07279302975505508,13.7375790424571
282.01,305.54999999999995,23.539999999999964,10671.814919859837,11.981379723655367,0.0770414007527408,12.9800339847069
282.01,306.95,24.939999999999998,10118.907915457103,11.360624133217808,0.08125101808112067,12.307538091419406
282.01,308.34999999999997,26.339999999999975,9624.776143109353,10.805856228931574,0.085422409599481,11.706529992406995
282.01,309.75,27.74000000000001,9180.520685201871,10.307085084991435,0.08955609362389028,11.166186012977645
282.01,311.15,29.139999999999986,8778.95277987303,9.856239788787505,0.09365257914189296,10.67776252573782
282.01,312.54999999999995,30.539999999999964,8414.201840324171,9.446729359295128,0.09771236602143651,10.23411918795024
282.01,313.95,31.939999999999998,8081.426562351288,9.073118403897258,0.10173594521420604,9.829367564182844
282.01,315.34999999999997,33.339999999999975,7776.598818221358,8.730884493343838,0.10572379895354367,9.458608278344338
282.01,316.75,34.74000000000001,7496.339804188257,8.416234202524146,0.10967640094711917,9.117731721358663
282.01,318.15,36.139999999999986,7237.794272149978,8.125961908779585,0.11359421656451352,8.8032650802435
282.01,319.54999999999995,37.539999999999964,6998.532903396384,7.857340185692584,0.1174777030198716,8.512253596164099
282.01,320.95,38.94,6776.475741949153,7.6080338407422845,0.12132730954977411,8.242167437082692
282.01,322.34999999999997,40.339999999999975,6569.831571380768,7.376031852903074,0.12514347758647426,7.990827962320282
282.01,323.75,41.74000000000001,6377.049491794441,7.159593007515932,0.12892664092664097,7.756348826066122
282.01,325.15,43.139999999999986,6196.7799254867905,6.957202116859538,0.13267722589574038,7.537088548910526
282.01,326.54999999999995,44.539999999999964,6027.842976728785,6.767534497281671,0.13639565150819166,7.331612034126633
282.01,327.95,45.94,5869.20257687201,6.589426941587526,0.14008232962341816,7.138659120592076
282.01,329.34999999999997,47.339999999999975,5719.945217141955,6.421853842081458,0.14373766509792008,6.957118715673852
282.01,330.75,48.74000000000001,5579.262346686501,6.263907428636466,0.1473620559334845,6.786007386130487
282.01,332.15,50.139999999999986,5446.435719495414,6.114781317497938,0.15095589342164684,6.624451535700041
282.01,333.54999999999995,51.539999999999964,5320.825129481957,5.973756741306789,0.15451956228451502,6.47167248738844
282.01,334.95,52.94,5201.858091641481,5.840190964007501,0.15805344081206152,6.326973932754061
282.01,336.34999999999997,54.339999999999975,5089.021118319842,5.713507486605862,0.16155790099598621,6.189731321310271
282.01,337.75,55.74000000000001,4981.8523101453175,5.593187728915816,0.16503330866025168,6.059382848941513
282.01,339.15,57.139999999999986,4879.93503614806,5.478763934150735,0.16848002358838265,5.9354217710885555
282.01,340.54999999999995,58.539999999999964,4782.892520729419,5.369813091646367,0.17189839964762876,5.817389818927232
282.01,341.95,59.94,4690.383189214214,5.26595171125431,0.1752887849100746,5.704871538204872
282.01,343.34999999999997,61.339999999999975,4602.096650790676,5.166831313338583,0.1786515217707878,5.597489403325727
282.01,344.75,62.74000000000001,4517.750219277971,5.072134522597924,0.18198694706308927,5.4948995855913285
282.01,346.15,64.13999999999999,4437.085889546306,4.98157167345493,0.1852953921710241,5.396788275647023
282.01,347.54999999999995,65.53999999999996,4359.867701457127,4.894877850518835,0.18857718313911664,5.302868477265794
282.01,348.95,66.94,4285.87943459068,4.8118103004273935,0.19183264077948126,5.212877203465791
282.01,350.34999999999997,68.33999999999997,4214.922586325726,4.73214616181175,0.19506208077636644,5.126573017266609
282.01,351.75,69.74000000000001,4146.814593454259,4.655680468681103,0.19826581378820185,5.0437338686550035
282.01,353.15,71.13999999999999,4081.3872637826826,4.582224389561786,0.2014441455472179,4.9641551869553
283.34999999999997,284.54999999999995,1.1999999999999886,194880.2208937497,218.79445480380565,0.004217185028993153,237.12500000000222
283.34999999999997,285.95,2.6000000000000227,90387.24977019177,101.47889274749272,0.009092498688581974,109.98076923076826
283.34999999999997,287.34999999999997,4.0,59039.35843312488,66.28422413059938,0.013920306246737457,71.83749999999999
283.34999999999997,288.75,5.400000000000034,43945.92927083316,49.33864294468751,0.018701298701298774,53.47222222222189
283.34999999999997,290.15,6.800000000000011,35067.44152830882,39.37065401179838,0.02343615371359642,42.66911764705875
283.34999999999997,291.54999999999995,8.199999999999989,29220.632527134137,32.80636861696883,0.028125535928657186,35.55487804878053
283.34999999999997,292.95,9.600000000000023,25079.142817968706,28.15666646229786,0.032770097286226374,30.515624999999925
283.34999999999997,294.34999999999997,11.0,21991.850489318196,24.69052485608869,0.037370477322914875,26.759090909090904
283.34999999999997,295.75,12.400000000000034,19601.68868649188,22.007060386765332,0.04192730346576512,23.850806451612836
283.34999999999997,297.15,13.800000000000011,17696.487249456506,19.868066969188845,0.04644119131751645,21.532608695652154
283.34999999999997,298.54999999999995,15.199999999999989,16142.24397187501,18.12309865485013,0.0509127449338469,19.641447368421066
283.34999999999997,299.95,16.600000000000023,14850.162210993964,16.67246234533958,0.055342557092848854,18.06927710843371
283.34999999999997,301.34999999999997,18.0,13759.070946250004,15.447480572864043,0.059731209556993514,16.741666666666664
283.34999999999997,302.75,19.400000000000034,12825.456771262861,14.399300293323073,0.06407927332782837,15.605670103092756
283.34999999999997,304.15,20.80000000000001,12017.521427524025,13.492221205258813,0.06838730889363809,14.622596153846144
283.34999999999997,305.54999999999995,22.19999999999999,11311.487838851357,12.699548488662128,0.07265586647029942,13.76351351351352
283.34999999999997,306.95,23.600000000000023,10689.220947139815,12.000921687593818,0.07688548623554337,13.006355932203377
283.34999999999997,308.34999999999997,25.0,10136.647947300002,11.380541088245202,0.08107669855683475,12.333999999999998
283.34999999999997,309.75,26.400000000000034,9642.6811747159,10.825958431251713,0.08523002421307513,11.73295454545453
283.34999999999997,311.15,27.80000000000001,9198.466451169064,10.327233020286364,0.08934597461031657,11.192446043165463
283.34999999999997,312.54999999999995,29.19999999999999,8796.847660017129,9.876330593934128,0.09342505199168127,10.703767123287674
283.34999999999997,313.95,30.600000000000023,8431.97830073529,9.466687213130449,0.09746774964166272,10.25980392156862
283.34999999999997,315.34999999999997,32.0,8099.035010390628,9.092887628147105,0.1014745520849849,9.854687499999999
283.34999999999997,316.75,33.400000000000034,7794.003133607777,8.750424535318038,0.10544593528018953,9.483532934131727
283.34999999999997,318.15,34.80000000000001,7513.514051508618,8.435515944210865,0.10938236680810942,9.142241379310342
283.34999999999997,319.54999999999995,36.19999999999999,7254.720257527623,8.144964923686564,0.11328430605539042,8.827348066298343
283.34999999999997,320.95,37.60000000000002,7015.198341821805,7.87605068128641,0.11715220439320773,8.535904255319144
283.34999999999997,322.34999999999997,39.0,6792.872871346156,7.626443102443197,0.12098650535132616,8.265384615384615
283.34999999999997,323.75,40.400000000000034,6585.956096844052,7.394135058767319,0.12478764478764492,8.013613861386132
283.34999999999997,325.15,41.80000000000001,6392.8997761363635,7.177388319452524,0.12855605105336,7.778708133971289
283.34999999999997,326.54999999999995,43.19999999999999,6212.3563651041695,6.974689979908128,0.13229214515388144,7.559027777777779
283.34999999999997,327.95,44.60000000000002,6043.1475179932695,6.784717096657987,0.13599634090562596,7.35313901345291
283.34999999999997,329.34999999999997,46.0,5884.2383398369575,6.60630778021439,0.13966904508881128,7.159782608695651
283.34999999999997,330.75,47.400000000000034,5734.7162017405035,6.438437410733696,0.14331065759637196,6.977848101265818
283.34999999999997,332.15,48.80000000000001,5593.7732027151615,6.28019894769862,0.1469215715791059,6.8063524590163915
283.34999999999997,333.54999999999995,50.19999999999999,5460.691566185259,6.130786534394587,0.15050217358716833,6.644422310756973
283.34999999999997,334.95,51.60000000000002,5334.831413808137,5.989481771424876,0.1540528437080162,6.4912790697674385
283.34999999999997,336.34999999999997,53.0,5215.620477028301,5.855642165744134,0.15757395570090682,6.346226415094339
283.34999999999997,337.75,54.400000000000034,5102.545397288599,5.728691363296956,0.16106587712805343,6.208639705882349
283.34999999999997,339.15,55.80000000000001,4995.144335887095,5.608110852012007,0.16452896948252993,6.07795698924731
283.34999999999997,340.54999999999995,57.19999999999999,4893.000669099651,5.49343288323751,0.16796358831302305,5.953671328671329
283.34999999999997,341.95,58.60000000000002,4795.737587073378,5.384234407851552,0.1713700833455184,5.835324232081909
283.34999999999997,343.34999999999997,60.0,4703.013448874999,5.28013186131694,0.17474879860200965,5.722499999999999
283.34999999999997,344.75,61.400000000000034,4614.517773004882,5.180776662181297,0.17810007251631632,5.614820846905534
283.34999999999997,346.15,62.80000000000001,4529.967764211784,5.0858513126886535,0.1814242380470894,5.511942675159235
283.34999999999997,347.54999999999995,64.19999999999999,4449.105294742992,4.995066009591323,0.184721622788088,5.413551401869159
283.34999999999997,348.95,65.60000000000002,4371.694272141767,4.908155688943266,0.18799254907579888,5.319359756097559
283.34999999999997,350.34999999999997,67.0,4297.518337052239,4.824877441396922,0.19123733409447696,5.22910447761194
283.34999999999997,351.75,68.40000000000003,4226.378843749998,4.745008244919723,0.19445628997867814,5.142543859649121
283.34999999999997,353.15,69.80000000000001,4158.093083703437,4.6683429703642485,0.19764972391335134,5.059455587392549
284.69,285.95,1.259999999999991,186439.4748916687,209.3179239830119,0.004406364749081959,226.94444444444608
284.69,287.34999999999997,2.659999999999968,88745.8145960532,99.63603300331559,0.009257003654080331,108.02631578947496
284.69,288.75,4.060000000000002,58427.09243534464,65.59682545789227,0.014060606060606107,71.12068965517237
284.69,290.15,5.4599999999999795,43656.43292115402,49.01362178191761,0.018817852834740578,53.141025641025834
284.69,291.54999999999995,6.859999999999957,34914.61402500029,39.19907266756516,0.023529411764705688,42.50000000000026
284.69,292.95,8.259999999999991,29136.123568220402,32.71148935468778,0.02819593787335717,35.466101694915295
284.69,294.34999999999997,9.659999999999968,25032.557881521818,28.104364973079395,0.03281807372175971,30.47101449275372
284.69,295.75,11.060000000000002,21967.869583860756,24.66360119440974,0.03739644970414202,26.74050632911392
284.69,297.15,12.45999999999998,19591.875285674196,21.996042759261474,0.04193168433451111,23.84831460674161
284.69,298.54999999999995,13.859999999999957,17695.87983560611,19.86738501808253,0.04642438452520503,21.540404040404106
284.69,299.95,15.259999999999991,16147.773458944946,18.129306678954695,0.05087514585764297,19.655963302752305
284.69,301.34999999999997,16.659999999999968,14859.853027941204,16.68334234640306,0.055284552845528356,18.08823529411768
284.69,302.75,18.060000000000002,13771.610183139543,15.461558530526037,0.059653179190751415,16.763565891472865
284.69,304.15,19.45999999999998,12839.949042625914,14.415570947149336,0.06398158803222087,15.629496402877713
284.69,305.54999999999995,20.859999999999957,12033.343088758413,13.50998438167555,0.06827033218785783,14.647651006711438
284.69,306.95,22.25999999999999,11328.197003301899,12.718308076009766,0.07251995438996572,13.789308176100635
284.69,308.34999999999997,23.659999999999968,10706.500158727831,12.020321273973089,0.07673098751418828,13.03254437869824
284.69,309.75,25.060000000000002,10154.26664874302,11.400321824119253,0.08090395480225987,12.360335195530725
284.69,311.15,26.45999999999998,9660.470547222232,10.845930781657383,0.08503937007874007,11.759259259259267
284.69,312.54999999999995,27.859999999999957,9216.302194598009,10.347257431905252,0.08913773796192592,11.218592964824136
284.69,313.95,29.25999999999999,8814.63799055024,9.896304019928415,0.09319955406911928,10.729665071770338
284.69,315.34999999999997,30.659999999999968,8449.655448972608,9.486533567949486,0.09722530521642614,10.28538812785389
284.69,316.75,32.06,8116.549111899564,9.112550928370455,0.10121546961325967,9.879912663755459
284.69,318.15,33.45999999999998,7811.317782112977,8.769863907166247,0.1051705170517051,9.508368200836825
284.69,319.54999999999995,34.85999999999996,7530.603025000006,8.454701947906146,0.10909090909090902,9.166666666666677
284.69,320.95,36.25999999999999,7271.5650831081075,8.163876819476936,0.11297709923664123,8.851351351351353
284.69,322.34999999999997,37.65999999999997,7031.786467750938,7.894674377176308,0.11682953311617794,8.559479553903351
284.69,323.75,39.06,6809.19628360215,7.644769600990401,0.12064864864864866,8.28853046594982
284.69,325.15,40.45999999999998,6602.0102644463705,7.412159272983462,0.12443487621097948,8.036332179930799
284.69,326.54999999999995,41.85999999999996,6408.682841889636,7.195108164241199,0.1281886387995712,7.801003344481613
284.69,327.95,43.25999999999999,6227.868521116504,6.992105670951503,0.13191035218783353,7.5809061488673155
284.69,329.34999999999997,44.65999999999997,6058.390521394987,6.801830606708193,0.13560042507970238,7.374608150470224
284.69,330.75,46.06,5899.2151356382965,6.623122415671153,0.1392592592592593,7.180851063829786
284.69,332.15,47.45999999999998,5749.430628097348,6.454957480742503,0.14288724973656475,6.998525073746316
284.69,333.54999999999995,48.85999999999996,5608.229759957024,6.296429504835549,0.14648478488982153,6.826647564469919
284.69,334.95,50.25999999999999,5474.895235445682,6.146733171040397,0.15005224660397076,6.6643454038997225
284.69,336.34999999999997,51.65999999999997,5348.787514430896,6.005150459673174,0.1535900104058272,6.510840108401087
284.69,337.75,53.06,5229.3345544195245,5.871039131491551,0.15709844559585495,6.3654353562005275
284.69,339.15,54.45999999999998,5116.023134768638,5.743822987278138,0.16057791537667698,6.2275064267352205
284.69,340.54999999999995,55.85999999999996,5008.391485526321,5.622983592148109,0.1640287769784171,6.096491228070179
284.69,341.95,57.25999999999999,4906.022997616139,5.508053213894845,0.16745138178096208,5.971882640586798
284.69,343.34999999999997,58.65999999999997,4808.540833711221,5.398608772551051,0.17084607543323127,5.853221957040575
284.69,344.75,60.06,4715.603292832168,5.294266636165003,0.17421319796954315,5.74009324009324
284.69,346.15,61.45999999999998,4626.899808485196,5.19467812786033,0.1775530839231546,5.632118451025058
284.69,347.54999999999995,62.85999999999996,4542.1474815701595,5.099525633288604,0.18086606243705927,5.528953229398667
284.69,348.95,64.25999999999999,4461.08806650327,5.008519216911721,0.18415245737211627,5.430283224400872
284.69,350.34999999999997,65.65999999999997,4383.485342910449,4.921393671169247,0.18741258741258737,5.3358208955223905
284.69,351.75,67.06,4309.122816544886,4.837905935269884,0.1906467661691542,5.245302713987474
284.69,353.15,68.45999999999998,4237.801702300616,4.7578328306956506,0.19385530227948455,5.158486707566463
286.03,287.34999999999997,1.3199999999999932,178765.37872613774,200.70212049639355,0.0045937010614233165,217.68939393939505
286.03,288.75,2.7200000000000273,87176.46048253556,97.87409956498884,0.00941991341991355,106.15808823529305
286.03,290.15,4.1200000000000045,57832.438132645344,64.92919965492909,0.01419955195588496,70.42475728155331
286.03,291.54999999999995,5.519999999999982,43373.06480081537,48.69548085866776,0.018933287600754523,52.81702898550741
286.03,292.95,6.920000000000016,34764.30495585254,39.03031880077752,0.023621778460488185,42.33381502890163
286.03,294.34999999999997,8.319999999999993,29052.723904867857,32.617855512369886,0.028265670120604658,35.378605769230795
286.03,295.75,9.720000000000027,24986.454267746823,28.052603870828364,0.032865595942519144,30.426954732510204
286.03,297.15,11.120000000000005,21944.065474505387,24.63687602391982,0.03742217735150599,26.72212230215826
286.03,298.54999999999995,12.519999999999982,19582.08312064697,21.985048973444446,0.041936024116563386,23.845846645367445
286.03,299.95,13.920000000000016,17695.212159806033,19.86663541013364,0.04640773462243708,21.54813218390802
286.03,301.34999999999997,15.319999999999993,16153.200121312035,18.135399260482803,0.05083789613406331,19.67036553524805
286.03,302.75,16.720000000000027,14869.419763905495,16.694083040199274,0.055227085053674685,18.107057416267914
286.03,304.15,18.120000000000005,13784.016062168877,15.475486765654964,0.059575867170803876,16.785320088300214
286.03,305.54999999999995,19.519999999999982,12854.30551436988,14.431689137049377,0.06388479790541646,15.653176229508208
286.03,306.95,20.920000000000016,12049.030412738994,13.527596735981804,0.06815442254438842,14.672562141491385
286.03,308.34999999999997,22.319999999999993,11344.775485147858,12.736920944367192,0.07238527647154203,13.814964157706095
286.03,309.75,23.720000000000027,10723.653516968787,12.039579563229804,0.07657788539144483,13.058600337268112
286.03,311.15,25.120000000000005,10171.764889191874,11.419967316932608,0.0807327655471638,12.386544585987258
286.03,312.54999999999995,26.519999999999982,9678.145045644804,10.865774161496354,0.0848504239321708,11.78544494720966
286.03,313.95,27.920000000000016,9234.028624803002,10.367159116204112,0.08893135849657596,11.244627507163317
286.03,315.34999999999997,29.319999999999993,8832.32441331855,9.916160787379084,0.09297605834786749,10.755457025920874
286.03,316.75,30.720000000000027,8467.23386694335,9.506269077066746,0.09698500394633003,10.310872395833325
286.03,318.15,32.120000000000005,8133.969395594642,9.132108898163963,0.10095866729530101,9.905043586550434
286.03,319.54999999999995,33.51999999999998,7828.543245241653,8.789203149479794,0.10489751212642773,9.533114558472558
286.03,320.95,34.920000000000016,7547.607164218209,8.473792707104758,0.10880199408007485,9.1910080183276
286.03,322.34999999999997,36.31999999999999,7288.329151115088,8.18269804773222,0.11267256088102995,8.875275330396477
286.03,323.75,37.72000000000003,7048.297650119294,7.91321168757078,0.11650965250965262,8.58297985153764
286.03,325.15,39.120000000000005,6825.446317906443,7.663013717195962,0.12031370136859909,8.311605316973413
286.03,326.54999999999995,40.51999999999998,6617.994386734951,7.430104846452173,0.12408513244526098,8.058983218163872
286.03,327.95,41.920000000000016,6424.398977683681,7.212752865929809,0.12782436347004122,7.8232347328244245
286.03,329.34999999999997,43.31999999999999,6243.316660630195,7.009449489873352,0.1315318050705936,7.6027239150507855
286.03,330.75,44.72000000000003,6073.57223462656,6.818875305519883,0.13520786092214676,7.396019677996418
286.03,332.15,46.120000000000005,5914.133194416739,6.639871106339664,0.13885292789402381,7.201864700780571
286.03,333.54999999999995,47.51999999999998,5764.088710448235,6.471414292633025,0.14246739619247484,7.019149831649833
286.03,334.95,48.920000000000016,5622.632218203186,6.312599324355211,0.14605164949992544,6.846892886345051
286.03,336.34999999999997,50.31999999999999,5489.046913920908,6.162621436983168,0.1496060651107477,6.684220985691574
286.03,337.75,51.72000000000003,5362.6936060034795,6.02076300213706,0.1531310140636566,6.530355761794273
286.03,339.15,53.120000000000005,5243.000487509413,5.886382045031338,0.15662686127082415,6.384600903614457
286.03,340.54999999999995,54.51999999999998,5129.454484418566,5.7589025310638435,0.1600939656438114,6.246331621423332
286.03,341.95,55.920000000000016,5021.593903513946,5.637806111501006,0.163532680216406,6.114985693848353
286.03,343.34999999999997,57.31999999999999,4919.002157684926,5.522625078797492,0.16694335226445323,5.990055826936497
286.03,344.75,58.72000000000003,4821.302388836851,5.412936329669755,0.1703263234227702,5.871083106267028
286.03,346.15,60.120000000000005,4728.152842090818,5.308356171652428,0.17368192979922004,5.7576513639387885
286.03,347.54999999999995,61.51999999999998,4639.242871594605,5.208535838772431,0.17701050208603075,5.649382314694409
286.03,348.95,62.920000000000016,4554.289479569295,5.1131576058934485,0.1803123656684339,5.545931341385885
286.03,350.34999999999997,64.32,4473.034307346082,5.021931410515417,0.1835878407306979,5.446983830845771
286.03,351.75,65.72000000000003,4395.241010993608,4.9345919063586035,0.1868372423596305,5.3522519780888596
286.03,353.15,67.12,4320.6929653828975,4.850895885688669,0.190060880645618,5.261471990464838
287.37,288.75,1.3799999999999955,171757.93459239157,192.8347755612345,0.004779220779220772,209.2391304347833
287.37,290.15,2.7799999999999727,85674.52031061256,96.1878525997671,0.009581251077029007,104.37050359712332
287.37,291.54999999999995,4.17999999999995,57254.63712667527,64.28049525842064,0.014337163436803135,69.74880382775201
287.37,292.95,5.579999999999984,43095.62722500016,48.38399823172803,0.01904761904761898,52.50000000000015
287.37,294.34999999999997,6.979999999999961,34616.44937557327,38.86431949654571,0.023713266519449494,42.17048710601742
287.37,295.75,8.379999999999995,28970.40970972552,32.525440338751004,0.028334742180896044,35.29236276849644
287.37,297.15,9.779999999999973,24940.823117944867,28.00137320977306,0.03291267036850065,30.38343558282217
287.37,298.54999999999995,11.17999999999995,21920.435314803344,24.610346148875426,0.03744766370792141,26.703935599284552
287.37,299.95,12.579999999999984,19572.311887559626,21.974078688177418,0.04194032338723119,23.843402225755195
287.37,301.34999999999997,13.979999999999961,17694.484997961434,19.865819016460573,0.04639123942259815,21.555793991416365
287.37,302.75,15.379999999999995,16158.525162386219,18.141377750517815,0.050800990916597843,19.684655396618993
287.37,304.15,16.779999999999973,14878.86374991062,16.704685921085236,0.05517014630938677,18.125744934445798
287.37,305.54999999999995,18.17999999999995,13796.289903712895,15.489266760652178,0.05949926362297486,16.80693069306935
287.37,306.95,19.579999999999984,12868.527434908068,14.447656264632387,0.06378889069881089,15.676710929519931
287.37,308.34999999999997,20.97999999999996,12064.584552025752,13.545059562171046,0.06803956542889567,14.697330791229769
287.37,309.75,22.379999999999995,11361.22433545576,12.755388273779902,0.07225181598062957,13.840482573726545
287.37,311.15,23.779999999999973,10740.68197449538,12.058697624896574,0.0764261610155873,13.084524810765362
287.37,312.54999999999995,25.17999999999995,10189.14352976571,11.43947853347447,0.08056310990241544,12.412629070691047
287.37,313.95,26.579999999999984,9695.705447911972,10.885489444158495,0.08466316292403242,11.811512415349894
287.37,315.34999999999997,27.97999999999996,9251.646445014307,10.386938862708327,0.08872681147930861,11.27055039313797
287.37,316.75,29.379999999999995,8849.907564925119,9.93590161100833,0.09275453827940017,10.781143635125938
287.37,318.15,30.779999999999973,8484.714132017549,9.52589438870276,0.09674681753889669,10.336257309941528
287.37,319.54999999999995,32.17999999999995,8151.296386249236,9.151562126697245,0.10070411516194633,9.930080795525186
287.37,320.95,33.579999999999984,7845.680001057184,8.808442798986396,0.10462688892350824,9.557772483621207
287.37,322.34999999999997,34.97999999999996,7564.526905703265,8.492788711915644,0.10851558864588173,9.215265866209272
287.37,323.75,36.379999999999995,7305.012861118748,8.201429057054842,0.11237065637065635,8.899120395821882
287.37,325.15,37.77999999999997,7064.732255518798,7.931663024047152,0.11619252652621859,8.606405505558502
287.37,326.54999999999995,39.17999999999995,6841.623311370603,7.681175829539241,0.11998162609095075,8.334609494640132
287.37,327.95,40.579999999999984,6633.908774408576,7.447972127998851,0.1237383747522488,8.08156727451947
287.37,329.34999999999997,41.97999999999996,6440.048470497859,7.230322746713662,0.12746318506148469,7.845402572653651
287.37,330.75,43.379999999999995,6258.70104927386,7.026721734898237,0.131156462585034,7.62448132780083
287.37,332.15,44.77999999999997,6088.692904053154,6.835851469690304,0.13481860605148266,7.417373827601612
287.37,333.54999999999995,46.17999999999995,5928.99274511694,6.656554109258941,0.13845000749512804,7.22282373321785
287.37,334.95,47.579999999999984,5778.690661948302,6.48780808571719,0.1420510523958799,7.03972257250946
287.37,336.34999999999997,48.97999999999996,5636.980776265827,6.328708629466518,0.14562211981566808,6.867088607594941
287.37,337.75,50.379999999999995,5503.14678736602,6.178451540772449,0.14916358253145812,6.7040492258832876
287.37,339.15,51.77999999999997,5376.549862369643,6.036319593993087,0.1526758071649712,6.549826187717269
287.37,340.54999999999995,53.17999999999995,5256.618439253483,5.901671089315688,0.15615915430920557,6.403723204212115
287.37,341.95,54.579999999999984,5142.839599221327,5.773930166409933,0.15961397865184968,6.2651154268963
287.37,343.34999999999997,55.97999999999996,5034.751733681675,5.652578571552347,0.16304062909567485,6.133440514469457
287.37,344.75,57.379999999999995,4931.938284724644,5.537148629981637,0.16643944887599704,6.008191007319624
287.37,346.15,58.77999999999997,4834.02238012079,5.427217222544954,0.16981077567528524,5.888907791765909
287.37,347.54999999999995,60.17999999999995,4740.662217173483,5.32240060309137,0.173154941735002,5.775174476570293
287.37,348.95,61.579999999999984,4651.547076250406,5.222349922813972,0.1764722739647514,5.666612536537838
287.37,350.34999999999997,62.97999999999996,4566.393866013023,5.126747351535896,0.1797630940488082,5.562877103842492
287.37,351.75,64.38,4484.944119408202,5.035302705072642,0.18302771855010658,5.463653308480895
287.37,353.15,65.77999999999997,4406.961373266952,4.947750503274898,0.18626645901175132,5.368653086044392
288.71,288.75,0.040000000000020464,5923298.174059208,6650.16074330213,0.00013852813852821555,7218.7499999963065
288.71,290.15,1.4399999999999977,165333.81098645736,185.62233185860262,0.004962950198173388,201.49305555555586
288.71,291.54999999999995,2.839999999999975,84235.72136567022,94.57249507765826,0.009741039272851859,102.65845070422624
288.71,292.95,4.240000000000009,56692.97394728759,63.649909001108774,0.014473459634749997,69.09198113207532
288.71,294.34999999999997,5.639999999999986,42823.93092101063,48.07896140227981,0.019160862918294552,52.18971631205686
288.71,295.75,7.0400000000000205,34470.984552911905,38.701004325712255,0.023803888419273056,42.00994318181806
288.71,297.15,8.439999999999998,28889.15783299764,32.43421784326669,0.028403163385495533,35.20734597156399
288.71,298.54999999999995,9.839999999999975,24895.655789481778,27.950663286720307,0.03295930329927976,30.34044715447162
288.71,299.95,11.240000000000009,21896.976319083584,24.584008441768926,0.03747291215202542,26.685943060498197
288.71,301.34999999999997,12.639999999999986,19562.561288330708,21.963131568800613,0.041944582711133216,23.84098101265825
288.71,302.75,14.04000000000002,17693.699112713657,19.864936693290286,0.04637489677952111,21.563390313390283
288.71,304.15,15.439999999999998,16163.749766871755,18.14724347914197,0.050764425447969774,19.698834196891195
288.71,305.54999999999995,16.839999999999975,14888.186298010713,16.71515246212048,0.05511372934053338,18.144299287410952
288.71,306.95,18.24000000000001,13808.433010773018,15.502899978413627,0.059423358853233466,16.82839912280701
288.71,308.34999999999997,19.639999999999986,12882.616037398186,14.463473714379909,0.0636938543862493,15.7001018329939
288.71,309.75,21.04000000000002,12080.00664603136,13.562374139476097,0.06792574656981443,14.721958174904929
288.71,311.15,22.439999999999998,11377.544594050805,12.773711231672623,0.07211955648401092,13.865864527629235
288.71,312.54999999999995,23.839999999999975,10757.586474349842,12.077676517738679,0.07627579587266031,13.110318791946321
288.71,313.95,25.24000000000001,10206.403423395404,11.458856431340973,0.0803949673514891,12.438589540412039
288.71,315.34999999999997,26.639999999999986,9713.152524943695,10.905077495165257,0.08447756461074996,11.837462462462467
288.71,316.75,28.04000000000002,9269.156352442938,10.406597454185402,0.08852407261247042,11.296362339514971
288.71,318.15,29.439999999999998,8867.388076783294,9.955527199711792,0.09253496778249248,10.806725543478262
288.71,319.54999999999995,30.839999999999975,8502.096817071988,9.545410146033444,0.09651071819746515,10.361543450064858
288.71,320.95,32.24000000000001,8168.530604730143,9.170911198753949,0.10045178376694197,9.955024813895779
288.71,322.34999999999997,33.639999999999986,7862.728524212252,8.827583388584541,0.10435861641073363,9.582342449464926
288.71,323.75,35.04000000000002,7581.362683005133,8.511690449090752,0.10823166023166031,9.2394406392694
288.71,325.15,36.44,7321.616610057632,8.22007029309266,0.1120713516838382,8.922886937431395
288.71,326.54999999999995,37.839999999999975,7081.090648216181,7.950028795572225,0.11587811973664053,8.629756871035946
288.71,327.95,39.24000000000001,6857.727599044342,7.699256314184733,0.11965238603445649,8.357543323139652
288.71,329.34999999999997,40.639999999999986,6649.753736331201,7.465761464388908,0.12339456505237589,8.104084645669293
288.71,330.75,42.04000000000002,6455.631605673166,7.247818126948653,0.12710506424792145,7.86750713606089
288.71,332.15,43.44,6274.021951208565,7.043922702603082,0.13078428420894173,7.6461786372007365
288.71,333.54999999999995,44.839999999999975,6103.752774721236,6.8527593743361805,0.13443261879778134,7.4386708296164175
288.71,334.95,46.24000000000001,5943.794015495239,6.673171680133871,0.13805045529183468,7.24372837370242
288.71,336.34999999999997,47.639999999999986,5793.236694678842,6.504139098101315,0.1416381745205887,7.060243492863141
288.71,337.75,49.04000000000002,5651.275631984093,6.344757642285947,0.14519615099925987,6.887234910277321
288.71,339.15,50.44,5517.195040652261,6.194223689965488,0.14872475305911836,6.723830293417922
288.71,340.54999999999995,51.839999999999975,5390.356456568289,6.05182042951419,0.15222434297459986,6.569251543209879
288.71,341.95,53.24000000000001,5270.188571872653,5.916906446472047,0.15569527708729347,6.422802404207362
288.71,343.34999999999997,54.639999999999986,5156.178631487924,5.7889060643178665,0.1591379059268967,6.283857979502197
288.71,344.75,56.04000000000002,5047.865119245182,5.667301133092153,0.1625525743292241,6.151855817273374
288.71,346.15,57.44,4944.831513588093,5.551624018848202,0.16593962155135056,6.026288300835654
288.71,347.54999999999995,58.839999999999975,4846.700934712782,5.441451593929249,0.1692993813839735,5.906696125084978
288.71,348.95,60.24000000000001,4753.13153812251,5.3364000652548675,0.1726321822610689,5.792662682602921
288.71,350.34999999999997,61.639999999999986,4663.812535926346,5.236120507383346,0.17593834736691882,5.683809214795588
288.71,351.75,63.04000000000002,4578.460748294732,5.140294990787843,0.17921819474058287,5.579790609137054
288.71,353.15,64.44,4496.817604445997,5.048633214826538,0.18247203737788475,5.480291744258224
290.04999999999995,290.15,0.10000000000002274,2379862.09177456,2671.9008552538003,0.0003446493193176581,2901.49999999934
290.04999999999995,291.54999999999995,1.5,159423.0094450003,178.9862012405976,0.005144915108900694,194.36666666666665
290.04999999999995,292.95,2.900000000000034,82856.14453706774,93.02362696426152,0.009899300221881013,101.01724137930916
290.04999999999995,294.34999999999997,4.300000000000011,56146.773057557984,63.03668244926236,0.0146084593171395,68.45348837209283
290.04999999999995,295.75,5.7000000000000455,42557.79458552601,47.78016681882341,0.01927303465765018,51.885964912280286
290.04999999999995,297.15,7.100000000000023,34327.849877112545,38.540305239825464,0.023893656402490415,41.8521126760562
290.04999999999995,298.54999999999995,8.5,28808.945778529378,32.344162769203294,0.028470942890638118,35.1235294117647
290.04999999999995,299.95,9.900000000000034,24850.94384924238,27.9004646337065,0.03300550091681953,30.297979797979693
290.04999999999995,301.34999999999997,11.300000000000011,21873.6857608407,24.55785984151869,0.03749792599966817,26.668141592920325
290.04999999999995,302.75,12.700000000000045,19552.831030511756,21.952207286978506,0.04194880264244438,23.83858267716527
290.04999999999995,304.15,14.100000000000023,17692.85525372337,19.86398928227615,0.04635870458655278,21.570921985815566
290.04999999999995,305.54999999999995,15.5,16168.875101129019,18.152997755842616,0.05072819505809201,19.71290322580645
290.04999999999995,306.95,16.900000000000034,14897.388701627198,16.725484115445376,0.055057827007656046,18.16272189349109
290.04999999999995,308.34999999999997,18.30000000000001,13820.446669262294,15.51638786264993,0.059348143343603055,16.84972677595627
290.04999999999995,309.75,19.700000000000045,12896.572539974579,14.479142853906566,0.06359967715899939,15.72335025380707
290.04999999999995,311.15,21.100000000000023,12095.297821208509,13.579541732579441,0.06781295195243464,14.746445497630315
290.04999999999995,312.54999999999995,22.5,11393.737289666658,12.791890973017466,0.07198848184290518,13.891111111111108
290.04999999999995,313.95,23.900000000000034,10774.36795010459,12.096517289889514,0.07612677177894578,13.135983263598307
290.04999999999995,315.34999999999997,25.30000000000001,10223.545414920938,11.478101959044501,0.0802283177421913,12.464426877470348
290.04999999999995,316.75,26.700000000000045,9730.487040730322,10.924539172258136,0.08429360694554078,11.863295880149792
290.04999999999995,318.15,28.100000000000023,9286.559038345189,10.4261356667174,0.08832311802608839,11.322064056939492
290.04999999999995,319.54999999999995,29.5,8884.766575169493,9.97503825661782,0.09231732123298386,10.832203389830507
290.04999999999995,320.95,30.900000000000034,8519.382490533968,9.564816987239213,0.09627667861037559,10.386731391585748
290.04999999999995,322.34999999999997,32.30000000000001,8185.672568034048,9.190156694772703,0.10020164417558564,9.979876160990708
290.04999999999995,323.75,33.700000000000045,7879.689285979215,8.846625447377585,0.10409266409266427,9.60682492581601
290.04999999999995,325.15,35.10000000000002,7598.114926709393,8.530498402053881,0.10795017684145791,9.263532763532757
290.04999999999995,326.54999999999995,36.5,7338.140792260275,8.238622198563236,0.11177461338233041,8.946575342465753
290.04999999999995,327.95,37.900000000000034,7097.3731901715,7.968309408523071,0.11556639731666418,8.653034300791548
290.04999999999995,329.34999999999997,39.30000000000001,6873.759513931294,7.717255544999769,0.1193259450432671,8.38040712468193
290.04999999999995,330.75,40.700000000000045,6665.529579545447,7.483473200342928,0.12305366591080891,8.126535626535617
290.04999999999995,332.15,42.10000000000002,6471.148666923987,7.265239325164462,0.1267499623664008,7.889548693586693
290.04999999999995,333.54999999999995,43.5,6289.279629137929,7.061052687928515,0.13041523010043476,7.667816091954022
290.04999999999995,334.95,44.900000000000034,6118.752090367477,6.869599293103712,0.13404985818778936,7.459910913140306
290.04999999999995,336.34999999999997,46.30000000000001,5958.537232127428,6.689724073343918,0.13765422922550918,7.264578833693302
290.04999999999995,337.75,47.700000000000045,5807.72701965408,6.520407566693701,0.14122871946706161,7.080712788259952
290.04999999999995,339.15,49.10000000000002,5665.516982230138,6.360746583844322,0.14477369895326564,6.907331975560078
290.04999999999995,340.54999999999995,50.5,5531.191857772276,6.209938091133127,0.14828953163999414,6.743564356435643
290.04999999999995,341.95,51.900000000000034,5404.1135608381455,6.067265702074936,0.15177657552273738,6.588631984585737
290.04999999999995,343.34999999999997,53.30000000000001,5283.711046857411,5.932088297807804,0.15523518275811854,6.44183864915572
290.04999999999995,344.75,54.700000000000045,5169.471732861057,5.803830395038797,0.15866569978245115,6.302559414990854
290.04999999999995,346.15,56.10000000000002,5060.9342028074825,5.681973956222614,0.16206846742741599,6.1702317290552555
290.04999999999995,347.54999999999995,57.5,4957.681978565215,5.566051396166178,0.16544382103294497,6.044347826086955
290.04999999999995,348.95,58.900000000000034,4859.33817924448,5.455639585993578,0.16879209055738653,5.924448217317484
290.04999999999995,350.34999999999997,60.30000000000001,4765.560924502485,5.350354692379573,0.17211360068502934,5.810116086235488
290.04999999999995,351.75,61.700000000000045,4676.039363654777,5.24984771938338,0.17540867093105916,5.700972447325766
290.04999999999995,353.15,63.10000000000002,4590.490233399364,5.153800643762618,0.1786776157440182,5.5966719492868435
291.39,291.54999999999995,0.15999999999996817,1493997.3728534018,1677.3294856330995,0.0005487909449493067,1822.1875000003622
291.39,292.95,1.5600000000000023,153966.30049903758,172.8598860436034,0.005325140809011808,187.78846153846126
291.39,294.34999999999997,2.9599999999999795,81532.18847989895,91.53720498472993,0.010056055715984336,99.44256756756825
291.39,295.75,4.360000000000014,55615.396106077875,62.440098917792604,0.01474218089602708,67.83256880733924
291.39,297.15,5.759999999999991,42297.04446953133,47.487419411172475,0.019384149419485075,51.58854166666674
291.39,298.54999999999995,7.159999999999968,34186.98676906434,38.38215647138693,0.02398258248199625,41.69692737430186
291.39,299.95,8.560000000000002,28729.75168089949,32.255250567979665,0.028538089681613643,35.04088785046728
291.39,301.34999999999997,9.95999999999998,24806.679067319335,27.850768010912017,0.03305126928820301,30.2560240963856
291.39,302.75,11.360000000000014,21850.560971170733,24.53189735171296,0.03752270850536754,26.650528169014052
291.39,304.15,12.759999999999991,19543.120827155202,21.941305520551477,0.04195298372513556,23.83620689655174
291.39,305.54999999999995,14.159999999999968,17691.954157944936,19.862977610806034,0.04634266077565041,21.57838983050852
291.39,306.95,15.560000000000002,16173.902313528279,18.15864186990937,0.050692295162078516,19.726863753213365
291.39,308.34999999999997,16.95999999999998,14906.472235878542,16.73568231265133,0.055002432300956694,18.181014150943415
291.39,309.75,18.360000000000014,13832.332148284315,15.529731838199522,0.05927360774818402,16.870915032679726
291.39,311.15,19.75999999999999,12910.398145976736,14.494665034216611,0.06350634742085803,15.746457489878548
291.39,312.54999999999995,21.159999999999968,12110.45919123347,13.596563591819322,0.06770116781314983,14.770793950850681
291.39,313.95,22.560000000000002,11409.803440093077,12.809928640499693,0.07185857620640235,13.916223404255318
291.39,315.34999999999997,23.95999999999998,10791.02732598081,12.11522097898373,0.07597907087363243,13.16151919866445
291.39,316.75,25.360000000000014,10240.570341186905,11.497216056120921,0.08006314127861092,12.490141955835956
291.39,318.15,26.75999999999999,9747.70975241032,10.943875325485932,0.08411126826968407,11.889013452914801
291.39,319.54999999999995,28.159999999999968,9303.85518808595,10.445554269772034,0.08812392426850246,11.34765625000001
291.39,320.95,29.560000000000002,8902.043681275374,9.994435479146036,0.09210157345380898,10.857577807848443
291.39,322.34999999999997,30.95999999999998,8536.571716424429,9.584115545553416,0.09604467194043731,10.411821705426362
291.39,323.75,32.360000000000014,8202.722789323236,9.209299190887206,0.099953667953668,10.004635352286769
291.39,325.15,33.75999999999999,7896.562754280218,8.865569500707553,0.1038290019990773,9.63122037914692
291.39,326.54999999999995,35.15999999999997,7614.7840644624675,8.549213050929009,0.10767110702802007,9.287542662116048
291.39,327.95,36.56,7354.585799466632,8.257085213277907,0.11148040859887176,8.970185995623632
291.39,329.34999999999997,37.95999999999998,7113.580241056382,7.986505266707513,0.11525732503415809,8.676238145416232
291.39,330.75,39.360000000000014,6889.719387004574,7.735173893571992,0.11900226757369614,8.403201219512193
291.39,332.15,40.75999999999999,6681.236609286068,7.501107678551778,0.12271564052385964,8.14892051030422
291.39,333.54999999999995,42.15999999999997,6486.599936349622,7.282586658077491,0.12639784140308796,7.911527514231504
291.39,334.95,43.56,6304.474344318183,7.078111984190168,0.13004926108374382,7.689393939393939
291.39,336.34999999999997,44.95999999999998,6133.691093427494,6.8863714981783914,0.13367028393042957,7.481094306049824
291.39,337.75,46.360000000000014,5973.222620416304,6.706211541951616,0.13726128793486314,7.285375323554787
291.39,339.15,47.75999999999999,5822.161846827893,6.536613727212185,0.14082264484741258,7.101130653266333
291.39,340.54999999999995,49.15999999999997,5679.705022914973,6.376675674093379,0.14435472030538832,6.927379983726611
291.39,341.95,50.56,5545.137421845331,6.225594949865646,0.14785787395818106,6.763251582278481
291.39,343.34999999999997,51.95999999999998,5417.821346622404,6.082655604156735,0.15133245958934027,6.607967667436491
291.39,344.75,53.360000000000014,5297.186024971887,5.947216823814849,0.1547788252356781,6.460832083958019
291.39,346.15,54.75999999999999,5182.719054318848,5.818703328077746,0.15819731330348108,6.321219868517167
291.39,347.54999999999995,56.15999999999997,5073.959126362181,5.696597200361717,0.16158826068191623,6.188568376068379
291.39,348.95,57.56,4970.489813386033,5.580430912075933,0.16495199885370393,6.0623697011813755
291.39,350.34999999999997,58.95999999999998,4871.934239832092,5.469781340330181,0.16828885400313964,5.942164179104479
291.39,351.75,60.360000000000014,4777.950495402583,5.364264618168388,0.17159914712153523,5.827534791252484
291.39,353.15,61.75999999999999,4688.227672028821,5.2635316852237795,0.17488319411015152,5.718102331606218
292.72999999999996,292.95,0.22000000000002728,1091327.447270254,1225.2469375437902,0.0007509813961428247,1331.590909090744
292.72999999999996,294.34999999999997,1.6200000000000045,148913.22941574082,167.1867401097348,0.005503652114829283,181.697530864197
292.72999999999996,295.75,3.0200000000000387,80260.53804883992,90.10950718405739,0.010211327134404202,97.93046357615769
292.72999999999996,297.15,4.420000000000016,55098.23940305407,61.85948063663867,0.014874642436479957,67.22850678733008
292.72999999999996,298.54999999999995,5.819999999999993,42041.51398891764,47.20053215327006,0.019494222073354495,51.29725085910658
292.72999999999996,299.95,7.220000000000027,34048.33859688347,38.22649443907429,0.024070678446407867,41.54432132963973
292.72999999999996,301.34999999999997,8.620000000000005,28651.554283468617,32.167457374501645,0.028604612576738075,34.959396751740115
292.72999999999996,302.75,10.020000000000039,24762.85341092804,27.80156439982939,0.03309661436829081,30.214570858283317
292.72999999999996,304.15,11.420000000000016,21827.59933725919,24.506118038912305,0.03754726286371857,26.633099824868612
292.72999999999996,305.54999999999995,12.819999999999993,19533.430396684886,21.93042595339046,0.04195712649320893,23.833853354134174
292.72999999999996,306.95,14.220000000000027,17690.996549894502,19.861902492303248,0.046326763316501096,21.585794655414865
292.72999999999996,308.34999999999997,15.620000000000005,16178.832534795145,18.164177090821987,0.05065672125831033,19.740717029449417
292.72999999999996,309.75,17.02000000000004,14915.438157902432,16.74574846514251,0.054947538337368984,18.19917743830783
292.72999999999996,311.15,18.420000000000016,13844.090700407152,15.542933311336197,0.05919974288928176,16.891965255157423
292.72999999999996,312.54999999999995,19.819999999999993,12924.094044172567,14.510041589954605,0.06341385378339459,15.769424823410699
292.72999999999996,313.95,21.220000000000027,12125.491857186595,13.61344095339238,0.06759038063385903,14.795004712535324
292.72999999999996,315.34999999999997,22.620000000000005,11425.74405232095,12.827825364680532,0.07172982400507377,13.94120247568523
292.72999999999996,316.75,24.02000000000004,10807.56551696501,12.1337886122881,0.07583267561168128,13.18692756036634
292.72999999999996,318.15,25.420000000000016,10257.479031136892,11.516199653235535,0.07989941851327997,12.515735641227371
292.72999999999996,319.54999999999995,26.819999999999993,9764.821410346756,10.96308679729062,0.08393052730402129,11.914615958240121
292.72999999999996,320.95,28.220000000000027,9321.045481201272,10.4648540262729,0.0879264682972426,11.373139617292688
292.72999999999996,322.34999999999997,29.620000000000005,8919.220011259282,10.013719559065096,0.09188769970528932,10.882849426063467
292.72999999999996,323.75,31.02000000000004,8553.665054400375,9.603306449309953,0.09581467181467196,10.43681495809154
292.72999999999996,325.15,32.420000000000016,8219.681777961126,9.228339258966123,0.09970782715669702,10.029302899444781
292.72999999999996,326.54999999999995,33.81999999999999,7913.3493937167395,8.884416070188323,0.10356760067370996,9.655529272619752
292.72999999999996,327.95,35.22000000000003,7631.370520996585,8.5678348725683,0.10739441988107956,9.31147075525269
292.72999999999996,329.34999999999997,36.620000000000005,7370.9520208492595,8.275459774165554,0.1111887050250494,8.993719279082466
292.72999999999996,330.75,38.02000000000004,7129.712158271958,8.004616771384256,0.1149508692365836,8.699368753287734
292.72999999999996,332.15,39.420000000000016,6905.607547222222,7.7530117292267,0.1186813186813187,8.425925925925922
292.72999999999996,333.54999999999995,40.81999999999999,6696.8751289931415,7.518665239691413,0.12238045270574127,8.171239588437041
292.72999999999996,334.95,42.22000000000003,6501.98569444576,7.299860440603749,0.1260486639796985,7.933443865466598
292.72999999999996,336.34999999999997,43.620000000000005,6319.60635656809,7.095100883089805,0.12968633863535006,7.710912425492892
292.72999999999996,337.75,45.02000000000004,6148.5700250444215,6.903076260294624,0.13329385640266478,7.502221235006657
292.72999999999996,339.15,46.420000000000016,5987.850404599308,6.722634337711134,0.13687159074155986,7.306118052563547
292.72999999999996,340.54999999999995,47.81999999999999,5836.541385100375,6.552757814191506,0.1404199089707826,7.1214972814721875
292.72999999999996,341.95,49.22000000000003,5693.839948994309,6.3925451319123265,0.14393917239362486,6.947379114181223
292.72999999999996,343.34999999999997,50.620000000000005,5559.031915122481,6.24119447077858,0.14742973642056212,6.78289213749506
292.72999999999996,344.75,52.02000000000004,5431.479984573236,6.097990327352909,0.15089195068890515,6.6272587466359045
292.72999999999996,346.15,53.420000000000016,5310.613666257954,5.962292204174193,0.1543261591795465,6.479782852864093
292.72999999999996,347.54999999999995,54.81999999999999,5195.920746178404,5.833525032197602,0.1577327003308876,6.3398394746442905
292.72999999999996,348.95,56.22000000000003,5086.94003129669,5.711171024246873,0.16111190715002155,6.206865884027033
292.72999999999996,350.34999999999997,57.620000000000005,4983.255151223534,5.594762716092437,0.16446410732125016,6.080354043734813
292.72999999999996,351.75,59.02000000000004,4884.489242078952,5.483876997955487,0.16778962331201153,5.959844120637069
292.72999999999996,353.15,60.420000000000016,4790.300369438925,5.3781299757931125,0.17108877247628496,5.844918901026149
294.07,294.34999999999997,0.2799999999999727,861227.0907375711,966.9103971455834,0.0009512485136741189,1051.2500000001023
294.07,295.75,1.6800000000000068,144220.54928124903,161.91820958936682,0.005680473372781103,176.04166666666595
294.07,297.15,3.079999999999984,79038.13642159136,88.73710162971973,0.010365135453474617,96.47727272727322
294.07,298.54999999999995,4.479999999999961,54594.731599219296,61.29418614485157,0.015005861664712628,66.64062500000057
294.07,299.95,5.8799999999999955,41791.04335892857,46.919325652777104,0.01960326721120187,51.0119047619048
294.07,301.34999999999997,7.279999999999973,33911.85059567326,38.07325765765495,0.024157955865272807,41.39423076923092
294.07,302.75,8.680000000000007,28574.332917338725,32.0807599835396,0.02867052023121386,34.87903225806449
294.07,304.15,10.079999999999984,24719.459038541692,27.752844996678668,0.03314154200230146,30.173611111111157
294.07,305.54999999999995,11.479999999999961,21804.79830091471,24.48051903100338,0.037571592210767335,26.615853658536672
294.07,306.95,12.879999999999995,19523.759462771755,21.919568275257387,0.041961231470923566,23.83152173913044
294.07,308.34999999999997,14.279999999999973,17689.983141911784,19.86076472652047,0.04631101021566397,21.593137254902
294.07,309.75,15.680000000000007,16183.666878348198,18.16960466862939,0.050621468926553725,19.754464285714278
294.07,311.15,17.079999999999984,14924.287707172138,16.755683964491002,0.05489313835770526,18.217213114754113
294.07,312.54999999999995,18.47999999999996,13855.723561931834,15.555993670070544,0.05912653975363935,16.91287878787882
294.07,313.95,19.879999999999995,12937.661408978876,14.525273839652943,0.06332218506131548,15.792253521126764
294.07,315.34999999999997,21.279999999999973,12140.396907730279,13.630175039553473,0.0674805771365149,14.819078947368439
294.07,316.75,22.680000000000007,11441.56012268518,12.845582264157605,0.07160220994475142,13.966049382716045
294.07,318.15,24.079999999999984,10823.983428924423,12.152221206831056,0.07568756875687566,13.21220930232559
294.07,319.54999999999995,25.47999999999996,10274.272305906605,11.535053672287644,0.07973713033953989,12.541208791208808
294.07,320.95,26.879999999999995,9781.822758203127,10.982174422592484,0.0837513631406761,11.940104166666668
294.07,322.34999999999997,28.279999999999973,9338.130591460402,10.484035692669138,0.0877307274701411,11.398514851485158
294.07,323.75,29.680000000000007,8936.296176297168,10.032891182549868,0.0916756756756757,10.908018867924525
294.07,325.15,31.079999999999984,8570.663059797304,9.62239032199091,0.0955866523143164,10.461711711711716
294.07,326.54999999999995,32.47999999999996,8236.55003954742,9.247277466652541,0.09946409431939973,10.053879310344838
294.07,327.95,33.879999999999995,7930.049665599178,8.903165673738831,0.10330843116328703,9.679752066115704
294.07,329.34999999999997,35.27999999999997,7647.874718154769,8.586364340580182,0.10712008501594039,9.335317460317466
294.07,330.75,36.68000000000001,7387.239843034348,8.293746315296225,0.11089947089947094,9.017175572519083
294.07,332.15,38.079999999999984,7145.7692969669115,8.02264432128316,0.11464699683877766,8.722426470588239
294.07,333.54999999999995,39.47999999999996,6921.424321542558,7.770769419044075,0.11836306400839447,8.448581560283696
294.07,334.95,40.879999999999995,6712.445440325344,7.536146222437795,0.12204806687565306,8.193493150684931
294.07,336.34999999999997,42.27999999999997,6517.3062201159,7.317060985871674,0.12570239334027045,7.955298013245037
294.07,337.75,43.68000000000001,6334.675924278847,7.112019674726447,0.1293264248704663,7.732371794871794
294.07,339.15,45.079999999999984,6163.38912507764,6.919713848745525,0.1329205366357069,7.52329192546584
294.07,340.54999999999995,46.47999999999996,6002.420807756029,6.738992711076714,0.13648509763617667,7.326807228915667
294.07,341.95,47.879999999999995,5850.865842324562,6.568840060990864,0.14002047082906854,7.1418128654970765
294.07,343.34999999999997,49.27999999999997,5707.921954474434,6.408355175114442,0.14352701325178385,6.9673295454545485
294.07,344.75,50.68000000000001,5572.875518991713,6.256736857518483,0.14700507614213199,6.802486187845303
294.07,346.15,52.079999999999984,5445.089644556452,6.113270062373921,0.1504550050556117,6.646505376344088
294.07,347.54999999999995,53.47999999999996,5323.994130039268,5.97731461776049,0.15387713997985897,6.498691099476444
294.07,348.95,54.879999999999995,5209.076958099488,5.848295675423249,0.15727181544633906,6.358418367346939
294.07,350.34999999999997,56.27999999999997,5099.877058395525,5.725695585938615,0.16063936063936057,6.225124378109455
294.07,351.75,57.68000000000001,4995.978124696601,5.609046957108568,0.1639800995024876,6.098300970873786
294.07,353.15,59.079999999999984,4897.003311078201,5.497926699313125,0.16729435084241817,5.977488151658769
295.40999999999997,295.75,0.34000000000003183,712335.9431690229,799.7484486011259,0.0011496196111582258,869.8529411763891
295.40999999999997,297.15,1.740000000000009,139850.97827327496,157.01243771558882,0.005855628470469498,170.7758620689646
295.40999999999997,298.54999999999995,3.1399999999999864,77862.16041831231,87.41681870249501,0.010517501256070982,95.07961783439531
295.40999999999997,299.95,4.5400000000000205,54104.331548788214,60.743607891308194,0.015135855975996093,66.0682819383257
295.40999999999997,301.34999999999997,5.939999999999998,41545.47925075756,46.643627765529985,0.01971129915380787,50.732323232323246
295.40999999999997,302.75,7.340000000000032,33777.46979121246,37.92238665230994,0.024244426094137128,41.24659400544941
295.40999999999997,304.15,8.740000000000009,28498.06748117846,31.995135827078094,0.028735821140884465,34.799771167048014
295.40999999999997,305.54999999999995,10.139999999999986,24676.488294230778,27.704601206052292,0.03318605792832596,30.133136094674594
295.40999999999997,306.95,11.54000000000002,21782.155357148986,24.455097515604564,0.03759569962534626,26.598786828422828
295.40999999999997,308.34999999999997,12.939999999999998,19514.107754211724,21.90873218166804,0.04196529917301772,23.82921174652241
295.40999999999997,309.75,14.340000000000032,17688.914634414195,19.859565099825076,0.04629539951573858,21.600418410041794
295.40999999999997,311.15,15.740000000000009,16188.406440628973,18.174925834320167,0.05058653382612888,19.76810673443455
295.40999999999997,312.54999999999995,17.139999999999986,14933.022105805154,16.765490182783378,0.05483922572388411,18.23512252042008
295.40999999999997,313.95,18.54000000000002,13867.231953155326,15.568914284445183,0.05905398948877216,16.933656957928783
295.40999999999997,315.34999999999997,19.939999999999998,12951.101400677031,14.540363085973988,0.06323133026795624,15.81494483450351
295.40999999999997,316.75,21.340000000000032,12155.17541928301,13.646767058811058,0.06737174427782178,14.843017806935311
295.40999999999997,318.15,22.74000000000001,11457.252637005264,12.863200445722761,0.07147571900047156,13.990765171503952
295.40999999999997,319.54999999999995,24.139999999999986,10840.28195871998,12.170519769529559,0.0755437333750586,13.23736536868269
295.40999999999997,320.95,25.54000000000002,10290.950978915422,11.553779026513327,0.07957625798410972,12.566562255285815
295.40999999999997,322.34999999999997,26.939999999999998,9798.714533017821,11.001139028873718,0.083573755234993,11.965478841870825
295.40999999999997,323.75,28.340000000000032,9355.111186926593,10.503100019003696,0.08753667953667965,11.423782639378956
295.40999999999997,325.15,29.74000000000001,8953.27278263281,10.0519510302378,0.09146547747193612,10.933086751849357
295.40999999999997,326.54999999999995,31.139999999999986,8587.566283670527,9.641367782272962,0.0953605879650895,10.486512524084782
295.40999999999997,327.95,32.54000000000002,8253.328075952666,9.26611437740279,0.09922244244549483,10.078365089121075
295.40999999999997,329.34999999999997,33.94,7946.664027975843,8.921818825615631,0.1030514650068316,9.703889216263995
295.40999999999997,330.75,35.34000000000003,7664.297074915102,8.604801925356576,0.1068480725623584,9.359083191850585
295.40999999999997,332.15,36.74000000000001,7403.449650122477,8.31194526790443,0.11061267499623673,9.040555253130101
295.40999999999997,333.54999999999995,38.139999999999986,7161.752010055064,8.040588312624973,0.11434567531104778,8.74541164132145
295.40999999999997,334.95,39.54000000000002,6937.1700349393,7.788447327876165,0.11804746977160774,8.471168437025792
295.40999999999997,336.34999999999997,40.94,6727.947843172935,7.553550963481458,0.12171844804519105,8.215681485100147
295.40999999999997,337.75,42.34000000000003,6532.561790682565,7.334188605234719,0.12535899333826805,7.977090222012276
295.40999999999997,339.15,43.74000000000001,6349.683304423867,7.128868647607351,0.12896948252985407,7.753772290809326
295.40999999999997,340.54999999999995,45.139999999999986,6178.148632111212,6.936284531392401,0.13255028630157095,7.544306601683652
295.40999999999997,341.95,46.54000000000002,6016.934051815639,6.755286911211001,0.13610176926451245,7.347443059733559
295.40999999999997,343.34999999999997,47.94,5865.135425312891,6.584860699801157,0.1396242900830057,7.162077596996245
295.40999999999997,344.75,49.34000000000003,5721.951232417913,6.424106020453478,0.14311820159535904,6.987231455208751
295.40999999999997,346.15,50.74000000000001,5586.66841398305,6.272222312768665,0.14658385093167703,6.822033898305083
295.40999999999997,347.54999999999995,52.139999999999986,5458.650495655928,6.12849499905235,0.15002157962883034,6.6657077100115085
295.40999999999997,348.95,53.54000000000002,5337.327574925289,5.992284242646558,0.15343172374265657,6.517556966753826
295.40999999999997,350.34999999999997,54.94,5222.187839088097,5.863015425045578,0.1568146139574711,6.376956680014561
295.40999999999997,351.75,56.34000000000003,5112.770347843447,5.740171042824123,0.1601705756929639,6.243343982960593
295.40999999999997,353.15,57.74000000000001,5008.658865872879,5.623283783398314,0.1634999292085516,6.116210599237962
296.75,297.15,0.39999999999997726,608109.8605312888,682.732525576837,0.001346121487464158,742.8750000000422
296.75,298.54999999999995,1.7999999999999545,135772.20547916953,152.43314862374484,0.006029140847429115,165.86111111111526
296.75,299.95,3.1999999999999886,76729.99859765652,86.14572650461044,0.010668444740790095,93.73437500000033
296.75,301.34999999999997,4.599999999999966,53626.526339674194,60.20717002321117,0.015264642442342713,65.51086956521787
296.75,302.75,6.0,41304.674468749996,46.373273233131236,0.019818331957060287,50.458333333333336
296.75,304.15,7.399999999999977,33645.144927365036,37.773823877135996,0.02433010027946725,41.101351351351475
296.75,305.54999999999995,8.799999999999955,28422.738421875103,31.91056295259358,0.02880052364588437,34.721590909091084
296.75,306.95,10.199999999999989,24633.93370220594,27.6568246347883,0.033230167779768616,30.093137254901993
296.75,308.34999999999997,11.599999999999966,21759.66805280177,24.42985073852225,0.03761958813037125,26.581896551724213
296.75,309.75,13.0,19504.475004807697,21.897917373759622,0.04196933010492332,23.826923076923077
296.75,311.15,14.399999999999977,17687.791716145868,19.85830438547869,0.04627992929455238,21.60763888888892
296.75,312.54999999999995,15.799999999999955,16193.05230142411,18.18014180018425,0.05055191169412876,19.781645569620306
296.75,313.95,17.19999999999999,14941.642558866302,16.77516847296093,0.05478579391622862,18.252906976744196
296.75,315.34999999999997,18.599999999999966,13878.617078629064,15.58169650682504,0.05898208339939737,16.954301075268848
296.75,316.75,20.0,12964.415165624992,14.555310615948121,0.06314127861089192,15.8375
296.75,318.15,21.399999999999977,12169.828456191593,13.663218206120572,0.06726386924406724,14.866822429906557
296.75,319.54999999999995,22.799999999999955,11472.822570723714,12.880681004517474,0.0713503364105772,14.015350877193008
296.75,320.95,24.19999999999999,10856.461994318184,12.188685297314677,0.07540115282754323,13.262396694214882
296.75,322.34999999999997,25.599999999999966,10307.515855957046,11.57237662058723,0.07941678299984478,12.591796875000016
296.75,323.75,27.0,9815.49746527778,11.01998143626112,0.08339768339768339,11.99074074074074
296.75,325.15,28.399999999999977,9371.987930017616,10.522047748981269,0.0873443026295555,11.448943661971839
296.75,326.54999999999995,29.799999999999955,8970.150431627526,10.07089977728475,0.09125708161077928,10.958053691275182
296.75,327.95,31.19999999999999,8604.375272836538,9.660239444073804,0.09513645372770241,10.511217948717952
296.75,329.34999999999997,32.599999999999966,8270.01638535277,9.28485055052517,0.0989828449977227,10.102760736196329
296.75,330.75,34.0,7963.1929356617675,8.940376036445231,0.10279667422524563,9.727941176470589
296.75,332.15,35.39999999999998,7680.6380074152585,8.623148094100436,0.10657835315369557,9.382768361581926
296.75,333.54999999999995,36.799999999999955,7419.581823709248,8.330057060412313,0.11032828661370098,9.063858695652184
296.75,334.95,38.19999999999999,7177.660648232986,8.058449139141109,0.1140468726675623,8.768324607329845
296.75,336.34999999999997,39.599999999999966,6952.84501041667,7.806045818363837,0.11773450275011144,8.493686868686876
296.75,337.75,41.0,6743.382635670732,7.570879797542082,0.12139156180606958,8.237804878048781
296.75,339.15,42.39999999999998,6547.752681898588,7.351243608284032,0.12501842842400113,7.998820754716985
296.75,340.54999999999995,43.799999999999955,6364.6287525684975,7.145648088658917,0.12861547496696513,7.775114155251148
296.75,341.95,45.19999999999999,6192.84878346239,6.9527885746742895,0.13218306769995614,7.565265486725665
296.75,343.34999999999997,46.599999999999966,6031.39035756438,6.771517185993465,0.13572156691422743,7.368025751072966
296.75,344.75,48.0,5879.350339843749,6.60081996165235,0.13923132704858598,7.182291666666667
296.75,346.15,49.39999999999998,5735.927974949396,6.439797883630174,0.14271269680774223,7.007085020242918
296.75,347.54999999999995,50.799999999999955,5600.410779773629,6.287651038254888,0.1461660192778016,6.841535433070871
296.75,348.95,52.19999999999999,5472.162706178161,6.143665326347997,0.14959163203897408,6.684865900383143
296.75,350.34999999999997,53.599999999999966,5350.614158815301,6.007201256107894,0.1529898672755815,6.5363805970149285
296.75,351.75,55.0,5235.2535375,5.877684447625462,0.15636105188343996,6.3954545454545455
296.75,353.15,56.39999999999998,5125.620039228726,5.754597551620888,0.15970550757468494,6.261524822695038
298.09,298.54999999999995,0.45999999999997954,531071.2087206914,596.2402702601228,0.0015407804387873592,649.0217391304635
298.09,299.95,1.8600000000000136,131956.08913628914,148.14874720589327,0.006201033505584319,161.26344086021388
298.09,301.34999999999997,3.259999999999991,75639.23177162613,84.92110898352546,0.010817985730877666,92.43865030674871
298.09,302.75,4.660000000000025,53160.829475858125,59.68432634541161,0.015392237819983556,64.96781115879793
298.09,304.15,6.060000000000002,41068.48764678206,46.10810334207034,0.019924379418050364,50.18976897689767
298.09,305.54999999999995,7.4599999999999795,33514.82639698403,37.62751363757049,0.024414989363442885,40.958445040214585
298.09,306.95,8.860000000000014,28348.326715970587,31.8270200022124,0.028864635934191307,34.644469525959316
298.09,308.34999999999997,10.259999999999991,24591.787961549697,27.60950708605557,0.033273877087725,30.053606237816787
298.09,309.75,11.660000000000025,21737.333985205758,24.40477600225189,0.03764326069410828,26.565180102915896
298.09,311.15,13.060000000000002,19494.86095325419,21.887123558161207,0.041973324762976105,23.824655436447163
298.09,312.54999999999995,14.45999999999998,17686.615064419115,19.85698334390829,0.04626459766437363,21.614799446749682
298.09,313.95,15.860000000000014,16197.605524180328,18.18525376016653,0.0505175983436853,19.795081967213097
298.09,315.34999999999997,17.25999999999999,14950.150254663973,16.784720169152322,0.05473283653083871,18.270567786790274
298.09,316.75,18.660000000000025,13889.880127411565,15.59434167218094,0.058910812943962165,16.974812433011767
298.09,318.15,20.060000000000002,12977.603836465607,14.570117701207597,0.06305201948766304,15.85992023928215
298.09,319.54999999999995,21.45999999999998,12184.357070899357,13.679529663073264,0.06715693944609602,14.890493942218093
298.09,320.95,22.860000000000014,11488.270889041985,12.898025024185454,0.07122604767097684,14.039807524059484
298.09,322.34999999999997,24.25999999999999,10872.524414901067,12.206718777255043,0.07525981076469679,13.287304204451775
298.09,323.75,25.660000000000025,10323.967735288375,11.590847350722326,0.07925868725868734,12.616913484021811
298.09,325.15,27.060000000000002,9832.172278991136,11.038702457607652,0.08322312778717511,12.015890613451587
298.09,326.54999999999995,28.45999999999998,9388.761477565015,10.54087962003482,0.08715357525646905,11.47399859451863
298.09,327.95,29.860000000000014,8986.929719809104,10.089738093419898,0.0910504650099101,10.982920294708634
298.09,329.34999999999997,31.25999999999999,8621.090569913631,9.679005916597767,0.0949142249886139,10.535828534868845
298.09,330.75,32.660000000000025,8286.615462262702,9.303486541217808,0.09874527588813309,10.127066748315976
298.09,332.15,34.06,7979.636840267172,8.958837813256059,0.10254403131115464,9.751908396946563
298.09,333.54999999999995,35.45999999999998,7696.897928976317,8.641403310852494,0.10631089791635429,9.406373378454601
298.09,334.95,36.860000000000014,7435.636742905586,8.348082118452437,0.11004627556351698,9.087086272381983
298.09,336.34999999999997,38.25999999999999,7193.495559997388,8.076227192093171,0.11375055745503193,8.791165708311553
298.09,337.75,39.660000000000025,6968.449569024198,7.823565250953405,0.11742413027387133,8.516137165910232
298.09,339.15,41.06,6758.750114210912,7.5881330573828585,0.12106737431814829,8.259863614223088
298.09,340.54999999999995,42.45999999999998,6562.879167958079,7.3682263028607595,0.12468066363235941,8.020489872821482
298.09,341.95,43.860000000000014,6379.512522879616,7.162358283237471,0.12826436613539993,7.7963976288189665
298.09,343.34999999999997,45.25999999999999,6207.489815190012,6.969226243617393,0.13181884374544928,7.586168802474592
298.09,344.75,46.660000000000025,6045.789944652807,6.787683782028525,0.13534445250181293,7.3885555079297
298.09,346.15,48.06,5893.510790667912,6.616718076420693,0.13884154268380766,7.202455264253016
298.09,347.54999999999995,49.45999999999998,5749.852373261223,6.455430979298555,0.14231045892677308,7.0268904164981825
298.09,348.95,50.860000000000014,5614.102795192686,6.303023234750967,0.14575154033529159,6.860990955564292
298.09,350.34999999999997,52.25999999999999,5485.626443656716,6.1587812323528865,0.14916512059369202,6.703980099502488
298.09,351.75,53.660000000000025,5363.854038902344,6.0220658346270834,0.15255152807391625,6.555162131941853
298.09,353.15,55.06,5248.274201044314,5.89230290899777,0.15591108594081837,6.413912095895387
299.42999999999995,299.95,0.5200000000000387,471808.9539893832,529.7057976752926,0.001733622270378543,576.8269230768801
299.42999999999995,301.34999999999997,1.920000000000016,128378.005202342,144.13158774260918,0.00637132901941273,156.9531249999987
299.42999999999995,302.75,3.32000000000005,74587.6156332822,83.74044642784574,0.010966143682906826,91.1897590361432
299.42999999999995,304.15,4.720000000000027,52706.779198410586,59.17455843539978,0.015518658556633369,64.43855932203353
299.42999999999995,305.54999999999995,6.1200000000000045,40836.78296249992,45.84796560289651,0.020029455081001513,49.92647058823525
299.42999999999995,306.95,7.520000000000039,33386.466176130176,37.48340201653775,0.024499104088613888,40.81781914893596
299.42999999999995,308.34999999999997,8.920000000000016,28274.813851849674,31.74448619271323,0.02892816604507875,34.56838565022415
299.42999999999995,309.75,10.32000000000005,24550.04394113361,27.562640553647253,0.033317191283293135,30.014534883720785
299.42999999999995,311.15,11.720000000000027,21715.150800895863,24.379870664528866,0.03766672023139972,26.548634812286625
299.42999999999995,312.54999999999995,13.120000000000005,19485.265343025898,21.87635044686864,0.0419772836346185,23.822408536585353
299.42999999999995,313.95,14.520000000000039,17685.385345351213,19.85560272297206,0.04624940277114198,21.621900826446222
299.42999999999995,315.34999999999997,15.920000000000016,16202.067156312798,18.190262890213088,0.05048358966228006,19.808417085427113
299.42999999999995,316.75,17.32000000000005,14958.54636504037,16.794146586999403,0.054680347277032526,18.288106235565767
299.42999999999995,318.15,18.720000000000027,13901.022273317285,15.606851098369019,0.05884016973125894,16.99519230769228
299.42999999999995,319.54999999999995,20.120000000000005,12990.668532331,14.584785598216008,0.06296354248161484,15.882206759443335
299.42999999999995,320.95,21.52000000000004,12198.762304112433,13.695702598082892,0.06705094251441046,14.914033457249044
299.42999999999995,322.34999999999997,22.920000000000016,11503.598547054966,12.91523357702365,0.07110283852954868,14.06413612565444
299.42999999999995,323.75,24.32000000000005,10888.47009097448,12.224621186678434,0.0751196911196913,13.312088815789446
299.42999999999995,325.15,25.720000000000027,10340.307407717715,11.609192104768962,0.07910195294479483,12.641912908242599
299.42999999999995,326.54999999999995,27.120000000000005,9848.73969175885,11.057302898572864,0.08305006890215894,12.04092920353982
299.42999999999995,327.95,28.52000000000004,9405.432480873063,10.559596363391785,0.08696447629211779,11.498948106591849
299.42999999999995,329.34999999999997,29.920000000000016,9003.611238920452,10.108466643000394,0.09084560497950511,11.007687165775394
299.42999999999995,330.75,31.32000000000005,8637.712713362058,9.697667804380888,0.09469387755102054,10.56034482758619
299.42999999999995,332.15,32.72000000000003,8303.125797570283,9.322022900606582,0.0985097094686137,10.151283618581898
299.42999999999995,333.54999999999995,34.120000000000005,7995.99619022567,8.977204659510127,0.1022935092190077,9.775791324736222
299.42999999999995,334.95,35.52000000000004,7713.077250126683,8.659568036518111,0.10604567845947166,9.429898648648638
299.42999999999995,336.34999999999997,36.920000000000016,7451.614784358065,8.366020864890608,0.10976661215995254,9.110238353196095
299.42999999999995,337.75,38.32000000000005,7209.25709166231,8.093922860292253,0.11345669874167297,8.81393528183715
299.42999999999995,339.15,39.72000000000003,6983.984029871594,7.84100598391332,0.11711632021229557,8.53851963746223
299.42999999999995,340.54999999999995,41.120000000000005,6774.050573455736,7.605311073824785,0.1207458522977537,8.281857976653695
299.42999999999995,341.95,42.52000000000004,6577.941521507519,7.385136995068506,0.12434566457084384,8.042097836312315
299.42999999999995,343.34999999999997,43.920000000000016,6394.334868135242,7.178999515140049,0.12791612057667112,7.817622950819668
299.42999999999995,344.75,45.32000000000005,6222.07196210282,6.985597801844414,0.13145757795503998,7.60701676963812
299.42999999999995,346.15,46.72000000000003,6060.133031603164,6.803786944653828,0.13497038855987298,7.40903253424657
299.42999999999995,347.54999999999995,48.120000000000005,5907.616981514961,6.632555272835927,0.13845489857574456,7.222568578553615
299.42999999999995,348.95,49.52000000000004,5763.72461761914,6.471005521072348,0.1419114486316092,7.046647819062999
299.42999999999995,350.34999999999997,50.920000000000016,5627.744638226628,6.318339102084459,0.14534037391180255,6.880400628436761
299.42999999999995,351.75,52.32000000000005,5499.041874856648,6.173842904296225,0.14874200426439244,6.72305045871559
299.42999999999995,353.15,53.72000000000003,5377.047371677212,6.036878153898296,0.1521166643069518,6.573901712583764
300.77,301.34999999999997,0.5799999999999841,424806.2834508859,476.93531318163906,0.0019246723079474615,519.5689655172556
300.77,302.75,1.9800000000000182,125016.3143674225,140.35737551074715,0.0065400495458299845,152.904040404039
300.77,304.15,3.3799999999999955,73573.06523476349,82.6013980406012,0.011112937695216152,89.98520710059184
300.77,305.54999999999995,4.779999999999973,52263.93693294998,58.67737390024698,0.015643920798559918,63.92259414225977
300.77,306.95,6.180000000000007,40609.42986820382,45.59271344807883,0.020133572243036357,49.668284789643955
300.77,308.34999999999997,7.579999999999984,33260.01776141164,37.34143680409974,0.02458245500243228,40.679419525066045
300.77,309.75,8.980000000000018,28202.181812639134,31.662941296327755,0.028991121872477876,34.49331848552332
300.77,311.15,10.379999999999995,24508.694674710994,27.516217216471308,0.03336011569982322,29.97591522157997
300.77,312.54999999999995,11.779999999999973,21693.116194354883,24.35513213692027,0.03768996960486315,26.532258064516185
300.77,313.95,13.180000000000007,19475.68792226857,21.865597757122007,0.04198120719859855,23.82018209408193
300.77,315.34999999999997,14.579999999999984,17684.10321409468,19.854163258217895,0.046234342793721184,21.62894375857341
300.77,316.75,15.980000000000018,16206.438229505615,18.195170348608524,0.050449881610102665,19.82165206508133
300.77,318.15,17.379999999999995,14966.83204565593,16.80344902397657,0.05462831997485462,18.30552359033372
300.77,319.54999999999995,18.779999999999973,13912.044675159752,15.619226086403673,0.05877014551713344,17.01544195953144
300.77,320.95,20.180000000000007,13003.610359043596,14.599315548493989,0.06287583735784397,15.904360753221004
300.77,322.34999999999997,21.579999999999984,12213.045184962935,13.711738166568917,0.06694586629440047,14.937442075996302
300.77,323.75,22.980000000000018,11518.8064898825,12.932307724129897,0.07098069498069504,14.088337684943419
300.77,325.15,24.379999999999995,10904.299884474989,12.24239349329178,0.07498077810241421,13.336751435602954
300.77,326.54999999999995,25.779999999999973,10356.53565669125,11.627411762311946,0.0789465625478486,12.666795965865024
300.77,327.95,27.180000000000007,9865.200414845474,11.075783557702339,0.08287848757432537,12.06585724797645
300.77,329.34999999999997,28.579999999999984,9422.00158577677,10.578198704139183,0.08677698497039621,11.523792862141363
300.77,330.75,29.980000000000018,9020.195575967302,10.127086085064894,0.09064247921390789,11.032354903268839
300.77,332.15,31.379999999999995,8654.242237523902,9.716225707335694,0.09447538762607255,10.58476736775016
300.77,333.54999999999995,32.77999999999997,8319.547878569252,9.340460175782251,0.0982761205216609,10.175411836485669
300.77,334.95,34.18000000000001,8012.271430822116,8.995477075134293,0.10204508135542623,9.799590403744878
300.77,336.34999999999997,35.579999999999984,7729.17637862564,8.677642728893723,0.10578266686487281,9.453344575604275
300.77,337.75,36.98000000000002,7467.5163222687925,8.3838737198482,0.1094892672094745,9.133315305570575
300.77,339.15,38.379999999999995,7224.945587376236,8.11153653011815,0.11316526610644262,8.836633663366337
300.77,340.54999999999995,39.77999999999997,6999.448710143294,7.858368373350504,0.11681104096314776,8.56083459024636
300.77,341.95,41.18000000000001,6789.284306350168,7.6224141757608255,0.12042696300628752,8.303788246721709
300.77,343.34999999999997,42.579999999999984,6592.940013656651,7.401975989285563,0.12401339740789274,8.063644903710664
300.77,344.75,43.98000000000002,6409.096039733968,7.195572066614985,0.12757070340826693,7.838790359254204
300.77,346.15,45.379999999999995,6236.595457767739,7.001903511583854,0.13109923443593818,7.6278096077567215
300.77,347.54999999999995,46.77999999999997,6074.419835816591,6.819826917948345,0.13459933822471581,7.429457032920054
300.77,348.95,48.18000000000001,5921.669115099624,6.648331778488407,0.13807135692792671,7.242631797426316
300.77,350.34999999999997,49.579999999999984,5777.54489736789,6.486521721531257,0.14151562722991295,7.0663574021782996
300.77,351.75,50.98000000000002,5641.336486023928,6.333598839142167,0.14493248045486862,6.899764613573948
300.77,353.15,52.379999999999995,5512.409165778922,6.188850528549368,0.14832224267308514,6.742077128675067
302.10999999999996,302.75,0.6400000000000432,386615.18905075244,434.0576951282726,0.002113955408753254,473.04687499996805
302.10999999999996,304.15,2.0400000000000205,121851.92312279332,136.80467398988807,0.006707216833799157,149.09313725490045
302.10999999999996,305.54999999999995,3.4399999999999977,72593.64108968049,81.50178633623048,0.011258386516118435,88.82267441860469
302.10999999999996,306.95,4.840000000000032,51831.885852582425,58.192304763200205,0.015768040397458938,63.41942148760289
302.10999999999996,308.34999999999997,6.240000000000009,40386.30283725947,45.34220594729928,0.02023674395978603,49.415064102564024
302.10999999999996,309.75,7.640000000000043,33135.43611027474,37.2015674304196,0.02466505246166273,40.543193717277255
302.10999999999996,311.15,9.04000000000002,28130.413059789706,31.582365622307965,0.029053511168246948,34.41924778761054
302.10999999999996,312.54999999999995,10.439999999999998,24467.733356178134,27.470229433230195,0.03340265557510802,29.937739463601535
302.10999999999996,313.95,11.840000000000032,21671.22790679892,24.33055788346123,0.037713011626055226,26.516047297297224
302.10999999999996,315.34999999999997,13.240000000000009,19466.12844369335,21.85486521128702,0.04198509592516253,23.81797583081569
302.10999999999996,316.75,14.640000000000043,17682.76931506141,19.852665673135075,0.046219415943173026,21.63592896174857
302.10999999999996,318.15,16.04000000000002,16210.719760006199,18.199977276306498,0.050416470218450526,19.83478802992516
302.10999999999996,319.54999999999995,17.439999999999998,14975.008436267206,16.81262875970271,0.054576748552652155,18.32282110091743
302.10999999999996,320.95,18.840000000000032,13922.948476990417,15.63146792072574,0.05870073220127758,17.03556263269636
302.10999999999996,322.34999999999997,20.24000000000001,13016.430409313241,14.613708778840508,0.06278889405925236,15.926383399209477
302.10999999999996,323.75,21.640000000000043,12227.206731169104,13.727637511136301,0.066841698841699,14.960720887245811
302.10999999999996,325.15,23.04000000000002,11533.895652799463,12.949248515548964,0.07085960326003393,14.11241319444443
302.10999999999996,326.54999999999995,24.439999999999998,10920.0146488748,12.260036655298977,0.07484305619353848,13.361292962356792
302.10999999999996,327.95,25.840000000000032,10372.653258378477,11.64550719476645,0.07879249885653306,12.691563467492244
302.10999999999996,329.34999999999997,27.24000000000001,9881.555153248895,11.094145226506,0.08270836496128742,12.09067547723935
302.10999999999996,330.75,28.640000000000043,9438.469432699003,10.596687361287755,0.08659108087679535,11.548533519553056
302.10999999999996,332.15,30.04000000000002,9036.683313265637,10.145597073386815,0.09044106578353162,11.056924101198394
302.10999999999996,333.54999999999995,31.439999999999998,8670.679672662212,9.734680220795118,0.09425873182431421,10.609096692111958
302.10999999999996,334.95,32.84000000000003,8335.882188992075,9.35879890983729,0.0980444842513809,10.199451887941525
302.10999999999996,336.34999999999997,34.24000000000001,8028.463004220207,9.013655556551258,0.10179872156979342,9.823306074766352
302.10999999999996,337.75,35.64000000000004,7745.195719486521,8.695627842692849,0.10552183567727624,9.476711560044881
302.10999999999996,339.15,37.04000000000002,7483.341728415222,8.4016411007244,0.10921421200058978,9.156317494600426
302.10999999999996,340.54999999999995,38.44,7240.561389138919,8.12906858553825,0.11287622962854205,8.859261186264307
302.10999999999996,341.95,39.84000000000003,7014.8439251129475,7.875652773226617,0.11650826144173132,8.583082329317262
302.10999999999996,343.34999999999997,41.24000000000001,6804.451604134337,7.639442690169908,0.12011067423911459,8.325654704170706
302.10999999999996,344.75,42.64000000000004,6607.874913989204,7.418743588176944,0.12368382886149398,8.085131332082543
302.10999999999996,346.15,44.04000000000002,6423.796287704358,7.212076218372469,0.1272280803120035,7.8599000908265175
302.10999999999996,347.54999999999995,45.44,6251.060534518044,7.018143633679178,0.1307437778736873,7.648547535211267
302.10999999999996,348.95,46.84000000000003,6088.650573580271,6.835803944740396,0.13423126522424422,7.4498292058069975
302.10999999999996,350.34999999999997,48.24000000000001,5935.667393128107,6.664047819836203,0.13769088054802348,7.262645107794359
302.10999999999996,351.75,49.64000000000004,5791.313400936741,6.5019797922271705,0.1411229566453448,7.08601933924254
302.10999999999996,353.15,51.04000000000002,5654.878514900074,6.348802643875686,0.14452782103921857,6.91908307210031
303.45,304.15,0.6999999999999886,354969.8369249997,398.5290635735935,0.0023014959723820505,434.50000000000705
303.45,305.54999999999995,2.099999999999966,118867.92007500236,133.4544965476618,0.0068728522336768405,145.50000000000233
303.45,306.95,3.5,71647.53670500005,80.43958314247226,0.011402508551881407,87.7
303.45,308.34999999999997,4.899999999999977,51410.22954642876,57.71890596882088,0.015891032917139558,62.928571428571715
303.45,309.75,6.300000000000011,40167.28112499998,45.096307539014234,0.02033898305084747,49.16666666666658
303.45,311.15,7.699999999999989,33012.67758409101,37.06374490186484,0.02474690663667034,40.40909090909096
303.45,312.54999999999995,9.099999999999966,28059.490517307768,31.502739999222822,0.02911534154535267,34.34615384615397
303.45,313.95,10.5,24427.153335000017,27.4246697372853,0.03344481605351168,29.9
303.45,315.34999999999997,11.899999999999977,21649.48372500007,24.306145419333188,0.037735849056603654,26.500000000000046
303.45,316.75,13.300000000000011,19456.586664473652,21.84415253673925,0.041988950276243164,23.81578947368419
303.45,318.15,14.699999999999989,17681.38428214286,19.851110679401433,0.04620462046204621,21.642857142857157
303.45,319.54999999999995,16.099999999999966,16214.91274891308,18.204684797252813,0.050383351588170755,19.847826086956562
303.45,320.95,17.5,14983.076661000012,16.821687056247907,0.05452562704471098,18.34
303.45,322.34999999999997,18.899999999999977,13933.734808333355,15.643577869465986,0.05863192182410415,17.055555555555575
303.45,323.75,20.30000000000001,13029.12976293103,14.6279665015505,0.06270270270270273,15.948275862068957
303.45,325.15,21.69999999999999,12241.247949193563,13.743401761753185,0.06673842841765332,14.983870967741943
303.45,326.54999999999995,23.099999999999966,11548.866961363645,12.966056990416126,0.07073954983922826,14.136363636363654
303.45,327.95,24.5,10935.615229285719,12.27755162151759,0.07470651013874063,13.385714285714286
303.45,329.34999999999997,25.899999999999977,10388.66098175676,11.663479265472954,0.07863974495217851,12.716216216216226
303.45,330.75,27.30000000000001,9897.804605769226,11.11238868953545,0.08253968253968258,12.11538461538461
303.45,332.15,28.69999999999999,9454.836656707324,10.615063047835774,0.08640674394099046,11.573170731707322
303.45,333.54999999999995,30.099999999999966,9053.07502848838,10.164000256526753,0.09024134312696741,11.081395348837221
303.45,334.95,31.5,8687.025544999997,9.753031935556299,0.09404388714733547,10.633333333333333
303.45,336.34999999999997,32.89999999999998,8352.129209042558,9.3770396419025,0.0978147762747138,10.223404255319155
303.45,337.75,34.30000000000001,8044.571349489793,9.03174059671022,0.10155440414507777,9.846938775510202
303.45,339.15,35.69999999999999,7761.135675000001,8.713523829572248,0.10526315789473684,9.500000000000002
303.45,340.54999999999995,37.099999999999966,7499.091372169816,8.419323422218273,0.10894141829393622,9.179245283018876
303.45,341.95,38.5,7256.104836818184,8.146519408126398,0.112589559877175,8.881818181818181
303.45,343.34999999999997,39.89999999999998,7030.1699881579,7.892859535374312,0.11620795107033632,8.605263157894742
303.45,344.75,41.30000000000001,6819.552756355933,7.656396942130832,0.11979695431472082,8.347457627118642
303.45,346.15,42.69999999999999,6622.746490573774,7.435440092706606,0.1233569261880687,8.106557377049182
303.45,347.54999999999995,44.099999999999966,6438.435860714289,7.228512249595026,0.12688821752265855,7.880952380952386
303.45,348.95,45.5,6265.467423461537,7.034318427597998,0.13039117352056173,7.669230769230769
303.45,350.34999999999997,46.89999999999998,6102.825460074631,6.85171826661573,0.13386613386613377,7.470149253731346
303.45,351.75,48.30000000000001,5949.612016304344,6.67970362221213,0.13731343283582098,7.282608695652172
303.45,353.15,49.69999999999999,5805.030315845072,6.517379943690437,0.1407333994053518,7.105633802816903
304.78999999999996,305.54999999999995,0.7599999999999909,328319.91969276435,368.60886908360203,0.002487317951235468,402.0394736842153
304.78999999999996,306.95,2.160000000000025,116049.27287430508,130.28996617750653,0.007036976706303988,142.10648148147982
304.78999999999996,308.34999999999997,3.5600000000000023,70733.06737373573,79.41289701777896,0.011545321874493308,86.61516853932578
304.78999999999996,309.75,4.960000000000036,50998.590784777756,57.25675399660689,0.016012913640032433,62.44959677419309
304.78999999999996,311.15,6.360000000000014,39952.24854316027,44.854887777209235,0.020440302105094066,48.92295597484266
304.78999999999996,312.54999999999995,7.759999999999991,32891.69989387897,36.92792174006845,0.02482802751559743,40.27706185567015
304.78999999999996,313.95,9.160000000000025,27989.397556604756,31.424045757948527,0.029176620480968363,34.27401746724881
304.78999999999996,315.34999999999997,10.560000000000002,24386.948111789796,27.37953083169394,0.033486602188045,29.862689393939384
304.78999999999996,316.75,11.960000000000036,21627.8814801421,24.281892309579092,0.037758484609313414,26.4841137123745
304.78999999999996,318.15,13.360000000000014,19447.06234614521,21.83345946575189,0.041992770705642,23.813622754490993
304.78999999999996,319.54999999999995,14.759999999999991,17679.94873892276,19.84949897712222,0.04618995462368958,21.649728997289984
304.78999999999996,320.95,16.160000000000025,16219.018182456643,18.209294018700618,0.050350521888144706,19.860767326732642
304.78999999999996,322.34999999999997,17.560000000000002,14991.037828616161,16.830625158432873,0.054474949588956156,18.35706150341685
304.78999999999996,323.75,18.960000000000036,13944.40478441453,15.655557184702515,0.058563706563706686,17.075421940928237
304.78999999999996,325.15,20.360000000000014,13041.70948695971,14.642089914628617,0.06261725357527304,15.970039292730833
304.78999999999996,326.54999999999995,21.75999999999999,12255.16983439799,13.759032035924541,0.06663604348491803,15.006893382352946
304.78999999999996,327.95,23.160000000000025,11563.721331541434,12.982734177098274,0.07062052142094843,14.160189982728827
304.78999999999996,329.34999999999997,24.560000000000002,10951.10246256107,12.294939331493286,0.07457112494306972,13.410016286644948
304.78999999999996,330.75,25.960000000000036,10404.55958869413,11.681328829790198,0.07848828420257004,12.740755007704143
304.78999999999996,332.15,27.360000000000014,9913.949465076752,11.130514724460257,0.08237242209844953,12.139985380116952
304.78999999999996,333.54999999999995,28.75999999999999,9471.103887569545,10.633326470831419,0.08622395442962072,11.597705146036164
304.78999999999996,334.95,30.160000000000025,9069.37129471153,10.18229627788428,0.09004329004329015,11.105769230769221
304.78999999999996,336.34999999999997,31.560000000000002,8703.280376758557,9.771281437923607,0.0938308309796343,10.657477820025347
304.78999999999996,337.75,32.960000000000036,8368.289415427787,9.395182907182875,0.09758697261287941,10.247269417475717
304.78999999999996,339.15,34.360000000000014,8060.596902633875,9.049732685117183,0.101312103788884,9.870488940628633
304.78999999999996,340.54999999999995,35.75999999999999,7776.996644756711,8.731331138157303,0.1050066069593305,9.523210290827741
304.78999999999996,341.95,37.160000000000025,7514.765620519369,8.436921096350476,0.10867085831261891,9.202099031216354
304.78999999999996,343.34999999999997,38.56,7271.5762681664955,8.163889377081503,0.11230522790155817,8.90430497925311
304.78999999999996,344.75,39.960000000000036,7045.4272107732695,7.909989009513045,0.11591007976794787,8.62737737737737
304.78999999999996,346.15,41.360000000000014,6834.588050882491,7.673277254836074,0.11948577206413413,8.369197292069629
304.78999999999996,347.54999999999995,42.75999999999999,6637.5550099742795,7.4520658021491855,0.12303265717162992,8.127923292797007
304.78999999999996,348.95,44.160000000000025,6453.0150060801625,7.244880437947864,0.12655108181687924,7.901947463768111
304.78999999999996,350.34999999999997,45.56,6279.816354488589,7.050428151441102,0.1300413871842443,7.689859525899911
304.78999999999996,351.75,46.960000000000036,6116.944709380321,6.867570123925363,0.13350390902629716,7.490417376490624
304.78999999999996,353.15,48.360000000000014,5963.5031843362285,6.695299409830727,0.13693897777148523,7.302522746071131
306.13,306.95,0.8199999999999932,305568.8784750052,343.06599132705196,0.0026714448607264574,374.32926829268604
306.13,308.34999999999997,2.2199999999999704,113382.5742898663,127.2960304141308,0.007199610831846837,138.89639639639822
306.13,309.75,3.6200000000000045,69848.66008218194,78.4199619200426,0.011686844229217175,85.56629834254133
306.13,311.15,5.019999999999982,50596.61037280885,56.80544557405282,0.01613369757351757,61.98207171314763
306.13,312.54999999999995,6.419999999999959,39741.093246962766,44.61782109235743,0.020540713485842188,48.683800623053266
306.13,313.95,7.819999999999993,32772.462048529385,36.794051923800815,0.02490842490842493,40.14705882352945
306.13,315.34999999999997,9.21999999999997,27920.11798194148,31.346264715326683,0.029237355319486236,34.20281995661616
306.13,316.75,10.620000000000005,24347.11133403957,27.33480558441627,0.03352801894238355,29.825800376647823
306.13,318.15,12.019999999999982,21606.41904671387,24.257796167861084,0.037780920949237684,26.468386023294546
306.13,319.54999999999995,13.419999999999959,19437.555254508236,21.822785735385914,0.04199655765920818,23.811475409836135
306.13,320.95,14.819999999999993,17678.46329888665,19.847831255065284,0.0461754167315781,21.656545209176798
306.13,322.34999999999997,16.21999999999997,16223.03703227498,18.21380603152013,0.05031797735380794,19.87361282367451
306.13,323.75,17.620000000000005,14998.893032775257,16.839444294122888,0.05442471042471042,18.374006810442673
306.13,325.15,19.019999999999982,13954.959506388035,15.667407102714757,0.05849607873289242,17.095162986330195
306.13,326.54999999999995,20.41999999999996,13054.170635920682,14.656080201999194,0.0625325371306078,15.991674828599443
306.13,327.95,21.819999999999993,12268.973371196163,13.774529438863999,0.0665345327031559,15.029789184234652
306.13,329.34999999999997,23.21999999999997,11578.459669832062,12.999281093333403,0.07050250493396071,14.183893195521119
306.13,330.75,24.620000000000005,10966.47717739643,12.31220071561292,0.07443688586545727,13.43419983753046
306.13,332.15,26.019999999999982,10420.34983403153,11.699056735187526,0.07833810025590837,12.765180630284405
306.13,333.54999999999995,27.41999999999996,9929.990417779007,11.148524102143265,0.08220656573227392,12.164478482859243
306.13,334.95,28.819999999999993,9487.271749809168,10.651478331435014,0.0860426929392446,11.622137404580155
306.13,336.34999999999997,30.21999999999997,9085.57268045997,10.200485775749378,0.08984688568455468,11.130046326935814
306.13,337.75,31.620000000000005,8719.44468619544,9.789429309751252,0.09361954108068105,10.681530676786842
306.13,339.15,33.01999999999998,8384.363281390071,9.413229236993455,0.09736104968303105,10.271047849788012
306.13,340.54999999999995,34.41999999999996,8076.540096615352,9.067632307864995,0.10107179562472457,9.893957001743184
306.13,341.95,35.81999999999999,7792.779025670016,8.749050214067605,0.1047521567480626,9.5463428252373
306.13,343.34999999999997,37.21999999999997,7530.364838084368,8.454434532484976,0.1084025047327799,9.224879097259544
306.13,344.75,38.620000000000005,7286.976018837387,8.18117886924597,0.11202320522117482,8.926721905748316
306.13,346.15,40.01999999999998,7060.615902586207,7.92704154326508,0.11561461794019934,8.649425287356324
306.13,347.54999999999995,41.41999999999996,6849.557773913572,7.690083949605447,0.11917709682060129,8.390873973925647
306.13,348.95,42.81999999999999,6652.300737260625,7.46862101410197,0.12271099011319675,8.14922933208781
306.13,350.34999999999997,44.21999999999997,6467.533969776124,7.261181059589226,0.1262166405023547,7.922885572139308
306.13,351.75,45.620000000000005,6294.107556280137,7.066473061951427,0.12969438521677334,7.710434020166593
306.13,353.15,47.01999999999998,6131.008534485327,6.883359755793563,0.13314455613761855,7.510633772862614
307.46999999999997,308.34999999999997,0.8799999999999955,285919.2159051134,321.00507006299915,0.002853899789200587,350.39772727272907
307.46999999999997,309.75,2.2800000000000296,110855.82837828813,124.4592212622523,0.007360774818402027,135.85526315789298
307.46999999999997,311.15,3.680000000000007,68992.84440448372,77.45912698381466,0.011827093041941183,84.55163043478244
307.46999999999997,312.54999999999995,5.079999999999984,50203.946085531745,56.36459648089339,0.016253399456086948,61.52559055118129
307.46999999999997,313.95,6.480000000000018,39533.70753402759,44.38498656565352,0.02064022933588161,48.449074074073934
307.46999999999997,315.34999999999997,7.8799999999999955,32654.92430539335,36.662090833494275,0.024988108450927582,40.01903553299494
307.46999999999997,316.75,9.28000000000003,27851.636016433113,31.269379158451905,0.029297553275453914,34.132543103448164
307.46999999999997,318.15,10.680000000000007,24307.63679199437,27.29048702368291,0.03356907119283359,29.78932584269661
307.46999999999997,319.54999999999995,12.079999999999984,21585.094341432163,24.233854655251108,0.03780316069472689,26.452814569536454
307.46999999999997,320.95,13.480000000000018,19428.065159532627,21.81213108738366,0.04200031157501172,23.80934718100887
307.46999999999997,322.34999999999997,14.879999999999995,17676.928565625003,19.84610819088919,0.04616100511865984,21.663306451612907
307.46999999999997,323.75,16.28000000000003,16226.97025568179,18.21822191049937,0.05028571428571438,19.8863636363636
307.46999999999997,325.15,17.680000000000007,15006.643352290706,16.84814567451522,0.05437490389051214,18.39083710407239
307.46999999999997,326.54999999999995,19.079999999999984,13965.400061556626,15.679128844231082,0.058429030776297575,17.11477987421385
307.46999999999997,327.95,20.480000000000018,13066.514251977524,14.669938533712275,0.0624485439853637,16.013183593749986
307.46999999999997,329.34999999999997,21.879999999999995,12282.659533203832,13.7898950636621,0.06643388492485203,15.05255941499086
307.46999999999997,330.75,23.28000000000003,11593.082873389167,13.01569874636709,0.07038548752834473,14.207474226804106
307.46999999999997,332.15,24.680000000000007,10981.74019442869,12.329336695215774,0.07430377841336744,13.45826580226904
307.46999999999997,333.54999999999995,26.079999999999984,10436.032465663355,11.716663821335302,0.07818917703492723,12.78949386503068
307.46999999999997,334.95,27.480000000000018,9945.928144486888,11.166417586714818,0.08204209583519939,12.188864628820951
307.46999999999997,336.34999999999997,28.879999999999995,9503.340862759693,10.669519324980007,0.08586294038947528,11.646468144044322
307.46999999999997,337.75,30.28000000000003,9101.679749752306,10.218569383352762,0.08965210954848268,11.154227212681628
307.46999999999997,339.15,31.680000000000007,8735.518987642048,9.807476128485515,0.09340999557717822,10.705492424242422
307.46999999999997,340.54999999999995,33.079999999999984,8400.351276738218,9.431179158794452,0.09713698429011886,10.2947400241838
307.46999999999997,341.95,34.48000000000002,8092.401361383409,9.085439947662971,0.10083345518350639,9.917343387470993
307.46999999999997,343.34999999999997,35.879999999999995,7808.483211998328,8.766681499941987,0.10449978156400175,9.569397993311037
307.46999999999997,344.75,37.28000000000003,7545.889387137867,8.471864137350249,0.10813633067440187,9.247585836909863
307.46999999999997,346.15,38.68000000000001,7302.304422401757,8.19838825912401,0.11174346381626465,8.949069286452945
307.46999999999997,347.54999999999995,40.079999999999984,7075.736371369765,7.944017482171062,0.11532153646957266,8.671407185628745
307.46999999999997,348.95,41.48000000000002,6864.462209992768,7.706817345899593,0.11887089840951426,8.412487945998068
307.46999999999997,350.34999999999997,42.879999999999995,6666.983936019125,7.485106024496604,0.12239189382046523,8.170475746268657
307.46999999999997,351.75,44.28000000000003,6481.992996443087,7.2774143891805165,0.12588486140724953,7.943766937669372
307.46999999999997,353.15,45.68000000000001,6308.341256315673,7.082453414523041,0.129350134503752,7.730954465849385
308.80999999999995,309.75,0.9400000000000546,268777.0509654054,301.7593476652132,0.0030347054075869906,329.52127659572557
308.80999999999995,311.15,2.340000000000032,108458.26954935706,121.76745205945555,0.007520488510364909,132.97008547008366
308.80999999999995,312.54999999999995,3.740000000000009,68164.24427366293,76.52884728153467,0.011966085426331818,83.56951871657732
308.80999999999995,313.95,5.140000000000043,49820.27167733409,55.933840437110234,0.01637203376333829,61.07976653696446
308.80999999999995,315.34999999999997,6.5400000000000205,39329.98765435776,44.15626771568178,0.020738861582368817,48.21865443425061
308.80999999999995,316.75,7.940000000000055,32539.04812311057,36.531995198282885,0.025067087608524274,39.89294710327429
308.80999999999995,318.15,9.340000000000032,27783.936288597302,31.193371829569216,0.029357221436429493,34.06316916488211
308.80999999999995,319.54999999999995,10.740000000000009,24268.518414664766,27.24656833351832,0.03360976373024571,29.753258845437585
308.80999999999995,320.95,12.140000000000043,21563.905322199287,24.21006547906061,0.037825206418445334,26.43739703459628
308.80999999999995,322.34999999999997,13.54000000000002,19418.59183526587,21.80149526806542,0.04200403288351173,23.807237813884747
308.80999999999995,323.75,14.940000000000055,17675.345133032057,19.844330451366403,0.046146718146718335,21.67001338688078
308.80999999999995,325.15,16.340000000000032,16230.818795930196,18.22254271464039,0.050253729048131746,19.899020807833498
308.80999999999995,326.54999999999995,17.74000000000001,15014.289851381056,16.856730494421303,0.05432552442198746,18.407553551296495
308.80999999999995,327.95,19.140000000000043,13975.727523589314,15.69072361467308,0.05836255526757139,17.134273772204768
308.80999999999995,329.34999999999997,20.54000000000002,13078.741365116824,14.683666066146653,0.062365264915743235,16.034566699123644
308.80999999999995,330.75,21.940000000000055,12296.229283386485,13.80512999145221,0.06633408919123218,15.075205104831321
308.80999999999995,332.15,23.340000000000032,11607.591830141377,13.031988133087882,0.0702694565708265,14.230934018851736
308.80999999999995,333.54999999999995,24.74000000000001,10996.892326333862,12.346348182703336,0.07417178833758065,13.482215036378328
308.80999999999995,334.95,26.140000000000043,10451.608224617423,11.734150920194704,0.07804149873115407,12.813695485845425
308.80999999999995,336.34999999999997,27.54000000000002,9961.763319880167,11.184195935646308,0.08187899509439578,12.213144517066075
308.80999999999995,337.75,28.940000000000055,9519.311840618499,10.687450141033455,0.08568467801628443,11.670697995853468
308.80999999999995,339.15,30.340000000000032,9117.69306214567,10.236547728916213,0.08945894147132549,11.178312458800251
308.80999999999995,340.54999999999995,31.74000000000001,8751.503791540643,9.82542246720629,0.09320217295551314,10.72936357908002
308.80999999999995,341.95,33.14000000000004,8416.253867878682,9.449033196226207,0.0969147536189503,10.318346409173191
308.80999999999995,343.34999999999997,34.54000000000002,8108.181123899822,9.103156083866422,0.10059705839522359,9.940648523451065
308.80999999999995,344.75,35.940000000000055,7824.109595367263,8.784225435463414,0.10424945612762893,9.592376182526419
308.80999999999995,346.15,37.34000000000003,7561.339627624528,8.489210315060657,0.10787230969232997,9.270219603642198
308.80999999999995,347.54999999999995,38.74000000000001,7317.561810363962,8.215517918899698,0.11146597611854414,8.971347444501804
308.80999999999995,348.95,40.14000000000004,7090.788923056795,7.960917169705619,0.11503080670583188,8.693323368211251
308.80999999999995,350.34999999999997,41.54000000000002,6879.301642019738,7.723477761333488,0.11856714713857575,8.434039480019253
308.80999999999995,351.75,42.940000000000055,6681.604868362823,7.501521127610669,0.12207533759772582,8.191662785281778
308.80999999999995,353.15,44.34000000000003,6496.39232939783,7.293580699896519,0.12555571286988543,7.964591790708158
310.15,311.15,1.0,253691.03408249636,284.8220883378201,0.003213883978788412,311.15
310.15,312.54999999999995,2.3999999999999773,106180.20877187612,119.20984480956115,0.007678771396576467,130.22916666666788
310.15,313.95,3.8000000000000114,67361.57053223666,75.62767546001645,0.012103838190794747,82.61842105263133
310.15,315.34999999999997,5.199999999999989,49445.27596009616,55.51282806791979,0.016489614713810052,60.644230769230894
310.15,316.75,6.600000000000023,39129.83363068164,43.93155229671229,0.020836621941594413,47.99242424242408
310.15,318.15,8.0,32424.796116562466,36.40372304542771,0.025145371680025175,39.76875
310.15,319.54999999999995,9.399999999999977,27717.00381941494,31.118225911547025,0.029416366765764312,33.994680851063904
310.15,320.95,10.800000000000011,24229.750265972194,27.203042849413038,0.03365010126187884,29.71759259259256
310.15,322.34999999999997,12.199999999999989,21542.8499870902,24.186426391703378,0.03784706064836352,26.422131147541005
310.15,323.75,13.600000000000023,19409.13505974262,21.790878028227933,0.04200772200772207,23.80514705882349
310.15,325.15,15.0,17673.713585499983,19.842498692601303,0.04613255420575124,21.676666666666666
310.15,326.54999999999995,16.399999999999977,16234.58358246955,18.22676948744757,0.05022201806767712,19.911585365853682
310.15,327.95,17.80000000000001,15021.83357991572,16.865199932542627,0.05427656654977897,18.424157303370773
310.15,329.34999999999997,19.19999999999999,13985.942952734391,15.702192604394735,0.05829664490663422,17.153645833333343
310.15,330.75,20.600000000000023,13090.852993325223,14.697263942208625,0.06228269085411953,16.055825242718427
310.15,332.15,22.0,12309.683574204537,13.820235291573523,0.06623513472828546,15.09772727272727
310.15,333.54999999999995,23.399999999999977,11621.987418910257,13.048150240159714,0.07015439964023384,14.254273504273517
310.15,334.95,24.80000000000001,11011.934377923388,12.363236081647454,0.07404090162710852,13.506048387096767
310.15,336.34999999999997,26.19999999999999,10467.077845133592,11.751518856105974,0.07789504979931616,12.83778625954199
310.15,337.75,27.600000000000023,9977.496612771729,11.201859899822306,0.08171724648408596,12.2373188405797
310.15,339.15,29.0,9535.185292499997,10.705271463455706,0.08550788736547255,11.694827586206896
310.15,340.54999999999995,30.399999999999977,9133.613172779611,10.25442143570182,0.08926736162090732,11.202302631578954
310.15,341.95,31.80000000000001,8767.399604481127,9.84326889466838,0.09299605205439399,10.753144654088047
310.15,343.34999999999997,33.19999999999999,8432.071517846385,9.466791869143803,0.09669433522644533,10.34186746987952
310.15,344.75,34.60000000000002,8123.879808164736,9.120781192505596,0.10036258158085576,9.963872832369935
310.15,346.15,36.0,7839.658564791669,8.801682457383707,0.10400115556839518,9.615277777777777
310.15,347.54999999999995,37.39999999999998,7576.71591717915,8.506473467137251,0.1076104157675154,9.292780748663105
310.15,348.95,38.80000000000001,7332.74851217783,8.232568218454956,0.11119071500214939,8.993556701030926
310.15,350.34999999999997,40.19999999999999,7105.7738617537325,7.97774094729284,0.11474240045668616,8.715174129353235
310.15,351.75,41.60000000000002,6894.076351262017,7.740065511689701,0.11826581378820189,8.455528846153841
310.15,353.15,43.0,6696.163794941864,7.517866616079335,0.12176129123601864,8.212790697674418
