fuel_flow,t_source,eta_sys,t_sink,cop_hp,status,is_valid
1e-10,-30.0,1.839308517312285,10.058598964705052,4.847695057707616,valid,True
1e-10,-28.585858585858585,1.8958102106672554,10.058599165446008,5.036034035557518,valid,True
1e-10,-27.171717171717173,1.95666308432649,10.05859938150839,5.238876947754966,valid,True
1e-10,-25.757575757575758,2.022382397556143,10.058599614690308,5.457941325187144,valid,True
1e-10,-24.343434343434343,2.093568147492545,10.058599867082997,5.695227158308485,valid,True
1e-10,-22.929292929292927,2.170923232432709,10.058600141133109,5.953077441442363,valid,True
1e-10,-21.515151515151516,2.255276496194229,10.058600439721609,6.234254987314097,valid,True
1e-10,-20.1010101010101,2.34761225560954,10.058600766264622,6.5420408520318,valid,True
1e-10,-18.686868686868685,2.4491085437322324,10.058601124843854,6.880361812440775,valid,True
1e-10,-17.272727272727273,2.561187225450894,10.058601520377028,7.253957418169647,valid,True
1e-10,-15.858585858585858,2.6855805201359186,10.05860195884362,7.668601733786396,valid,True
1e-10,-14.444444444444445,2.824420559589955,10.058602447587914,8.131401865299852,valid,True
1e-10,-13.030303030303031,2.9803618572936696,10.058602995732222,8.651206190978899,valid,True
1e-10,-11.616161616161616,3.1567517196932755,10.058603614750016,9.239172398977583,valid,True
1e-10,-10.2020202020202,3.3578720231193886,10.058604319276164,9.909573410397963,valid,True
1e-10,-8.787878787878789,3.5892898405471123,10.058605128277318,10.68096613515704,valid,True
1e-10,-7.373737373737374,3.8583787285695297,10.058606066784233,11.577929095231765,valid,True
1e-10,-5.9595959595959584,4.17511613939021,10.05860716852847,12.633720464634033,valid,True
1e-10,-4.545454545454547,4.553344121176563,10.058608480087305,13.894480403921875,valid,True
1e-10,-3.1313131313131315,5.012841000965229,10.058610067650337,15.426136669884094,valid,True
1e-10,-1.7171717171717162,5.582885775475374,10.058612028572766,17.326285918251248,valid,True
1e-10,-0.30303030303030454,6.308741254578294,10.05861451219903,19.745804181927642,valid,True
1e-10,1.1111111111111107,7.264285055534093,10.058617759989005,22.93095018511364,valid,True
1e-10,2.525252525252526,8.57886672004046,10.058622189678323,27.31288906680153,valid,True
1.2618568830660183e-10,-30.0,1.8393084695146757,10.05860033021126,4.847694898382252,valid,True
1.2618568830660183e-10,-28.585858585858585,1.8958101571278818,10.058600583517592,5.036033857092939,valid,True
1.2618568830660183e-10,-27.171717171717173,1.9566630241140406,10.05860085615737,5.2388767470468025,valid,True
1.2618568830660183e-10,-25.757575757575758,2.0223823295449788,10.058601150399543,5.457941098483262,valid,True
1.2618568830660183e-10,-24.343434343434343,2.09356807031233,10.058601468882955,5.6952269010411,valid,True
1.2618568830660183e-10,-22.929292929292927,2.170923144402155,10.058601814694931,5.953077148007182,valid,True
1.2618568830660183e-10,-21.515151515151516,2.2552763952329307,10.058602191470825,6.234254650776436,valid,True
1.2618568830660183e-10,-20.1010101010101,2.3476121391195166,10.058602603521312,6.5420404637317215,valid,True
1.2618568830660183e-10,-18.686868686868685,2.449108408436422,10.058603055996905,6.880361361454739,valid,True
1.2618568830660183e-10,-17.272727272727273,2.5611870671698203,10.058603555103069,7.253956890566067,valid,True
1.2618568830660183e-10,-15.858585858585858,2.6855803334741033,10.05860410838504,7.668601111580345,valid,True
1.2618568830660183e-10,-14.444444444444445,2.824420337488061,10.058604725110243,8.131401124960204,valid,True
1.2618568830660183e-10,-13.030303030303031,2.980361590376344,10.058605416789728,8.65120530125448,valid,True
1.2618568830660183e-10,-11.616161616161616,3.156751395299116,10.058606197901355,9.23917131766372,valid,True
1.2618568830660183e-10,-10.2020202020202,3.3578716238238013,10.058607086912222,9.909572079412671,valid,True
1.2618568830660183e-10,-8.787878787878789,3.5892893418507716,10.058608107755491,10.680964472835905,valid,True
1.2618568830660183e-10,-7.373737373737374,3.858378095168821,10.058609292016358,11.577926983896068,valid,True
1.2618568830660183e-10,-5.9595959595959584,4.17511531894411,10.058610682259163,12.6337177298137,valid,True
1.2618568830660183e-10,-4.545454545454547,4.553343033452115,10.058612337257646,13.894476778173715,valid,True
1.2618568830660183e-10,-3.1313131313131315,5.012839517999712,10.058614340533431,15.426131726665707,valid,True
1.2618568830660183e-10,-1.7171717171717162,5.582883683160574,10.05861681493453,17.32627894386858,valid,True
1.2618568830660183e-10,-0.30303030303030454,6.308738172833556,10.058619948911634,19.745793909445187,valid,True
1.2618568830660183e-10,1.1111111111111107,7.264280257145962,10.058624047151298,22.93093419048654,valid,True
1.2618568830660183e-10,2.525252525252526,8.578858670127266,10.05862963677325,27.312862233757553,valid,True
1.592282793341094e-10,-30.0,1.8393084092009448,10.058602053284542,4.847694697336483,valid,True
1.592282793341094e-10,-28.585858585858585,1.8958100895688645,10.058602372920841,5.036033631896215,valid,True
1.592282793341094e-10,-27.171717171717173,1.9566629481345539,10.058602716953176,5.238876493781846,valid,True
1.592282793341094e-10,-25.757575757575758,2.0223822437246533,10.058603088244638,5.4579408124155115,valid,True
1.592282793341094e-10,-24.343434343434343,2.0935679729219827,10.058603490125062,5.6952265764066095,valid,True
1.592282793341094e-10,-22.929292929292927,2.1709230333202214,10.058603926490212,5.953076777734072,valid,True
1.592282793341094e-10,-21.515151515151516,2.255276267834252,10.058604401927381,6.234254226114173,valid,True
1.592282793341094e-10,-20.1010101010101,2.3476119921258376,10.058604921876022,6.542039973752792,valid,True
1.592282793341094e-10,-18.686868686868685,2.4491082377125184,10.058605492835337,6.880360792375061,valid,True
1.592282793341094e-10,-17.272727272727273,2.5611868674418012,10.058606122635734,7.2539562248060045,valid,True
1.592282793341094e-10,-15.858585858585858,2.6855800979336983,10.058606820798207,7.66860032644566,valid,True
1.592282793341094e-10,-14.444444444444445,2.8244200572273725,10.05860759901692,8.131400190757908,valid,True
1.592282793341094e-10,-13.030303030303031,2.9803612535650092,10.058608471817145,8.651204178550032,valid,True
1.592282793341094e-10,-11.616161616161616,3.1567509859603216,10.058609457467853,9.239169953201072,valid,True
1.592282793341094e-10,-10.2020202020202,3.357871119970305,10.058610579271846,9.909570399901018,valid,True
1.592282793341094e-10,-8.787878787878789,3.5892887125677593,10.058611867429313,10.680962375225864,valid,True
1.592282793341094e-10,-7.373737373737374,3.85837729590839,10.058613361796176,11.577924319694635,valid,True
1.592282793341094e-10,-5.9595959595959584,4.17511428365944,10.058615116082436,12.6337142788648,valid,True
1.592282793341094e-10,-4.545454545454547,4.553341660900972,10.058617204451977,13.89447220300324,valid,True
1.592282793341094e-10,-3.1313131313131315,5.0128376467118105,10.058619732296844,15.426125489039368,valid,True
1.592282793341094e-10,-1.7171717171717162,5.582881042963177,10.058622854633134,17.326270143210593,valid,True
1.592282793341094e-10,-0.30303030303030454,6.308734284121575,10.058626809257678,19.745780947071918,valid,True
1.592282793341094e-10,1.1111111111111107,7.264274202285378,10.058631980639301,22.93091400761793,valid,True
1.592282793341094e-10,2.525252525252526,8.578848512331806,10.058639033923122,27.312828374439356,valid,True
2.0092330025650458e-10,-30.0,1.8393083330936597,10.05860422755623,4.8476944436455325,valid,True
2.0092330025650458e-10,-28.585858585858585,1.895810004319077,10.058604630891434,5.036033347730258,valid,True
2.0092330025650458e-10,-27.171717171717173,1.956662852259348,10.058605065010932,5.238876174197826,valid,True
2.0092330025650458e-10,-25.757575757575758,2.022382135431701,10.058605533527533,5.457940451439002,valid,True
2.0092330025650458e-10,-24.343434343434343,2.09356785002933,10.058606040643014,5.695226166764434,valid,True
2.0092330025650458e-10,-22.929292929292927,2.1709228931507374,10.058606591273268,5.953076310502458,valid,True
2.0092330025650458e-10,-21.515151515151516,2.2552761070753977,10.058607191206796,6.234253690251324,valid,True
2.0092330025650458e-10,-20.1010101010101,2.347611806640897,10.0586078473074,6.542039355469656,valid,True
2.0092330025650458e-10,-18.686868686868685,2.449108022283505,10.058608567776146,6.880360074278349,valid,True
2.0092330025650458e-10,-17.272727272727273,2.5611866154137615,10.058609362493868,7.253955384712538,valid,True
2.0092330025650458e-10,-15.858585858585858,2.685579800715577,10.058610243474693,7.668599335718589,valid,True
2.0092330025650458e-10,-14.444444444444445,2.824419703578668,10.05861122547496,8.131399011928893,valid,True
2.0092330025650458e-10,-13.030303030303031,2.980360828557535,10.058612326823464,8.651202761858451,valid,True
2.0092330025650458e-10,-11.616161616161616,3.1567504694337107,10.058613570573,9.239168231445703,valid,True
2.0092330025650458e-10,-10.2020202020202,3.3578704841796894,10.058614986128315,9.909568280598965,valid,True
2.0092330025650458e-10,-8.787878787878789,3.5892879185034183,10.058616611597664,10.680959728344728,valid,True
2.0092330025650458e-10,-7.373737373737374,3.8583762873571237,10.058618497273399,11.57792095785708,valid,True
2.0092330025650458e-10,-5.9595959595959584,4.175112977279922,10.058620710929697,12.633709924266407,valid,True
2.0092330025650458e-10,-4.545454545454547,4.5533399289403755,10.05862334615049,13.89446642980125,valid,True
2.0092330025650458e-10,-3.1313131313131315,5.012835285418567,10.058626535925,15.42611761806189,valid,True
2.0092330025650458e-10,-1.7171717171717162,5.582877711419394,10.058630475860536,17.32625903806465,valid,True
2.0092330025650458e-10,-0.30303030303030454,6.308729377137215,10.058635466021123,19.745764590457384,valid,True
2.0092330025650458e-10,1.1111111111111107,7.2642665619462665,10.058641991548214,22.930888539820888,valid,True
2.0092330025650458e-10,2.525252525252526,8.578835694714114,10.058650891752519,27.312785649047044,valid,True
2.5353644939701164e-10,-30.0,1.8393082370571792,10.058606971175617,4.84769412352393,valid,True
2.5353644939701164e-10,-28.585858585858585,1.895809896746058,10.058607480126824,5.036032989153527,valid,True
2.5353644939701164e-10,-27.171717171717173,1.956662731278577,10.058608027923384,5.23887577092859,valid,True
2.5353644939701164e-10,-25.757575757575758,2.0223819987815417,10.05860861912415,5.457939995938473,valid,True
2.5353644939701164e-10,-24.343434343434343,2.0935676949564392,10.058609259031156,5.695225649854798,valid,True
2.5353644939701164e-10,-22.929292929292927,2.1709227162769786,10.058609953847547,5.9530757209232625,valid,True
2.5353644939701164e-10,-21.515151515151516,2.255275904220793,10.05861071087758,6.234253014069311,valid,True
2.5353644939701164e-10,-20.1010101010101,2.3476115725855533,10.058611538782381,6.542038575285178,valid,True
2.5353644939701164e-10,-18.686868686868685,2.449107750443006,10.058612447910509,6.880359168143354,valid,True
2.5353644939701164e-10,-17.272727272727273,2.5611862973905763,10.058613450730153,7.253954324635255,valid,True
2.5353644939701164e-10,-15.858585858585858,2.685579425668957,10.058614562401395,7.6685980855631914,valid,True
2.5353644939701164e-10,-14.444444444444445,2.824419257324918,10.058615801544601,8.131397524416395,valid,True
2.5353644939701164e-10,-13.030303030303031,2.98036029225934,10.058617191288047,8.6512009741978,valid,True
2.5353644939701164e-10,-11.616161616161616,3.1567498176515945,10.05861876072101,9.239166058838649,valid,True
2.5353644939701164e-10,-10.2020202020202,3.3578696819037153,10.058620546948,9.909565606345717,valid,True
2.5353644939701164e-10,-8.787878787878789,3.5892869165088324,10.058622598056056,10.680956388362775,valid,True
2.5353644939701164e-10,-7.373737373737374,3.858375014711377,10.058624977506774,11.57791671570459,valid,True
2.5353644939701164e-10,-5.9595959595959584,4.175111328818341,10.058627770821193,12.633704429394468,valid,True
2.5353644939701164e-10,-4.545454545454547,4.5533377434578455,10.058631096088412,13.894459144859484,valid,True
2.5353644939701164e-10,-3.1313131313131315,5.012832305810754,10.058635121121064,15.426107686035847,valid,True
2.5353644939701164e-10,-1.7171717171717162,5.5828735074995075,10.058640092746288,17.326245024998357,valid,True
2.5353644939701164e-10,-0.30303030303030454,6.308723185247392,10.058646389599463,19.745743950824643,valid,True
2.5353644939701164e-10,1.1111111111111107,7.264256920977214,10.058654623854615,22.93085640325738,valid,True
2.5353644939701164e-10,2.525252525252526,8.578819520823036,10.058665854590222,27.31273173607679,valid,True
3.1992671377973845e-10,-30.0,1.8393081158729248,10.058610433230136,4.847693719576417,valid,True
3.1992671377973845e-10,-28.585858585858585,1.8958097610043743,10.058611075453562,5.0360325366812475,valid,True
3.1992671377973845e-10,-27.171717171717173,1.9566625786182148,10.058611766694241,5.2388752620607155,valid,True
3.1992671377973845e-10,-25.757575757575758,2.0223818263486435,10.058612512704785,5.457939421162146,valid,True
3.1992671377973845e-10,-24.343434343434343,2.0935674992767206,10.058613320175596,5.69522499758907,valid,True
3.1992671377973845e-10,-22.929292929292927,2.170922493087713,10.058614196934148,5.9530749769590425,valid,True
3.1992671377973845e-10,-21.515151515151516,2.2552756482474385,10.058615152197358,6.234252160824794,valid,True
3.1992671377973845e-10,-20.1010101010101,2.347611277241369,10.058616196894311,6.542037590804563,valid,True
3.1992671377973845e-10,-18.686868686868685,2.4491074074194077,10.058617344083395,6.8803580247313585,valid,True
3.1992671377973845e-10,-17.272727272727273,2.5611858960910743,10.05861860949765,7.253952986970248,valid,True
3.1992671377973845e-10,-15.858585858585858,2.6855789524142115,10.058620012266905,7.668596508047371,valid,True
3.1992671377973845e-10,-14.444444444444445,2.8244186942169613,10.058621575887345,8.131395647389871,valid,True
3.1992671377973845e-10,-13.030303030303031,2.980359615528331,10.058623329543497,8.65119871842777,valid,True
3.1992671377973845e-10,-11.616161616161616,3.1567489951966516,10.05862530994177,9.239163317322172,valid,True
3.1992671377973845e-10,-10.2020202020202,3.357868669547351,10.058627563902629,9.909562231824504,valid,True
3.1992671377973845e-10,-8.787878787878789,3.589285652136881,10.058630152104861,10.680952173789604,valid,True
3.1992671377973845e-10,-7.373737373737374,3.8583734088171906,10.058633154627643,11.577911362723968,valid,True
3.1992671377973845e-10,-5.9595959595959584,4.175109248699858,10.058636679385863,12.633697495666194,valid,True
3.1992671377973845e-10,-4.545454545454547,4.553334985698059,10.05864087539038,13.894449952326863,valid,True
3.1992671377973845e-10,-3.1313131313131315,5.0128285459828446,10.05864595439556,15.42609515327615,valid,True
3.1992671377973845e-10,-1.7171717171717162,5.5828682027724845,10.058652227859852,17.32622734257495,valid,True
3.1992671377973845e-10,-0.30303030303030454,6.308715372003451,10.058660173563002,19.745717906678166,valid,True
3.1992671377973845e-10,1.1111111111111107,7.264244755527434,10.058670563972944,22.930815851758112,valid,True
3.1992671377973845e-10,2.525252525252526,8.578799111856977,10.058684735476819,27.312663706189923,valid,True
4.03701725859655e-10,-30.0,1.839307962955793,10.058614801846677,4.847693209852642,valid,True
4.03701725859655e-10,-28.585858585858585,1.8958095897178242,10.058615612240477,5.036031965726081,valid,True
4.03701725859655e-10,-27.171717171717173,1.9566623859827685,10.058616484486999,5.238874619942561,valid,True
4.03701725859655e-10,-25.757575757575758,2.0223816087631254,10.058617425845203,5.457938695877084,valid,True
4.03701725859655e-10,-24.343434343434343,2.0935672523570554,10.058618444757407,5.695224174523517,valid,True
4.03701725859655e-10,-22.929292929292927,2.1709222114549345,10.058619551100755,5.953074038183114,valid,True
4.03701725859655e-10,-21.515151515151516,2.25527532524592,10.058620756505654,6.234251084153068,valid,True
4.03701725859655e-10,-20.1010101010101,2.34761090455951,10.058622074763033,6.5420363485317,valid,True
4.03701725859655e-10,-18.686868686868685,2.449106974573046,10.058623522350668,6.880356581910153,valid,True
4.03701725859655e-10,-17.272727272727273,2.561185389708978,10.05862511912138,7.253951299029926,valid,True
4.03701725859655e-10,-15.858585858585858,2.685578355234952,10.058626889214217,7.66859451744984,valid,True
4.03701725859655e-10,-14.444444444444445,2.8244179836560503,10.058628862277935,8.131393278853501,valid,True
4.03701725859655e-10,-13.030303030303031,2.9803587615917015,10.058631075139132,8.65119587197234,valid,True
4.03701725859655e-10,-11.616161616161616,3.1567479573775548,10.05863357411592,9.239159857925182,valid,True
4.03701725859655e-10,-10.2020202020202,3.3578673921004967,10.058636418288822,9.909557973668322,valid,True
4.03701725859655e-10,-8.787878787878789,3.5892840566830815,10.058639684225502,10.680946855610271,valid,True
4.03701725859655e-10,-7.373737373737374,3.8583713824125034,10.05864347297399,11.577904608041678,valid,True
4.03701725859655e-10,-5.9595959595959584,4.175106623894229,10.058647920706761,12.633688746314096,valid,True
4.03701725859655e-10,-4.545454545454547,4.553331505809833,10.058653215453095,13.894438352699444,valid,True
4.03701725859655e-10,-3.1313131313131315,5.012823801634626,10.058659624414855,15.426079338782088,valid,True
4.03701725859655e-10,-1.7171717171717162,5.582861508995891,10.05866754060473,17.3262050299863,valid,True
4.03701725859655e-10,-0.30303030303030454,6.3087055128635345,10.05867756690613,19.745685042878446,valid,True
4.03701725859655e-10,1.1111111111111107,7.264229404586204,10.058690678050201,22.930764681954017,valid,True
4.03701725859655e-10,2.525252525252526,8.578773358935209,10.058708560337056,27.312577863117365,valid,True
5.094138014816385e-10,-30.0,1.8393077699963396,10.05862031441428,4.847692566654465,valid,True
5.094138014816385e-10,-28.585858585858585,1.8958093735788524,10.058621337014884,5.0360312452628415,valid,True
5.094138014816385e-10,-27.171717171717173,1.9566621429045357,10.058622437664699,5.2388738096817855,valid,True
5.094138014816385e-10,-25.757575757575758,2.02238133420148,10.058623625523488,5.4579377806716,valid,True
5.094138014816385e-10,-24.343434343434343,2.0935669407799544,10.058624911244237,5.6952231359331815,valid,True
5.094138014816385e-10,-22.929292929292927,2.170921856074949,10.058626307290464,5.953072853583163,valid,True
5.094138014816385e-10,-21.515151515151516,2.255274917664514,10.05862782833805,6.2342497255483815,valid,True
5.094138014816385e-10,-20.1010101010101,2.3476104342887463,10.058629491789137,6.542034780962488,valid,True
5.094138014816385e-10,-18.686868686868685,2.4491064283833803,10.058631318436285,6.880354761277933,valid,True
5.094138014816385e-10,-17.272727272727273,2.561184750727882,10.058633333330839,7.253949169092939,valid,True
5.094138014816385e-10,-15.858585858585858,2.6855776016810786,10.058635566932754,7.668592005603595,valid,True
5.094138014816385e-10,-14.444444444444445,2.82441708703103,10.058638056654402,8.131390290103433,valid,True
5.094138014816385e-10,-13.030303030303031,2.980357684047359,10.058640848965535,8.651192280157863,valid,True
5.094138014816385e-10,-11.616161616161616,3.156746647800633,10.05864400231276,9.239155492668777,valid,True
5.094138014816385e-10,-10.2020202020202,3.357865780148419,10.058647591246942,9.90955260049473,valid,True
5.094138014816385e-10,-8.787878787878789,3.5892820434531973,10.05865171238506,10.68094014484399,valid,True
5.094138014816385e-10,-7.373737373737374,3.858368825386456,10.058656493234583,11.57789608462152,valid,True
5.094138014816385e-10,-5.9595959595959584,4.175103311775163,10.05866210562461,12.633677705917211,valid,True
5.094138014816385e-10,-4.545454545454547,4.553327114704818,10.058668786819448,13.89442371568273,valid,True
5.094138014816385e-10,-3.1313131313131315,5.012817814972942,10.05867687398666,15.426059383243139,valid,True
5.094138014816385e-10,-1.7171717171717162,5.582853062454679,10.05868686304677,17.32617687484893,valid,True
5.094138014816385e-10,-0.30303030303030454,6.308693072128971,10.058699514742408,19.745643573763235,valid,True
5.094138014816385e-10,1.1111111111111107,7.264210034079635,10.058716059024338,22.930700113598785,valid,True
5.094138014816385e-10,2.525252525252526,8.57874086286543,10.058738623715481,27.31246954288477,valid,True
6.428073117284319e-10,-30.0,1.8393075265092873,10.058627270483676,4.847691755030957,valid,True
6.428073117284319e-10,-28.585858585858585,1.8958091008425573,10.058628560858653,5.036030336141858,valid,True
6.428073117284319e-10,-27.171717171717173,1.9566618361748116,10.058629949720466,5.238872787249372,valid,True
6.428073117284319e-10,-25.757575757575758,2.0223809877442536,10.058631448627402,5.457936625814178,valid,True
6.428073117284319e-10,-24.343434343434343,2.0935665476146035,10.058633071021978,5.695221825382011,valid,True
6.428073117284319e-10,-22.929292929292927,2.1709214076366425,10.058634832631334,5.953071358788808,valid,True
6.428073117284319e-10,-21.515151515151516,2.255274403355603,10.058636751974294,6.234248011185343,valid,True
6.428073117284319e-10,-20.1010101010101,2.3476098408749473,10.058638851009814,6.5420328029164905,valid,True
6.428073117284319e-10,-18.686868686868685,2.4491057391709914,10.058641155975053,6.8803524639033045,valid,True
6.428073117284319e-10,-17.272727272727273,2.561183944426232,10.058643698481134,7.253946481420773,valid,True
6.428073117284319e-10,-15.858585858585858,2.685576650805319,10.058646516964034,7.66858883601773,valid,True
6.428073117284319e-10,-14.444444444444445,2.8244159556203847,10.058649658632639,8.131386518734615,valid,True
6.428073117284319e-10,-13.030303030303031,2.98035632434313,10.05865318212488,8.651187747810432,valid,True
6.428073117284319e-10,-11.616161616161616,3.156744995305286,10.058657161191675,9.239149984350954,valid,True
6.428073117284319e-10,-10.2020202020202,3.357863746100411,10.058661689905062,9.909545820334703,valid,True
6.428073117284319e-10,-8.787878787878789,3.589279503052097,10.058666890181115,10.680931676840324,valid,True
6.428073117284319e-10,-7.373737373737374,3.8583655987957908,10.058672922914923,11.577885329319303,valid,True
6.428073117284319e-10,-5.9595959595959584,4.175099132370644,10.058680004928508,12.633663774568813,valid,True
6.428073117284319e-10,-4.545454545454547,4.553321573784059,10.058688435612705,13.894405245946862,valid,True
6.428073117284319e-10,-3.1313131313131315,5.0128102607046126,10.058698640420035,15.426034202348708,valid,True
6.428073117284319e-10,-1.7171717171717162,5.58284240420294,10.058711245122879,17.326141347343132,valid,True
6.428073117284319e-10,-0.30303030303030454,6.308677373843524,10.058727209653703,19.745591246145075,valid,True
6.428073117284319e-10,1.1111111111111107,7.264185591566117,10.058748086001813,22.930618638553725,valid,True
6.428073117284319e-10,2.525252525252526,8.578699858165464,10.058776559101187,27.312332860551546,valid,True
8.111308307896856e-10,-30.0,1.8393072192636817,10.058636048044566,4.847690730878939,valid,True
8.111308307896856e-10,-28.585858585858585,1.8958087566886717,10.058637676312104,5.03602918896224,valid,True
8.111308307896856e-10,-27.171717171717173,1.9566614491261158,10.058639428855777,5.238871497087053,valid,True
8.111308307896856e-10,-25.757575757575758,2.022380550565211,10.058641320260453,5.457935168550703,valid,True
8.111308307896856e-10,-24.343434343434343,2.0935660514966656,10.058643367488617,5.695220171655552,valid,True
8.111308307896856e-10,-22.929292929292927,2.170920841772322,10.058645590385623,5.953069472574406,valid,True
8.111308307896856e-10,-21.515151515151516,2.2552737543721686,10.058648012319509,6.2342458479072285,valid,True
8.111308307896856e-10,-20.1010101010101,2.347609092072667,10.058650660999245,6.542030306908891,valid,True
8.111308307896856e-10,-18.686868686868685,2.4491048694848656,10.05865356953226,6.880349564949553,valid,True
8.111308307896856e-10,-17.272727272727273,2.56118292699061,10.05865677780711,7.2539430899687,valid,True
8.111308307896856e-10,-15.858585858585858,2.685575450938358,10.058660334324298,7.668584836461193,valid,True
8.111308307896856e-10,-14.444444444444445,2.8244145279450255,10.05866429865441,8.131381759816751,valid,True
8.111308307896856e-10,-13.030303030303031,2.980354608594948,10.058668744789733,8.651182028649826,valid,True
8.111308307896856e-10,-11.616161616161616,3.1567429100981235,10.058673765792838,9.239143033660412,valid,True
8.111308307896856e-10,-10.2020202020202,3.357861179430612,10.05867948036839,9.909537264768707,valid,True
8.111308307896856e-10,-8.787878787878789,3.58927629744068,10.058686042355891,10.680920991468934,valid,True
8.111308307896856e-10,-7.373737373737374,3.8583615273166534,10.058693654780168,11.577871757722178,valid,True
8.111308307896856e-10,-5.9595959595959584,4.175093858585787,10.058702591236866,12.633646195285957,valid,True
8.111308307896856e-10,-4.545454545454547,4.5533145819751875,10.058713229509964,13.894381939917293,valid,True
8.111308307896856e-10,-3.1313131313131315,5.01280072836647,10.058726106452196,15.426002427888232,valid,True
8.111308307896856e-10,-1.7171717171717162,5.5828289551332855,10.058742011685453,17.32609651711095,valid,True
8.111308307896856e-10,-0.30303030303030454,6.308657565079204,10.05876215648189,19.74552521693068,valid,True
8.111308307896856e-10,1.1111111111111107,7.26415474907997,10.058788499178073,22.930515830266568,valid,True
8.111308307896856e-10,2.525252525252526,8.578648117198892,10.058824427658578,27.31216039066297,valid,True
1.0235310218990269e-09,-30.0,1.839306831564073,10.058647124065162,4.847689438546911,valid,True
1.0235310218990269e-09,-28.585858585858585,1.8958083224161486,10.058649178704163,5.036027741387162,valid,True
1.0235310218990269e-09,-27.171717171717173,1.9566609607265975,10.058651390161604,5.238869869088658,valid,True
1.0235310218990269e-09,-25.757575757575758,2.0223799989085016,10.058653776841446,5.457933329695005,valid,True
1.0235310218990269e-09,-24.343434343434343,2.0935654254676535,10.058656360147857,5.695218084892179,valid,True
1.0235310218990269e-09,-22.929292929292927,2.1709201277334973,10.058659165122744,5.953067092444992,valid,True
1.0235310218990269e-09,-21.515151515151516,2.2552729354491925,10.05866222125312,6.234243118163977,valid,True
1.0235310218990269e-09,-20.1010101010101,2.3476081471929464,10.058665563503606,6.542027157309822,valid,True
1.0235310218990269e-09,-18.686868686868685,2.4491037720674886,10.058669233650848,6.88034590689163,valid,True
1.0235310218990269e-09,-17.272727272727273,2.5611816431350993,10.058673282028266,7.253938810450332,valid,True
1.0235310218990269e-09,-15.858585858585858,2.6855739368814717,10.058677769836224,7.668579789604906,valid,True
1.0235310218990269e-09,-14.444444444444445,2.824412726427605,10.058682772243838,8.131375754758682,valid,True
1.0235310218990269e-09,-13.030303030303031,2.980352443572516,10.058688382618179,8.651174811908387,valid,True
1.0235310218990269e-09,-11.616161616161616,3.1567402788737713,10.05869471839003,9.239134262912572,valid,True
1.0235310218990269e-09,-10.2020202020202,3.3578579406728513,10.058701929346459,9.909526468909505,valid,True
1.0235310218990269e-09,-8.787878787878789,3.5892722524354377,10.058710209609064,10.680907508118127,valid,True
1.0235310218990269e-09,-7.373737373737374,3.858356389718876,10.05871981536336,11.577854632396253,valid,True
1.0235310218990269e-09,-5.9595959595959584,4.175087203864161,10.058731091843573,12.633624012880537,valid,True
1.0235310218990269e-09,-4.545454545454547,4.553305759377373,10.058744515751993,13.894352531257912,valid,True
1.0235310218990269e-09,-3.1313131313131315,5.012788700027101,10.05876076450806,15.425962333423673,valid,True
1.0235310218990269e-09,-1.7171717171717162,5.5828119845210855,10.058780834480418,17.326039948403622,valid,True
1.0235310218990269e-09,-0.30303030303030454,6.308632569611795,10.058806254081002,19.745441898705987,valid,True
1.0235310218990269e-09,1.1111111111111107,7.264115831019911,10.058839494367778,22.93038610339971,valid,True
1.0235310218990269e-09,2.525252525252526,8.578582829250665,10.058884830178583,27.311942764168887,valid,True
1.2915496650148826e-09,-30.0,1.8393063423432097,10.058661100409987,4.847687807810698,valid,True
1.2915496650148826e-09,-28.585858585858585,1.8958077744270871,10.058663693067803,5.036025914756957,valid,True
1.2915496650148826e-09,-27.171717171717173,1.956660344437149,10.058666483607638,5.238867814790496,valid,True
1.2915496650148826e-09,-25.757575757575758,2.022379302797688,10.058669495252575,5.457931009325628,valid,True
1.2915496650148826e-09,-24.343434343434343,2.093564635509879,10.058672755011507,5.695215451699598,valid,True
1.2915496650148826e-09,-22.929292929292927,2.1709192267203195,10.058676294483599,5.953064089067731,valid,True
1.2915496650148826e-09,-21.515151515151516,2.2552719020875798,10.05868015087707,6.234239673625266,valid,True
1.2915496650148826e-09,-20.1010101010101,2.3476069548924827,10.058684368312047,6.542023182974943,valid,True
1.2915496650148826e-09,-18.686868686868685,2.4491023872870756,10.058688999504394,6.8803412909569195,valid,True
1.2915496650148826e-09,-17.272727272727273,2.561180023097395,10.058694107967296,7.25393341032465,valid,True
1.2915496650148826e-09,-15.858585858585858,2.6855720263638436,10.058699770926342,7.668573421212812,valid,True
1.2915496650148826e-09,-14.444444444444445,2.8244104531778285,10.058706083233497,8.131368177259427,valid,True
1.2915496650148826e-09,-13.030303030303031,2.980349711634088,10.058713162703675,8.65116570544696,valid,True
1.2915496650148826e-09,-11.616161616161616,3.156736958659012,10.058721157516354,9.23912319553004,valid,True
1.2915496650148826e-09,-10.2020202020202,3.3578538538435856,10.0587302566794,9.909512846145285,valid,True
1.2915496650148826e-09,-8.787878787878789,3.5892671482458236,10.05874070514359,10.680890494152743,valid,True
1.2915496650148826e-09,-7.373737373737374,3.8583499068475327,10.05875282617397,11.577833022825109,valid,True
1.2915496650148826e-09,-5.9595959595959584,4.1750788066219355,10.05876705539983,12.633596022073116,valid,True
1.2915496650148826e-09,-4.545454545454547,4.553294626623519,10.058783994340063,13.894315422078392,valid,True
1.2915496650148826e-09,-3.1313131313131315,5.0127735221545615,10.058804497782141,15.425911740515204,valid,True
1.2915496650148826e-09,-1.7171717171717162,5.5827905703386,10.058829822966985,17.32596856779533,valid,True
1.2915496650148826e-09,-0.30303030303030454,6.308601029479676,10.058861898467747,19.74533676493225,valid,True
1.2915496650148826e-09,1.1111111111111107,7.264066723183187,10.05890384227456,22.93022241061062,valid,True
1.2915496650148826e-09,2.525252525252526,8.578500447984569,10.058961048322228,27.31166815994856,valid,True
1.6297508346206469e-09,-30.0,1.8393057250174263,10.058678736544161,4.847685750058088,valid,True
1.6297508346206469e-09,-28.585858585858585,1.895807082944411,10.058682008103215,5.036023609814703,valid,True
1.6297508346206469e-09,-27.171717171717173,1.956659566769409,10.058685529360403,5.238865222564697,valid,True
1.6297508346206469e-09,-25.757575757575758,2.022378424407131,10.058689329619806,5.457928081357102,valid,True
1.6297508346206469e-09,-24.343434343434343,2.0935636386982823,10.058693442962607,5.6952121289942745,valid,True
1.6297508346206469e-09,-22.929292929292927,2.170918089773137,10.058697909262222,5.9530602992437895,valid,True
1.6297508346206469e-09,-21.515151515151516,2.2552705981363044,10.058702775469825,6.234235327121015,valid,True
1.6297508346206469e-09,-20.1010101010101,2.347605450383992,10.05870809725835,6.542018167946639,valid,True
1.6297508346206469e-09,-18.686868686868685,2.449100639897518,10.05871394114721,6.880335466325061,valid,True
1.6297508346206469e-09,-17.272727272727273,2.561177978848361,10.05872038728035,7.253926596161202,valid,True
1.6297508346206469e-09,-15.858585858585858,2.6855696155728475,10.058727533104587,7.668565385242825,valid,True
1.6297508346206469e-09,-14.444444444444445,2.8244075846737253,10.058735498308423,8.131358615579083,valid,True
1.6297508346206469e-09,-13.030303030303031,2.98034626433466,10.058744431555866,8.651154214448868,valid,True
1.6297508346206469e-09,-11.616161616161616,3.1567327690451847,10.058754519826035,9.239109230150616,valid,True
1.6297508346206469e-09,-10.2020202020202,3.357848696880892,10.058766001616675,9.90949565626964,valid,True
1.6297508346206469e-09,-8.787878787878789,3.5892607075337866,10.058779186015979,10.68086902511262,valid,True
1.6297508346206469e-09,-7.373737373737374,3.8583417264581734,10.058794480931155,11.577805754860579,valid,True
1.6297508346206469e-09,-5.9595959595959584,4.17506821060605,10.05881243605305,12.633560702020167,valid,True
1.6297508346206469e-09,-4.545454545454547,4.553280578844182,10.058833810394631,13.894268596147276,valid,True
1.6297508346206469e-09,-3.1313131313131315,5.0127543701231865,10.058859682545231,15.425847900410622,valid,True
1.6297508346206469e-09,-1.7171717171717162,5.582763549184072,10.058891638909296,17.325878497280243,valid,True
1.6297508346206469e-09,-0.30303030303030454,6.30856123125541,10.058932112968277,19.7452041041847,valid,True
1.6297508346206469e-09,1.1111111111111107,7.264004758006851,10.058985038970317,22.930015860022838,valid,True
1.6297508346206469e-09,2.525252525252526,8.578396499042977,10.059057222813532,27.311321663476594,valid,True
2.0565123083486515e-09,-30.0,1.8393049460421134,10.05870099080117,4.847683153473712,valid,True
2.0565123083486515e-09,-28.585858585858585,1.895806210393986,10.058705119034016,5.036020701313287,valid,True
2.0565123083486515e-09,-27.171717171717173,1.9566585854661525,10.058709562349142,5.238861951553843,valid,True
2.0565123083486515e-09,-25.757575757575758,2.022377316006587,10.058714357723881,5.4579243866886245,valid,True
2.0565123083486515e-09,-24.343434343434343,2.093562380867933,10.058719548163548,5.695207936226445,valid,True
2.0565123083486515e-09,-22.929292929292927,2.1709166551125456,10.058725183982348,5.95305551704182,valid,True
2.0565123083486515e-09,-21.515151515151516,2.2552689527414675,10.058731324425512,6.234229842471559,valid,True
2.0565123083486515e-09,-20.1010101010101,2.34760355191599,10.058738039743742,6.542011839719967,valid,True
2.0565123083486515e-09,-18.686868686868685,2.4490984349501694,10.058745413874302,6.880328116500566,valid,True
2.0565123083486515e-09,-17.272727272727273,2.561175399309266,10.058753547946399,7.253917997697553,valid,True
2.0565123083486515e-09,-15.858585858585858,2.6855665735136105,10.05876256492267,7.6685552450453685,valid,True
2.0565123083486515e-09,-14.444444444444445,2.8244039650507227,10.058772615831103,8.131346550169075,valid,True
2.0565123083486515e-09,-13.030303030303031,2.980341914361481,10.058783888261948,8.65113971453827,valid,True
2.0565123083486515e-09,-11.616161616161616,3.15672748238705,10.058796618152623,9.239091607956833,valid,True
2.0565123083486515e-09,-10.2020202020202,3.35784218958144,10.058811106448157,9.909473965271468,valid,True
2.0565123083486515e-09,-8.787878787878789,3.5892525803482664,10.058827743166244,10.680841934494222,valid,True
2.0565123083486515e-09,-7.373737373737374,3.8583314040835233,10.058847043016236,11.57777134694508,valid,True
2.0565123083486515e-09,-5.9595959595959584,4.175054840112919,10.058869699611837,12.63351613370973,valid,True
2.0565123083486515e-09,-4.545454545454547,4.553262852816037,10.058896670690459,13.89420950938679,valid,True
2.0565123083486515e-09,-3.1313131313131315,5.012730203432612,10.058929317229524,15.425767344775378,valid,True
2.0565123083486515e-09,-1.7171717171717162,5.5827294531176,10.058969640958948,17.325764843725334,valid,True
2.0565123083486515e-09,-0.30303030303030454,6.308511013038416,10.059020712421876,19.745036710128055,valid,True
2.0565123083486515e-09,1.1111111111111107,7.263926569826327,10.059087495743398,22.929755232754427,valid,True
2.0565123083486515e-09,2.525252525252526,8.57826533740403,10.0591785782356,27.310884458013437,valid,True
2.595024211399732e-09,-30.0,1.8393039630890544,10.058729072456243,4.8476798769635145,valid,True
2.595024211399732e-09,-28.585858585858585,1.89580510936305,10.058734281684988,5.036017031210166,valid,True
2.595024211399732e-09,-27.171717171717173,1.9566573472052982,10.058739888500826,5.238857824017661,valid,True
2.595024211399732e-09,-25.757575757575758,2.02237591736789,10.058745939563526,5.457919724559633,valid,True
2.595024211399732e-09,-24.343434343434343,2.093560793671186,10.058752489139213,5.695202645570621,valid,True
2.595024211399732e-09,-22.929292929292927,2.1709148447825988,10.058759600716671,5.9530494826086615,valid,True
2.595024211399732e-09,-21.515151515151516,2.2552668764967096,10.058767349054214,6.234222921655698,valid,True
2.595024211399732e-09,-20.1010101010101,2.3476011563312627,10.058775822797287,6.542003854437541,valid,True
2.595024211399732e-09,-18.686868686868685,2.4490956526352687,10.058785127861533,6.880318842117561,valid,True
2.595024211399732e-09,-17.272727272727273,2.561172144317058,10.058795391855988,7.253907147723526,valid,True
2.595024211399732e-09,-15.858585858585858,2.6855627348925406,10.058806769939844,7.668542449641801,valid,True
2.595024211399732e-09,-14.444444444444445,2.824399397634263,10.05881945268597,8.131331325447544,valid,True
2.595024211399732e-09,-13.030303030303031,2.980336425358244,10.058833676802509,8.651121417860812,valid,True
2.595024211399732e-09,-11.616161616161616,3.1567208114368217,10.0588497400032,9.239069371456072,valid,True
2.595024211399732e-09,-10.2020202020202,3.3578339783791775,10.05886802202965,9.909446594597258,valid,True
2.595024211399732e-09,-8.787878787878789,3.5892423251167753,10.058889015016629,10.680807750389251,valid,True
2.595024211399732e-09,-7.373737373737374,3.858318378892508,10.058913368435892,11.577727929641693,valid,True
2.595024211399732e-09,-5.9595959595959584,4.17503796872275,10.058941957500863,12.633459895742497,valid,True
2.595024211399732e-09,-4.545454545454547,4.553240485517672,10.058975990693973,13.894134951725572,valid,True
2.595024211399732e-09,-3.1313131313131315,5.012699709215913,10.059017185297602,15.425665697386375,valid,True
2.595024211399732e-09,-1.7171717171717162,5.582686429976437,10.059068067072367,17.325621433254792,valid,True
2.595024211399732e-09,-0.30303030303030454,6.308447647138621,10.059132510346071,19.74482549046207,valid,True
2.595024211399732e-09,1.1111111111111107,7.263827912314771,10.059216778603915,22.929426374382572,valid,True
2.595024211399732e-09,2.525252525252526,8.578099841409122,10.059331706599107,27.310332804697076,valid,True
3.2745491628777316e-09,-30.0,1.8393027227466607,10.058764507434546,4.84767574248887,valid,True
3.2745491628777316e-09,-28.585858585858585,1.8958037200240392,10.058771080719303,5.036012400080131,valid,True
3.2745491628777316e-09,-27.171717171717173,1.9566557847027488,10.058778155699455,5.23885261567583,valid,True
3.2745491628777316e-09,-25.757575757575758,2.0223741524926835,10.058785791252403,5.457913841642278,valid,True
3.2745491628777316e-09,-24.343434343434343,2.0935587908642717,10.058794055853559,5.695195969547573,valid,True
3.2745491628777316e-09,-22.929292929292927,2.170912560415495,10.058803029615817,5.953041868051651,valid,True
3.2745491628777316e-09,-21.515151515151516,2.255264256585767,10.058812806872377,6.234214188619222,valid,True
3.2745491628777316e-09,-20.1010101010101,2.3475981334624345,10.058823499479676,6.541993778208115,valid,True
3.2745491628777316e-09,-18.686868686868685,2.4490921417728773,10.058835241086243,6.880307139242924,valid,True
3.2745491628777316e-09,-17.272727272727273,2.561168037009786,10.058848192713961,7.253893456699285,valid,True
3.2745491628777316e-09,-15.858585858585858,2.685557891137587,10.05886255014822,7.668526303791958,valid,True
3.2745491628777316e-09,-14.444444444444445,2.8243936342556935,10.058878553860218,8.131312114185645,valid,True
3.2745491628777316e-09,-13.030303030303031,2.980329499085867,10.058896502535525,8.651098330286224,valid,True
3.2745491628777316e-09,-11.616161616161616,3.156712393740978,10.058916771837488,9.239041312469926,valid,True
3.2745491628777316e-09,-10.2020202020202,3.3578236171422944,10.058939840933,9.909412057140981,valid,True
3.2745491628777316e-09,-8.787878787878789,3.58922938466303,10.058966330807035,10.680764615543433,valid,True
3.2745491628777316e-09,-7.373737373737374,3.8583019432338768,10.058997060971683,11.577673144112923,valid,True
3.2745491628777316e-09,-5.9595959595959584,4.175016679854776,10.059033135776728,12.633388932849254,valid,True
3.2745491628777316e-09,-4.545454545454547,4.5532122618444495,10.059076080082239,13.894040872814832,valid,True
3.2745491628777316e-09,-3.1313131313131315,5.0126612309742855,10.059128060731236,15.425537436580953,valid,True
3.2745491628777316e-09,-1.7171717171717162,5.582632142864154,10.059192264655529,17.32544047621385,valid,True
3.2745491628777316e-09,-0.30303030303030454,6.3083676921081,10.05927358029123,19.74455897369367,valid,True
3.2745491628777316e-09,1.1111111111111107,7.263703428266512,10.059379910416116,22.929011427555043,valid,True
3.2745491628777316e-09,2.525252525252526,8.57789102701365,10.059524925018664,27.30963675671217,valid,True
4.132012400115335e-09,-30.0,1.8393011576179812,10.058809221223903,4.847670525393271,valid,True
4.132012400115335e-09,-28.585858585858585,1.895801966884164,10.058817515742431,5.0360065562805465,valid,True
4.132012400115335e-09,-27.171717171717173,1.9566538130567792,10.05882644332457,5.238846043522598,valid,True
4.132012400115335e-09,-25.757575757575758,2.0223719254833323,10.058836078264315,5.457906418277775,valid,True
4.132012400115335e-09,-24.343434343434343,2.093556263621629,10.058846506966757,5.69518754540543,valid,True
4.132012400115335e-09,-22.929292929292927,2.1709096778874057,10.05885783052154,5.953032259624686,valid,True
4.132012400115335e-09,-21.515151515151516,2.255260950653524,10.0588701679619,6.23420316884508,valid,True
4.132012400115335e-09,-20.1010101010101,2.347594319060451,10.0588836604324,6.541981063534835,valid,True
4.132012400115335e-09,-18.686868686868685,2.44908771160016,10.058898476575393,6.8802923720005325,valid,True
4.132012400115335e-09,-17.272727272727273,2.561162854218779,10.058914819573541,7.253876180729264,valid,True
4.132012400115335e-09,-15.858585858585858,2.6855517790685446,10.05893293647473,7.6685059302284815,valid,True
4.132012400115335e-09,-14.444444444444445,2.824386361772172,10.058953130712034,8.131287872573905,valid,True
4.132012400115335e-09,-13.030303030303031,2.9803207592236114,10.058975779173988,8.651069197412037,valid,True
4.132012400115335e-09,-11.616161616161616,3.1567017719547548,10.059001355879978,9.239005906515848,valid,True
4.132012400115335e-09,-10.2020202020202,3.3578105429433616,10.059030465449894,9.909368476477873,valid,True
4.132012400115335e-09,-8.787878787878789,3.589213055950067,10.059063891448153,10.680710186500225,valid,True
4.132012400115335e-09,-7.373737373737374,3.858281204212441,10.059102667936635,11.57760401404147,valid,True
4.132012400115335e-09,-5.9595959595959584,4.174989817005588,10.059148188376213,12.633299390018626,valid,True
4.132012400115335e-09,-4.545454545454547,4.553176648653215,10.059202376807708,13.893922162177386,valid,True
4.132012400115335e-09,-3.1313131313131315,5.012612678684397,10.059267967283365,15.42537559561466,valid,True
4.132012400115335e-09,-1.7171717171717162,5.582563643378066,10.059348980910126,17.325212144593554,valid,True
4.132012400115335e-09,-0.30303030303030454,6.308266806140316,10.059451585540268,19.74422268713439,valid,True
4.132012400115335e-09,1.1111111111111107,7.263546359335006,10.059585752004438,22.928487864450023,valid,True
4.132012400115335e-09,2.525252525252526,8.577627561573639,10.05976872681605,27.308758538578797,valid,True
5.214008287999674e-09,-30.0,1.8392991826589478,10.058865643496347,4.847663942196493,valid,True
5.214008287999674e-09,-28.585858585858585,1.895799754683856,10.058876109950102,5.035999182279521,valid,True
5.214008287999674e-09,-27.171717171717173,1.956651325135514,10.058887375232885,5.2388377504517125,valid,True
5.214008287999674e-09,-25.757575757575758,2.022369115333097,10.058899533091715,5.457897051110323,valid,True
5.214008287999674e-09,-24.343434343434343,2.0935530746238924,10.058912692555737,5.695176915412975,valid,True
5.214008287999674e-09,-22.929292929292927,2.1709060405753693,10.058926981183426,5.95302013525123,valid,True
5.214008287999674e-09,-21.515151515151516,2.255256779072625,10.058942549174915,6.2341892635754155,valid,True
5.214008287999674e-09,-20.1010101010101,2.3475895058722287,10.058959574630837,6.541965019574096,valid,True
5.214008287999674e-09,-18.686868686868685,2.449082121408965,10.058978270348994,6.880273738029883,valid,True
5.214008287999674e-09,-17.272727272727273,2.5611563143467606,10.058998892710592,7.253854381155869,valid,True
5.214008287999674e-09,-15.858585858585858,2.685544066602224,10.059021753446341,7.668480222007414,valid,True
5.214008287999674e-09,-14.444444444444445,2.8243771850587804,10.059047235433962,8.13125728352927,valid,True
5.214008287999674e-09,-13.030303030303031,2.980309730930998,10.059075814237058,8.651032436436662,valid,True
5.214008287999674e-09,-11.616161616161616,3.156688369005507,10.059108087977988,9.238961230018356,valid,True
5.214008287999674e-09,-10.2020202020202,3.3577940454925015,10.059144819568417,9.909313484975005,valid,True
5.214008287999674e-09,-8.787878787878789,3.589192451909389,10.059186997707148,10.68064150636463,valid,True
5.214008287999674e-09,-7.373737373737374,3.858255035215814,10.059235927160486,11.577516784052714,valid,True
5.214008287999674e-09,-5.9595959595959584,4.174955920978504,10.059293366164365,12.63318640326168,valid,True
5.214008287999674e-09,-4.545454545454547,4.553131711566798,10.059361742400885,13.893772371889328,valid,True
5.214008287999674e-09,-3.1313131313131315,5.012551415420438,10.059444505544551,15.425171384734792,valid,True
5.214008287999674e-09,-1.7171717171717162,5.582477211734131,10.059546729107737,17.32492403911377,valid,True
5.214008287999674e-09,-0.30303030303030454,6.308139511781303,10.059676194995335,19.743798372604346,valid,True
5.214008287999674e-09,1.1111111111111107,7.263348180117843,10.059845482829214,22.927827267059477,valid,True
5.214008287999674e-09,2.525252525252526,8.577295151173507,10.060076350376882,27.307650503911688,valid,True
6.579332246575682e-09,-30.0,1.839296690558224,10.058936840121515,4.847655635194081,valid,True
6.579332246575682e-09,-28.585858585858585,1.895796963221705,10.058950047222083,5.035989877405683,valid,True
6.579332246575682e-09,-27.171717171717173,1.9566481857568616,10.058964262319972,5.238827285856206,valid,True
6.579332246575682e-09,-25.757575757575758,2.0223655693525138,10.05897960370833,5.457885231175046,valid,True
6.579332246575682e-09,-24.343434343434343,2.093549050598244,10.058996208963592,5.695163501994148,valid,True
6.579332246575682e-09,-22.929292929292927,2.1709014508492834,10.059014239042833,5.953004836164278,valid,True
6.579332246575682e-09,-21.515151515151516,2.255251515186229,10.059033883472686,6.234171717287429,valid,True
6.579332246575682e-09,-20.1010101010101,2.3475834323830975,10.059055366984927,6.541944774610325,valid,True
6.579332246575682e-09,-18.686868686868685,2.449075067471773,10.059078958092428,6.880250224905911,valid,True
6.579332246575682e-09,-17.272727272727273,2.5611480620732316,10.059104980301651,7.25382687357744,valid,True
6.579332246575682e-09,-15.858585858585858,2.6855343347166984,10.05913382695882,7.668447782388996,valid,True
6.579332246575682e-09,-14.444444444444445,2.824365605550942,10.059165981182678,8.131218685169808,valid,True
6.579332246575682e-09,-13.030303030303031,2.980295815063258,10.059202043041303,8.65098605021086,valid,True
6.579332246575682e-09,-11.616161616161616,3.156671456759691,10.059242767244037,9.238904855865638,valid,True
6.579332246575682e-09,-10.2020202020202,3.3577732285756094,10.059289116425122,9.909244095252031,valid,True
6.579332246575682e-09,-8.787878787878789,3.5891664532882754,10.059342338105544,10.680554844294251,valid,True
6.579332246575682e-09,-7.373737373737374,3.858222014770862,10.05940407859935,11.577406715902873,valid,True
6.579332246575682e-09,-5.9595959595959584,4.174913150705413,10.059476556369908,12.63304383568471,valid,True
6.579332246575682e-09,-4.545454545454547,4.5530750100444095,10.059562834514749,13.893583366814699,valid,True
6.579332246575682e-09,-3.1313131313131315,5.012474114370994,10.059667265538799,15.424913714569978,valid,True
6.579332246575682e-09,-1.7171717171717162,5.5823681551773685,10.059796250614406,17.324560517257893,valid,True
6.579332246575682e-09,-0.30303030303030454,6.307978899314763,10.059959607733052,19.74326299771588,valid,True
6.579332246575682e-09,1.1111111111111107,7.2630981370286305,10.060173207171498,22.926993790095437,valid,True
6.579332246575682e-09,2.525252525252526,8.576875768896498,10.060464496375914,27.306252562988327,valid,True
8.302175681319736e-09,-30.0,1.8392935459075483,10.05902667974236,4.847645153025161,valid,True
8.302175681319736e-09,-28.585858585858585,1.8957934408246937,10.059043345107797,5.035978136082312,valid,True
8.302175681319736e-09,-27.171717171717173,1.9566442243451831,10.059061282404741,5.23881408115061,valid,True
8.302175681319736e-09,-25.757575757575758,2.0223610948752246,10.059080640898745,5.457870316250749,valid,True
8.302175681319736e-09,-24.343434343434343,2.0935439729064913,10.059101594187219,5.695146576354971,valid,True
8.302175681319736e-09,-22.929292929292927,2.170895659337424,10.059124345369437,5.952985531124747,valid,True
8.302175681319736e-09,-21.515151515151516,2.2552448729973205,10.059149133593824,6.2341495766577335,valid,True
8.302175681319736e-09,-20.1010101010101,2.347575768613377,10.059176242430578,6.541919228711255,valid,True
8.302175681319736e-09,-18.686868686868685,2.449066166546368,10.059206010692584,6.88022055515456,valid,True
8.302175681319736e-09,-17.272727272727273,2.56113764905864,10.059238846582895,7.253792163528799,valid,True
8.302175681319736e-09,-15.858585858585858,2.6855220546981493,10.059275246426937,7.66840684899383,valid,True
8.302175681319736e-09,-14.444444444444445,2.8243509941736575,10.059315819822537,8.131169980578857,valid,True
8.302175681319736e-09,-13.030303030303031,2.9802782556423155,10.059361323929709,8.650927518807718,valid,True
8.302175681319736e-09,-11.616161616161616,3.1566501164958214,10.059412711027173,9.238833721652737,valid,True
8.302175681319736e-09,-10.2020202020202,3.357746961409406,10.059471195740208,9.909156538031352,valid,True
8.302175681319736e-09,-8.787878787878789,3.5891336479106277,10.059538352141704,10.680445493035425,valid,True
8.302175681319736e-09,-7.373737373737374,3.8581803494199063,10.059616257462404,11.577267831399686,valid,True
8.302175681319736e-09,-5.9595959595959584,4.1748591833882935,10.059707710801002,12.632863944627644,valid,True
8.302175681319736e-09,-4.545454545454547,4.553003465055869,10.05981657688675,13.893344883519562,valid,True
8.302175681319736e-09,-3.1313131313131315,5.0123765785490155,10.059948347176931,15.424588595163383,valid,True
8.302175681319736e-09,-1.7171717171717162,5.582230553840605,10.060111097643293,17.32410184613535,valid,True
8.302175681319736e-09,-0.30303030303030454,6.307776252924144,10.060317214545407,19.742587509747146,valid,True
8.302175681319736e-09,1.1111111111111107,7.262782667335761,10.060586718480163,22.925942224452537,valid,True
8.302175681319736e-09,2.525252525252526,8.576346683209504,10.060954231873353,27.304488944031675,valid,True
1.0476157527896662e-08,-30.0,1.8392895778463045,10.059140043959777,4.847631926154349,valid,True
1.0476157527896662e-08,-28.585858585858585,1.8957889961094705,10.059161073098169,5.035963320364901,valid,True
1.0476157527896662e-08,-27.171717171717173,1.9566392256661587,10.059183707205252,5.238797418887196,valid,True
1.0476157527896662e-08,-25.757575757575758,2.0223554487932716,10.059208134627271,5.457851495977573,valid,True
1.0476157527896662e-08,-24.343434343434343,2.0935375656701267,10.059234574412372,5.695125218900423,valid,True
1.0476157527896662e-08,-22.929292929292927,2.1708883513827315,10.059263282833985,5.952961171275772,valid,True
1.0476157527896662e-08,-21.515151515151516,2.255236491636564,10.059294561651942,6.2341216387885465,valid,True
1.0476157527896662e-08,-20.1010101010101,2.3475660981990427,10.059328768676718,6.541886993996808,valid,True
1.0476157527896662e-08,-18.686868686868685,2.4490549350653974,10.059366331422664,6.880183116884656,valid,True
1.0476157527896662e-08,-17.272727272727273,2.5611245096008233,10.059407764958456,7.253748365336077,valid,True
1.0476157527896662e-08,-15.858585858585858,2.6855065594354284,10.05945369554198,7.668355198118095,valid,True
1.0476157527896662e-08,-14.444444444444445,2.8243325571910285,10.059504892352455,8.131108523970095,valid,True
1.0476157527896662e-08,-13.030303030303031,2.9802560988231566,10.05956231075375,8.650853662743856,valid,True
1.0476157527896662e-08,-11.616161616161616,3.1566231890443577,10.059627152295416,9.238743963481191,valid,True
1.0476157527896662e-08,-10.2020202020202,3.3577138172848886,10.059700949531186,9.909046057616296,valid,True
1.0476157527896662e-08,-8.787878787878789,3.5890922540681576,10.05978568852464,10.680307513560523,valid,True
1.0476157527896662e-08,-7.373737373737374,3.8581277764564885,10.059883990153967,11.577092588188293,valid,True
1.0476157527896662e-08,-5.9595959595959584,4.174791088570756,10.059999386028071,12.63263696190252,valid,True
1.0476157527896662e-08,-4.545454545454547,4.552913192235251,10.060136752147539,13.893043974117504,valid,True
1.0476157527896662e-08,-3.1313131313131315,5.012253513508774,10.060303016702186,15.424178378362576,valid,True
1.0476157527896662e-08,-1.7171717171717162,5.58205694043611,10.060508368197251,17.32352313478703,valid,True
1.0476157527896662e-08,-0.30303030303030454,6.307520579680322,10.060768432116443,19.741735265601072,valid,True
1.0476157527896662e-08,1.1111111111111107,7.262384667574253,10.061108462959348,22.924615558580843,valid,True
1.0476157527896662e-08,2.525252525252526,8.575679235388677,10.061572129660888,27.30226411796226,valid,True
1.3219411484660288e-08,-30.0,1.839284570781151,10.059283092539467,4.84761523593717,valid,True
1.3219411484660288e-08,-28.585858585858585,1.8957833875877474,10.059309628035477,5.035944625292491,valid,True
1.3219411484660288e-08,-27.171717171717173,1.9566329181370674,10.059338188729555,5.238776393790225,valid,True
1.3219411484660288e-08,-25.757575757575758,2.022348324354212,10.059369012278907,5.457827747847373,valid,True
1.3219411484660288e-08,-24.343434343434343,2.09352948078842,10.059402375079898,5.695098269294733,valid,True
1.3219411484660288e-08,-22.929292929292927,2.1708791299560137,10.059438600498922,5.9529304331867126,valid,True
1.3219411484660288e-08,-21.515151515151516,2.2552259157675154,10.059478069295789,6.234086385891717,valid,True
1.3219411484660288e-08,-20.1010101010101,2.3475538957847424,10.059521232952964,6.541846319282474,valid,True
1.3219411484660288e-08,-18.686868686868685,2.4490407628830377,10.059568630902106,6.880135876276793,valid,True
1.3219411484660288e-08,-17.272727272727273,2.5611079299255426,10.0596209130461,7.253693099751809,valid,True
1.3219411484660288e-08,-15.858585858585858,2.685487007209886,10.059678869579017,7.668290024032954,valid,True
1.3219411484660288e-08,-14.444444444444445,2.824309293129136,10.059743471021708,8.131030977097119,valid,True
1.3219411484660288e-08,-13.030303030303031,2.980228141134322,10.059815922805221,8.65076047044774,valid,True
1.3219411484660288e-08,-11.616161616161616,3.156589211899214,10.059897740969998,9.238630706330712,valid,True
1.3219411484660288e-08,-10.2020202020202,3.3576719961811783,10.059990859173267,9.90890665393726,valid,True
1.3219411484660288e-08,-8.787878787878789,3.589040023907119,10.060097783238746,10.68013341302373,valid,True
1.3219411484660288e-08,-7.373737373737374,3.8580614412732457,10.060221819878375,11.576871470910817,valid,True
1.3219411484660288e-08,-5.9595959595959584,4.174705169364452,10.060367424755917,12.632350564548172,valid,True
1.3219411484660288e-08,-4.545454545454547,4.5527992915462505,10.060540749516791,13.892664305154169,valid,True
1.3219411484660288e-08,-3.1313131313131315,5.012098240883242,10.06075053456579,15.42366080294414,valid,True
1.3219411484660288e-08,-1.7171717171717162,5.581837896669504,10.061009632812112,17.32279298889835,valid,True
1.3219411484660288e-08,-0.30303030303030454,6.307198016328307,10.061337754689967,19.74066005442769,valid,True
1.3219411484660288e-08,1.1111111111111107,7.261882572729877,10.061766754031623,22.92294190909959,valid,True
1.3219411484660288e-08,2.525252525252526,8.574837302345813,10.062351703577306,27.299457674486042,valid,True
1.6681005372000592e-08,-30.0,1.8392782526774805,10.059463598039493,4.847594175591602,valid,True
1.6681005372000592e-08,-28.585858585858585,1.8957763105518672,10.059497081612626,5.0359210351728905,valid,True
1.6681005372000592e-08,-27.171717171717173,1.956624959078936,10.059533120627854,5.238749863596453,valid,True
1.6681005372000592e-08,-25.757575757575758,2.022339334504182,10.059572014960555,5.457797781680606,valid,True
1.6681005372000592e-08,-24.343434343434343,2.0935192790375563,10.059614113365797,5.695064263458521,valid,True
1.6681005372000592e-08,-22.929292929292927,2.170867494099946,10.059659823863395,5.952891646999821,valid,True
1.6681005372000592e-08,-21.515151515151516,2.2552125708666697,10.059709626889234,6.234041902888899,valid,True
1.6681005372000592e-08,-20.1010101010101,2.347538498505604,10.059764092112697,6.541794995018681,valid,True
1.6681005372000592e-08,-18.686868686868685,2.449022880157209,10.05982390017116,6.880076267190696,valid,True
1.6681005372000592e-08,-17.272727272727273,2.5610870094487224,10.059889871085257,7.2536233648290755,valid,True
1.6681005372000592e-08,-15.858585858585858,2.6854623360202634,10.059963001881226,7.668207786734212,valid,True
1.6681005372000592e-08,-14.444444444444445,2.8242799384406014,10.060044517100888,8.130933128135338,valid,True
1.6681005372000592e-08,-13.030303030303031,2.980192864197686,10.060135937664217,8.650642880658955,valid,True
1.6681005372000592e-08,-11.616161616161616,3.15654633990497,10.060239176369407,9.238487799683234,valid,True
1.6681005372000592e-08,-10.2020202020202,3.3576192271779353,10.060356672886808,9.908730757259784,valid,True
1.6681005372000592e-08,-8.787878787878789,3.5889741216061015,10.060491588722893,10.679913738687006,valid,True
1.6681005372000592e-08,-7.373737373737374,3.8579777427272712,10.060648095740621,11.576592475757572,valid,True
1.6681005372000592e-08,-5.9595959595959584,4.174596762301368,10.060831815201816,12.631989207671229,valid,True
1.6681005372000592e-08,-4.545454545454547,4.552655582198398,10.061050507741005,13.892185273994661,valid,True
1.6681005372000592e-08,-3.1313131313131315,5.011902337455447,10.0613151993477,15.423007791518156,valid,True
1.6681005372000592e-08,-1.7171717171717162,5.581561544931155,10.061642102941349,17.321871816437184,valid,True
1.6681005372000592e-08,-0.30303030303030454,6.306791082552071,10.062056079622089,19.73930360850691,valid,True
1.6681005372000592e-08,1.1111111111111107,7.261249198073374,10.062597302516492,22.92083066024458,valid,True
1.6681005372000592e-08,2.525252525252526,8.573775365713288,10.063335215894366,27.295917885710963,valid,True
2.104904144512022e-08,-30.0,1.8392702802876626,10.05969136802169,4.847567600958874,valid,True
2.104904144512022e-08,-28.585858585858585,1.8957673805299213,10.05973361882198,5.035891268433071,valid,True
2.104904144512022e-08,-27.171717171717173,1.9566149161109043,10.059779094116152,5.238716387036347,valid,True
2.104904144512022e-08,-25.757575757575758,2.0223279908746035,10.059828172281719,5.457759969582011,valid,True
2.104904144512022e-08,-24.343434343434343,2.0935064062267568,10.05988129336966,5.69502135408919,valid,True
2.104904144512022e-08,-22.929292929292927,2.1708528117362924,10.059938972207107,5.952842705787641,valid,True
2.104904144512022e-08,-21.515151515151516,2.255195732040796,10.060001814989981,6.23398577346932,valid,True
2.104904144512022e-08,-20.1010101010101,2.3475190700138233,10.060070540500842,6.54173023337941,valid,True
2.104904144512022e-08,-18.686868686868685,2.4490003155764155,10.06014600752992,6.8800010519213854,valid,True
2.104904144512022e-08,-17.272727272727273,2.5610606119164476,10.06022925072434,7.2535353730548255,valid,True
2.104904144512022e-08,-15.858585858585858,2.685431205975901,10.060321528052246,7.66810401991967,valid,True
2.104904144512022e-08,-14.444444444444445,2.824242898980444,10.060424384524552,8.130809663268145,valid,True
2.104904144512022e-08,-13.030303030303031,2.980148352403871,10.06053973906749,8.650494508012903,valid,True
2.104904144512022e-08,-11.616161616161616,3.1564922452462056,10.060670004995863,9.238307484154019,valid,True
2.104904144512022e-08,-10.2020202020202,3.357552645413418,10.060818260301783,9.908508818044726,valid,True
2.104904144512022e-08,-8.787878787878789,3.588890969796101,10.06098849358279,10.679636565987003,valid,True
2.104904144512022e-08,-7.373737373737374,3.8578721382235033,10.061185967964011,11.57624046074501,valid,True
2.104904144512022e-08,-5.9595959595959584,4.174459985103236,10.061417774845754,12.631533283677452,valid,True
2.104904144512022e-08,-4.545454545454547,4.552474268663073,10.061693704074967,13.891580895543576,valid,True
2.104904144512022e-08,-3.1313131313131315,5.011655180580208,10.062027663858183,15.422183935267359,valid,True
2.104904144512022e-08,-1.7171717171717162,5.5812129084063296,10.062440103647319,17.320709694687764,valid,True
2.104904144512022e-08,-0.30303030303030454,6.306277741575646,10.062962377650598,19.73759247191882,valid,True
2.104904144512022e-08,1.1111111111111107,7.260450283671053,10.063645143839661,22.918167612236843,valid,True
2.104904144512022e-08,2.525252525252526,8.572436089248892,10.064575951977542,27.29145363082964,valid,True
2.656087782946684e-08,-30.0,1.8392602205159119,10.059978777757287,4.8475340683863735,valid,True
2.656087782946684e-08,-28.585858585858585,1.8957561124139979,10.060032091142606,5.03585370804666,valid,True
2.656087782946684e-08,-27.171717171717173,1.956602243679643,10.060089473205275,5.23867414559881,valid,True
2.656087782946684e-08,-25.757575757575758,2.022313677274726,10.060151401368056,5.45771225758242,valid,True
2.656087782946684e-08,-24.343434343434343,2.093490163121188,10.060218430867723,5.694967210403961,valid,True
2.656087782946684e-08,-22.929292929292927,2.1708342853656584,10.060291211285934,5.952780951218861,valid,True
2.656087782946684e-08,-21.515151515151516,2.25517448469482,10.060370507482912,6.233914948982734,valid,True
2.656087782946684e-08,-20.1010101010101,2.3474945551058357,10.060457226365948,6.541648517019453,valid,True
2.656087782946684e-08,-18.686868686868685,2.448971843673895,10.060552451483252,6.87990614557965,valid,True
2.656087782946684e-08,-17.272727272727273,2.5610273037844884,10.060657488249749,7.253424345948296,valid,True
2.656087782946684e-08,-15.858585858585858,2.685391926649371,10.06077392382424,7.667973088831237,valid,True
2.656087782946684e-08,-14.444444444444445,2.8241961635960906,10.060903707493875,8.130653878653636,valid,True
2.656087782946684e-08,-13.030303030303031,2.9800921891119763,10.061049260259644,8.65030729703992,valid,True
2.656087782946684e-08,-11.616161616161616,3.1564239913593597,10.061213626801932,9.238079971197866,valid,True
2.656087782946684e-08,-10.2020202020202,3.3574686369791746,10.061400690274187,9.908228789930583,valid,True
2.656087782946684e-08,-8.787878787878789,3.5887860559922005,10.061615482488115,10.679286853307335,valid,True
2.656087782946684e-08,-7.373737373737374,3.857738898096724,10.061864642893838,11.57579632698908,valid,True
2.656087782946684e-08,-5.9595959595959584,4.174287418916673,10.062157116914669,12.63095806305558,valid,True
2.656087782946684e-08,-4.545454545454547,4.552245520059666,10.062505253220333,13.890818400198887,valid,True
2.656087782946684e-08,-3.1313131313131315,5.011343375941672,10.062926593997199,15.421144586472241,valid,True
2.656087782946684e-08,-1.7171717171717162,5.580773106041879,10.063446929313764,17.31924368680626,valid,True
2.656087782946684e-08,-0.30303030303030454,6.305630219357828,10.064105796738597,19.735434064526093,valid,True
2.656087782946684e-08,1.1111111111111107,7.259442667244723,10.064967064083408,22.914808890815745,valid,True
2.656087782946684e-08,2.525252525252526,8.570747283995736,10.06614108105125,27.285824279985786,valid,True
3.351602650938841e-08,-30.0,1.8392475269110131,10.060341442322013,4.847491756370044,valid,True
3.351602650938841e-08,-28.585858585858585,1.8957418941320645,10.060408714468096,5.0358063137735485,valid,True
3.351602650938841e-08,-27.171717171717173,1.9565862534535698,10.060481120428125,5.238620844845233,valid,True
3.351602650938841e-08,-25.757575757575758,2.0222956162562253,10.060559262584778,5.457652054187418,valid,True
3.351602650938841e-08,-24.343434343434343,2.0934696675053948,10.060643841496407,5.69489889168465,valid,True
3.351602650938841e-08,-22.929292929292927,2.17081090880573,10.060735676752156,5.952703029352434,valid,True
3.351602650938841e-08,-21.515151515151516,2.2551476749262798,10.060835733381094,6.2338255830876,valid,True
3.351602650938841e-08,-20.1010101010101,2.3474636225010075,10.060945155621681,6.541545408336693,valid,True
3.351602650938841e-08,-18.686868686868685,2.448935918387397,10.06106531056223,6.879786394624657,valid,True
3.351602650938841e-08,-17.272727272727273,2.56098527651633,10.061197845192146,7.253284255054432,valid,True
3.351602650938841e-08,-15.858585858585858,2.6853423654770605,10.061344761933317,7.667807884923535,valid,True
3.351602650938841e-08,-14.444444444444445,2.824137195186442,10.061508520036723,8.13045731728814,valid,True
3.351602650938841e-08,-13.030303030303031,2.98002132579623,10.06169217380759,8.650071085987433,valid,True
3.351602650938841e-08,-11.616161616161616,3.156337874004744,10.061899564277518,9.237792913349145,valid,True
3.351602650938841e-08,-10.2020202020202,3.357362643449688,10.062135590105932,9.907875478165627,valid,True
3.351602650938841e-08,-8.787878787878789,3.588653688698103,10.062406598765154,10.678845628993676,valid,True
3.351602650938841e-08,-7.373737373737374,3.857570796210641,10.062720965329746,11.575235987368801,valid,True
3.351602650938841e-08,-5.9595959595959584,4.174069708164241,10.063089973014023,12.630232360547469,valid,True
3.351602650938841e-08,-4.545454545454547,4.551956940707236,10.063529196566895,13.88985646902412,valid,True
3.351602650938841e-08,-3.1313131313131315,5.010950037648573,10.064060759019512,15.419833458828581,valid,True
3.351602650938841e-08,-1.7171717171717162,5.580218340557273,10.064717181134537,17.317394468524245,valid,True
3.351602650938841e-08,-0.30303030303030454,6.304813521848476,10.065548310788781,19.73271173949492,valid,True
3.351602650938841e-08,1.1111111111111107,7.258171993614947,10.066634652082904,22.910573312049824,valid,True
3.351602650938841e-08,2.525252525252526,8.568618113803101,10.068115250949237,27.27872704601034,valid,True
4.229242874389499e-08,-30.0,1.8392315100149534,10.060799064519824,4.847438366716512,valid,True
4.229242874389499e-08,-28.585858585858585,1.8957239534398096,10.06088394960798,5.035746511466032,valid,True
4.229242874389499e-08,-27.171717171717173,1.9565660769819326,10.060975312397446,5.238553589939775,valid,True
4.229242874389499e-08,-25.757575757575758,2.0222728269439436,10.061073912918962,5.457576089813144,valid,True
4.229242874389499e-08,-24.343434343434343,2.093443806338767,10.061180635063891,5.694812687795891,valid,True
4.229242874389499e-08,-22.929292929292927,2.1707814126335996,10.06129651289324,5.952604708778665,valid,True
4.229242874389499e-08,-21.515151515151516,2.2551138469707417,10.061422763952386,6.2337128232358054,valid,True
4.229242874389499e-08,-20.1010101010101,2.34742459268818,10.061560831869722,6.5414153089606,valid,True
4.229242874389499e-08,-18.686868686868685,2.448890589287628,10.06171244140547,6.879635297625427,valid,True
4.229242874389499e-08,-17.272727272727273,2.5609322486200767,10.061879670414793,7.253107495400256,valid,True
4.229242874389499e-08,-15.858585858585858,2.685279832287061,10.062065045117746,7.667599440956869,valid,True
4.229242874389499e-08,-14.444444444444445,2.8240627933839644,10.062271667988256,8.130209311279883,valid,True
4.229242874389499e-08,-13.030303030303031,2.979931917132726,10.062503392085304,8.649773057109085,valid,True
4.229242874389499e-08,-11.616161616161616,3.156229221004823,10.062765062777792,9.237430736682745,valid,True
4.229242874389499e-08,-10.2020202020202,3.3572289156251105,10.063062859364726,9.907429718750368,valid,True
4.229242874389499e-08,-8.787878787878789,3.5884866902207806,10.063404788337994,10.678288967402603,valid,True
4.229242874389499e-08,-7.373737373737374,3.8573587203927606,10.063801413130381,11.574529067975869,valid,True
4.229242874389499e-08,-5.9595959595959584,4.173795056916624,10.064266964176298,12.629316856388744,valid,True
4.229242874389499e-08,-4.545454545454547,4.551592904118124,10.06482108263839,13.88864301372708,valid,True
4.229242874389499e-08,-3.1313131313131315,5.01045388328244,10.065491664415102,15.418179610941468,valid,True
4.229242874389499e-08,-1.7171717171717162,5.57951862756387,10.066319710085997,17.315062091879568,valid,True
4.229242874389499e-08,-0.30303030303030454,6.303783575516389,10.067368052353888,19.729278585054633,valid,True
4.229242874389499e-08,1.1111111111111107,7.256569848180899,10.068738136079467,22.905232827269664,valid,True
4.229242874389499e-08,2.525252525252526,8.565934362749712,10.070605100191022,27.269781209165703,valid,True
5.336699231206302e-08,-30.0,1.8392112999662253,10.061376504579911,4.847370999887417,valid,True
5.336699231206302e-08,-28.585858585858585,1.8957013160393985,10.061483613062236,5.035671053464661,valid,True
5.336699231206302e-08,-27.171717171717173,1.956540618603504,10.061598894780543,5.238468728678345,valid,True
5.336699231206302e-08,-25.757575757575758,2.02224407185778,10.061723308641609,5.457480239525932,valid,True
5.336699231206302e-08,-24.343434343434343,2.093411175424437,10.061857969809914,5.694703918081456,valid,True
5.336699231206302e-08,-22.929292929292927,2.170744195393904,10.062004182894484,5.952480651313013,valid,True
5.336699231206302e-08,-21.515151515151516,2.255071164331914,10.062163483971725,6.233570547773046,valid,True
5.336699231206302e-08,-20.1010101010101,2.3473753469606513,10.062337694317097,6.541251156535504,valid,True
5.336699231206302e-08,-18.686868686868685,2.448833395975857,10.062528989838377,6.879444653252857,valid,True
5.336699231206302e-08,-17.272727272727273,2.560865342170351,10.06273999183915,7.25288447390117,valid,True
5.336699231206302e-08,-15.858585858585858,2.6852009337695524,10.06297388717244,7.667336445898507,valid,True
5.336699231206302e-08,-14.444444444444445,2.823968921519737,10.063234589524388,8.129896405065791,valid,True
5.336699231206302e-08,-13.030303030303031,2.9798191132272547,10.063526959253302,8.649397044090849,valid,True
5.336699231206302e-08,-11.616161616161616,3.15609213999122,10.063857108192408,9.236973799970734,valid,True
5.336699231206302e-08,-10.2020202020202,3.3570602034220824,10.064232830377694,9.906867344740276,valid,True
5.336699231206302e-08,-8.787878787878789,3.5882760099586015,10.064664223907323,10.677586699862006,valid,True
5.336699231206302e-08,-7.373737373737374,3.8570911822132348,10.065164610822704,11.573637274044117,valid,True
5.336699231206302e-08,-5.9595959595959584,4.173448595467071,10.065751936173765,12.628161984890236,valid,True
5.336699231206302e-08,-4.545454545454547,4.5511337158981915,10.0664509652998,13.887112386327304,valid,True
5.336699231206302e-08,-3.1313131313131315,5.009828097482866,10.06729686670176,15.416093658276221,valid,True
5.336699231206302e-08,-1.7171717171717162,5.578636201591357,10.068341320045674,17.31212067197119,valid,True
5.336699231206302e-08,-0.30303030303030454,6.302484899256756,10.06966350281786,19.724949664189182,valid,True
5.336699231206302e-08,1.1111111111111107,7.2545501775379035,10.07139120178127,22.89850059179301,valid,True
5.336699231206302e-08,2.525252525252526,8.56255255102392,10.073744913588406,27.258508503413065,valid,True
6.734150657750828e-08,-30.0,1.8391857993402867,10.06210512954528,4.847285997800955,valid,True
6.734150657750828e-08,-28.585858585858585,1.8956727527674884,10.06224027819448,5.035575842558295,valid,True
6.734150657750828e-08,-27.171717171717173,1.9565084960679808,10.062385739189716,5.238361653559936,valid,True
6.734150657750828e-08,-25.757575757575758,2.0222077898634487,10.062542722306043,5.457359299544829,valid,True
6.734150657750828e-08,-24.343434343434343,2.093370003346189,10.062712634435028,5.694566677820629,valid,True
6.734150657750828e-08,-22.929292929292927,2.1706972368751423,10.062897121443665,5.952324122917141,valid,True
6.734150657750828e-08,-21.515151515151516,2.255017310362727,10.063098121176317,6.233391034542424,valid,True
6.734150657750828e-08,-20.1010101010101,2.3473132127626446,10.063317931221938,6.541044042542149,valid,True
6.734150657750828e-08,-18.686868686868685,2.4487612349969683,10.063559296480335,6.879204116656562,valid,True
6.734150657750828e-08,-17.272727272727273,2.5607809272143425,10.063825523623297,7.2526030907144765,valid,True
6.734150657750828e-08,-15.858585858585858,2.68510139012582,10.064120632610347,7.667004633752734,valid,True
6.734150657750828e-08,-14.444444444444445,2.823850488658854,10.064449560056246,8.129501628862847,valid,True
6.734150657750828e-08,-13.030303030303031,2.9796767979540038,10.06481843641054,8.64892265984668,valid,True
6.734150657750828e-08,-11.616161616161616,3.1559192008116463,10.06523497022594,9.236397336038822,valid,True
6.734150657750828e-08,-10.2020202020202,3.3568473655666655,10.065708991121735,9.90615788522222,valid,True
6.734150657750828e-08,-8.787878787878789,3.588010237880082,10.066253233578554,10.676700792933607,valid,True
6.734150657750828e-08,-7.373737373737374,3.8567537005509327,10.0668844961756,11.572512335169776,valid,True
6.734150657750828e-08,-5.9595959595959584,4.173011584336871,10.06762540435157,12.626705281122904,valid,True
6.734150657750828e-08,-4.545454545454547,4.550554562695982,10.068507178206286,13.885181875653274,valid,True
6.734150657750828e-08,-3.1313131313131315,5.0090389066967544,10.069574144263424,15.413463022322516,valid,True
6.734150657750828e-08,-1.7171717171717162,5.577523520094126,10.070891423940708,17.308411733647088,valid,True
6.734150657750828e-08,-0.30303030303030454,6.300847695658332,10.0725587556548,19.719492318861107,valid,True
6.734150657750828e-08,1.1111111111111107,7.2520048325164925,10.074737035229468,22.89001610838831,valid,True
6.734150657750828e-08,2.525252525252526,8.558292648408221,10.0777036987255,27.244308828027407,valid,True
8.497534359086438e-08,-30.0,1.8391536236886081,10.063024515345766,4.847178745628694,valid,True
8.497534359086438e-08,-28.585858585858585,1.89563671301142,10.06319504257148,5.035455710038066,valid,True
8.497534359086438e-08,-27.171717171717173,1.9564679656784087,10.063378580738036,5.238226552261361,valid,True
8.497534359086438e-08,-25.757575757575758,2.0221620116513033,10.063576656045385,5.457206705504343,valid,True
8.497534359086438e-08,-24.343434343434343,2.0933180555931146,10.063791043333426,5.694393518643715,valid,True
8.497534359086438e-08,-22.929292929292927,2.17063798880866,10.064023818873121,5.9521266293622,valid,True
8.497534359086438e-08,-21.515151515151516,2.2549493629773125,10.064277427207822,6.233164543257708,valid,True
8.497534359086438e-08,-20.1010101010101,2.347234819221305,10.064554766610929,6.540782730737682,valid,True
8.497534359086438e-08,-18.686868686868685,2.4486701921699856,10.064859299504707,6.878900640566618,valid,True
8.497534359086438e-08,-17.272727272727273,2.5606744257808365,10.065195196783403,7.25224808593612,valid,True
8.497534359086438e-08,-15.858585858585858,2.684975804160414,10.065567528843879,7.666586013868046,valid,True
8.497534359086438e-08,-14.444444444444445,2.823701075168219,10.065982521968547,8.129003583894065,valid,True
8.497534359086438e-08,-13.030303030303031,2.9794972595988884,10.066447907727063,8.64832419866296,valid,True
8.497534359086438e-08,-11.616161616161616,3.155701035907501,10.066973407312764,9.235670119691669,valid,True
8.497534359086438e-08,-10.2020202020202,3.3565788786824258,10.067571415804618,9.90526292894142,valid,True
8.497534359086438e-08,-8.787878787878789,3.587674992910229,10.068257989768517,10.67558330970076,valid,True
8.497534359086438e-08,-7.373737373737374,3.8563280271644427,10.06905430763069,11.571093423881475,valid,True
8.497534359086438e-08,-5.9595959595959584,4.172460415085692,10.06998888980331,12.62486805028564,valid,True
8.497534359086438e-08,-4.545454545454547,4.549824194261183,10.071101083544226,13.882747314203943,valid,True
8.497534359086438e-08,-3.1313131313131315,5.0080437945710825,10.07244674137015,15.410145981903607,valid,True
8.497534359086438e-08,-1.7171717171717162,5.576120769154438,10.074107892713302,17.30373589718146,valid,True
8.497534359086438e-08,-0.30303030303030454,6.2987842264584035,10.076210119631874,19.712614088194677,valid,True
8.497534359086438e-08,1.1111111111111107,7.248798038424532,10.078955889731692,22.879326794748437,valid,True
8.497534359086438e-08,2.525252525252526,8.55292909749805,10.082694020591461,27.226430324993494,valid,True
1.0722672220103232e-07,-30.0,1.8391130265831124,10.064184593516663,4.847043421943709,valid,True
1.0722672220103232e-07,-28.585858585858585,1.8955912407814473,10.064399756913987,5.035304135938158,valid,True
1.0722672220103232e-07,-27.171717171717173,1.9564168279428282,10.064631335448485,5.238056093142761,valid,True
1.0722672220103232e-07,-25.757575757575758,2.0221042532186697,10.064881254388236,5.457014177395566,valid,True
1.0722672220103232e-07,-24.343434343434343,2.093252513746439,10.065151752601533,5.694175045821463,valid,True
1.0722672220103232e-07,-22.929292929292927,2.170563237154334,10.065445449125795,5.951877457181113,valid,True
1.0722672220103232e-07,-21.515151515151516,2.254863636817284,10.06576542744888,6.232878789390947,valid,True
1.0722672220103232e-07,-20.1010101010101,2.347135915180783,10.066115343257087,6.540453050602611,valid,True
1.0722672220103232e-07,-18.686868686868685,2.448555331438527,10.066499563644971,6.878517771461758,valid,True
1.0722672220103232e-07,-17.272727272727273,2.5605400651192483,10.066923349054754,7.251800217064161,valid,True
1.0722672220103232e-07,-15.858585858585858,2.684817370633115,10.067393094074255,7.666057902110383,valid,True
1.0722672220103232e-07,-14.444444444444445,2.8235125873868694,10.06791665057732,8.128375291289563,valid,True
1.0722672220103232e-07,-13.030303030303031,2.97927077656584,10.068503768047488,8.647569255219468,valid,True
1.0722672220103232e-07,-11.616161616161616,3.1554258378525533,10.069166703858343,9.234752792841844,valid,True
1.0722672220103232e-07,-10.2020202020202,3.356240220370962,10.069921085314897,9.904134067903207,valid,True
1.0722672220103232e-07,-8.787878787878789,3.5872521548286214,10.070787153583344,10.674173849428739,valid,True
1.0722672220103232e-07,-7.373737373737374,3.8557911749088905,10.07179160263087,11.56930391636297,valid,True
1.0722672220103232e-07,-5.9595959595959584,4.171765357793662,10.07297037399237,12.62255119264554,valid,True
1.0722672220103232e-07,-4.545454545454547,4.548903273602138,10.07437304192167,13.879677578673796,valid,True
1.0722672220103232e-07,-3.1313131313131315,5.006789271996388,10.076069955268109,15.40596423998796,valid,True
1.0722672220103232e-07,-1.7171717171717162,5.574352754583303,10.078164393989528,17.297842515277676,valid,True
1.0722672220103232e-07,-0.30303030303030454,6.296184311329937,10.080814390512879,19.703947704433123,valid,True
1.0722672220103232e-07,1.1111111111111107,7.244759565802019,10.084274542131796,22.865865219340066,valid,True
1.0722672220103232e-07,2.525252525252526,8.546179827925156,10.088983000154343,27.203932759750522,valid,True
1.3530477745798075e-07,-30.0,1.8390618051535141,10.065648358373014,4.8468726838450475,valid,True
1.3530477745798075e-07,-28.585858585858585,1.8955338689513581,10.065919835837974,5.035112896504527,valid,True
1.3530477745798075e-07,-27.171717171717173,1.9563523086969068,10.066212022386875,5.237841028989689,valid,True
1.3530477745798075e-07,-25.757575757575758,2.0220313816761397,10.06652734651283,5.456771272253799,valid,True
1.3530477745798075e-07,-24.343434343434343,2.0931698232973224,10.06686863219231,5.693899410991075,valid,True
1.3530477745798075e-07,-22.929292929292927,2.1704689286570944,10.067239182812578,5.951563095523648,valid,True
1.3530477745798075e-07,-21.515151515151516,2.2547554845046833,10.067642887422554,6.232518281682278,valid,True
1.3530477745798075e-07,-20.1010101010101,2.3470111401149483,10.068084356556476,6.540037133716494,valid,True
1.3530477745798075e-07,-18.686868686868685,2.4484104291059903,10.06856909770125,6.878034763686634,valid,True
1.3530477745798075e-07,-17.272727272727273,2.560370567198663,10.069103744598497,7.2512352239955415,valid,True
1.3530477745798075e-07,-15.858585858585858,2.6846175106532044,10.069696360690926,7.665391702177349,valid,True
1.3530477745798075e-07,-14.444444444444445,2.823274823403408,10.0703568462781,8.127582744678028,valid,True
1.3530477745798075e-07,-13.030303030303031,2.9789850966754816,10.071097493233657,8.646616988918272,valid,True
1.3530477745798075e-07,-11.616161616161616,3.1550787281834505,10.071933753688443,9.233595760611502,valid,True
1.3530477745798075e-07,-10.2020202020202,3.355813094783871,10.072885325579692,9.902710315946235,valid,True
1.3530477745798075e-07,-8.787878787878789,3.5867189008534024,10.073977718687349,10.672396336178009,valid,True
1.3530477745798075e-07,-7.373737373737374,3.855114200104307,10.075244569010191,11.567047333681023,valid,True
1.3530477745798075e-07,-5.9595959595959584,4.1708889937470675,10.0767311547021,12.619629979156892,valid,True
1.3530477745798075e-07,-4.545454545454547,4.547742316051827,10.078499910077298,13.875807720172753,valid,True
1.3530477745798075e-07,-3.1313131313131315,5.005208097962974,10.080639400418114,15.40069365987658,valid,True
1.3530477745798075e-07,-1.7171717171717162,5.572125039830422,10.083279586113512,17.29041679943474,valid,True
1.3530477745798075e-07,-0.30303030303030454,6.292909762175691,10.08661919298849,19.693032540585637,valid,True
1.3530477745798075e-07,1.1111111111111107,7.239676346233228,10.090978080007542,22.84892115411076,valid,True
1.3530477745798075e-07,2.525252525252526,8.537692927696986,10.096905958158635,27.175643092323284,valid,True
1.7073526474706888e-07,-30.0,1.8389971810806134,10.06749528040703,4.846657270268712,valid,True
1.7073526474706888e-07,-28.585858585858585,1.8954614860365393,10.067837801623195,5.034871620121797,valid,True
1.7073526474706888e-07,-27.171717171717173,1.9562709093788397,10.068206447624895,5.237569697929466,valid,True
1.7073526474706888e-07,-25.757575757575758,2.02193944625856,10.068604281359349,5.456464820861867,valid,True
1.7073526474706888e-07,-24.343434343434343,2.093065502039283,10.06903486444292,5.693551673464277,valid,True
1.7073526474706888e-07,-22.929292929292927,2.1703499525135803,10.069502362949365,5.9511665083786,valid,True
1.7073526474706888e-07,-21.515151515151516,2.2546190465134837,10.070011681324088,6.232063488378278,valid,True
1.7073526474706888e-07,-20.1010101010101,2.3468537358910497,10.07056863355325,6.5395124529701665,valid,True
1.7073526474706888e-07,-18.686868686868685,2.4482276395531772,10.071180164267556,6.877425465177257,valid,True
1.7073526474706888e-07,-17.272727272727273,2.5601567582929587,10.071854637644316,7.250522527643197,valid,True
1.7073526474706888e-07,-15.858585858585858,2.6843654121665974,10.072602219667672,7.664551373888658,valid,True
1.7073526474706888e-07,-14.444444444444445,2.822974927565817,10.073435390945374,8.126583091886056,valid,True
1.7073526474706888e-07,-13.030303030303031,2.978624783413384,10.07436964523918,8.64541594471128,valid,True
1.7073526474706888e-07,-11.616161616161616,3.1546409655049708,10.075424457203486,9.232136551683237,valid,True
1.7073526474706888e-07,-10.2020202020202,3.355274461809187,10.076624648661094,9.90091487269729,valid,True
1.7073526474706888e-07,-8.787878787878789,3.5860464991771432,10.078002358961175,10.670154997257145,valid,True
1.7073526474706888e-07,-7.373737373737374,3.8542606797266057,10.07959995570463,11.564202265755354,valid,True
1.7073526474706888e-07,-5.9595959595959584,4.169784258593178,10.081474454442372,12.615947528643929,valid,True
1.7073526474706888e-07,-4.545454545454547,4.546279121776224,10.083704445758606,13.870930405920747,valid,True
1.7073526474706888e-07,-3.1313131313131315,5.003215827563704,10.086401361230946,15.394052758545682,valid,True
1.7073526474706888e-07,-1.7171717171717162,5.569319168582167,10.089728614873803,17.281063895273892,valid,True
1.7073526474706888e-07,-0.30303030303030454,6.288787539510467,10.093935879616804,19.679291798368226,valid,True
1.7073526474706888e-07,1.1111111111111107,7.233282257945855,10.099424546942824,22.827607526486183,valid,True
1.7073526474706888e-07,2.525252525252526,8.527030654345687,10.106883263999704,27.140102181152287,valid,True
2.1544346900318867e-07,-30.0,1.8389156507316704,10.069825609260597,4.846385502438901,valid,True
2.1544346900318867e-07,-28.585858585858585,1.8953701684552238,10.070257751193733,5.034567228184079,valid,True
2.1544346900318867e-07,-27.171717171717173,1.9561682185448548,10.070722847544438,5.237227395149516,valid,True
2.1544346900318867e-07,-25.757575757575758,2.021823465632054,10.071224760985036,5.456078218773514,valid,True
2.1544346900318867e-07,-24.343434343434343,2.0929338989612027,10.071767982841624,5.693112996537343,valid,True
2.1544346900318867e-07,-22.929292929292927,2.1701998657056687,10.072357766399016,5.950666219018896,valid,True
2.1544346900318867e-07,-21.515151515151516,2.2544469365961,10.073000295628269,6.2314897886536675,valid,True
2.1544346900318867e-07,-20.1010101010101,2.3466551843899097,10.073702900826465,6.5388506146330325,valid,True
2.1544346900318867e-07,-18.686868686868685,2.447997075129528,10.074474337123842,6.876656917098426,valid,True
2.1544346900318867e-07,-17.272727272727273,2.5598870785455254,10.07532514833069,7.249623595151752,valid,True
2.1544346900318867e-07,-15.858585858585858,2.684047453020646,10.076268148269136,7.663491510068821,valid,True
2.1544346900318867e-07,-14.444444444444445,2.822596706019585,10.077319066356381,8.125322353398616,valid,True
2.1544346900318867e-07,-13.030303030303031,2.978170396225339,10.078497426757792,8.64390132075113,valid,True
2.1544346900318867e-07,-11.616161616161616,3.1540889534479524,10.079827765994429,9.230296511493174,valid,True
2.1544346900318867e-07,-10.2020202020202,3.354595322197709,10.08134135138144,9.898651073992363,valid,True
2.1544346900318867e-07,-8.787878787878789,3.5851988012049265,10.083078658205537,10.667329337349756,valid,True
2.1544346900318867e-07,-7.373737373737374,3.853184811470224,10.085093027283275,11.56061603823408,valid,True
2.1544346900318867e-07,-5.9595959595959584,4.168392006102059,10.087456215187359,12.611306687006865,valid,True
2.1544346900318867e-07,-4.545454545454547,4.544435588255356,10.090267086453728,13.864785294184522,valid,True
2.1544346900318867e-07,-3.1313131313131315,5.0007065425813275,10.093665736322917,15.385688475271092,valid,True
2.1544346900318867e-07,-1.7171717171717162,5.565786787315076,10.09785745533204,17.269289291050256,valid,True
2.1544346900318867e-07,-0.30303030303030454,6.283601398031445,10.103155569651088,19.662004660104817,valid,True
2.1544346900318867e-07,1.1111111111111107,7.225245805909881,10.110063064528044,22.80081935303294,valid,True
2.1544346900318867e-07,2.525252525252526,8.51365054168843,10.119441023553076,27.095501805628096,valid,True
2.71858824273294e-07,-30.0,1.838812796537599,10.072765796706012,4.84604265512533,valid,True
2.71858824273294e-07,-28.585858585858585,1.895254969450968,10.073310985256057,5.034183231503226,valid,True
2.71858824273294e-07,-27.171717171717173,1.9560386747396754,10.073897739546613,5.236795582465584,valid,True
2.71858824273294e-07,-25.757575757575758,2.021677160375804,10.074530930012731,5.455590534586014,valid,True
2.71858824273294e-07,-24.343434343434343,2.092767891077604,10.075216219413814,5.692559636925347,valid,True
2.71858824273294e-07,-22.929292929292927,2.170010547743632,10.075960230751777,5.950035159145439,valid,True
2.71858824273294e-07,-21.515151515151516,2.2542298465082484,10.07677075977885,6.230766155027494,valid,True
2.71858824273294e-07,-20.1010101010101,2.3464047523525946,10.07765704654605,6.538015841175316,valid,True
2.71858824273294e-07,-18.686868686868685,2.447706278746821,10.078630126054115,6.875687595822735,valid,True
2.71858824273294e-07,-17.272727272727273,2.5595469666226562,10.079703286254471,7.248489888742188,valid,True
2.71858824273294e-07,-15.858585858585858,2.6836464775642437,10.080892673791734,7.662154925214145,valid,True
2.71858824273294e-07,-14.444444444444445,2.822119769151561,10.082218106226978,8.123732563838537,valid,True
2.71858824273294e-07,-13.030303030303031,2.9775974644703025,10.083704177764652,8.641991548234342,valid,True
2.71858824273294e-07,-11.616161616161616,3.153393000292958,10.085381790082064,9.227976667643194,valid,True
2.71858824273294e-07,-10.2020202020202,3.353739200645656,10.087290311861604,9.89579733548552,valid,True
2.71858824273294e-07,-8.787878787878789,3.5841303621117366,10.089480690158119,10.66376787370579,valid,True
2.71858824273294e-07,-7.373737373737374,3.851829050496585,10.092020041380398,11.556096834988617,valid,True
2.71858824273294e-07,-5.9595959595959584,4.166637986105767,10.094998612458859,12.605459953685891,valid,True
2.71858824273294e-07,-4.545454545454547,4.54211377048978,10.098540672023564,13.857045901632597,valid,True
2.71858824273294e-07,-3.1313131313131315,4.997547600118922,10.102822183932675,15.37515866706307,valid,True
2.71858824273294e-07,-1.7171717171717162,5.561342465367349,10.108100748830955,17.25447488455783,valid,True
2.71858824273294e-07,-0.30303030303030454,6.277081783274851,10.114769014663654,19.64027261091617,valid,True
2.71858824273294e-07,1.1111111111111107,7.215155457862773,10.123456140322286,22.767184859542578,valid,True
2.71858824273294e-07,2.525252525252526,8.496883524804538,10.135236296052735,27.039611749348463,valid,True
3.4304692863149193e-07,-30.0,1.8386830497483009,10.076475328930103,4.84561016582767,valid,True
3.4304692863149193e-07,-28.585858585858585,1.895109653673149,10.077163099457279,5.033698845577163,valid,True
3.4304692863149193e-07,-27.171717171717173,1.9558752684025749,10.07790329133256,5.236250894675249,valid,True
3.4304692863149193e-07,-25.757575757575758,2.0214926167942755,10.078702044455847,5.454975389314251,valid,True
3.4304692863149193e-07,-24.343434343434343,2.092558502574824,10.079566497021897,5.691861675249413,valid,True
3.4304692863149193e-07,-22.929292929292927,2.1697717671187258,10.080504996942484,5.949239223729085,valid,True
3.4304692863149193e-07,-21.515151515151516,2.2539560498837345,10.081527369361915,6.229853499612449,valid,True
3.4304692863149193e-07,-20.1010101010101,2.346088920403862,10.082645258425952,6.536963068012873,valid,True
3.4304692863149193e-07,-18.686868686868685,2.4473395626714645,10.08387256850622,6.874465208904882,valid,True
3.4304692863149193e-07,-17.272727272727273,2.559118088806348,10.085226040351094,7.24706029602116,valid,True
3.4304692863149193e-07,-15.858585858585858,2.683140891129382,10.086726012860119,7.660469637097941,valid,True
3.4304692863149193e-07,-14.444444444444445,2.821518459202794,10.088397444169384,8.121728197342648,valid,True
3.4304692863149193e-07,-13.030303030303031,2.976875205846514,10.090271301150286,8.63958401948838,valid,True
3.4304692863149193e-07,-11.616161616161616,3.1525157718941905,10.09238648219334,9.225052572980635,valid,True
3.4304692863149193e-07,-10.2020202020202,3.352660257091462,10.0947925281423,9.89220085697154,valid,True
3.4304692863149193e-07,-8.787878787878789,3.5827841058070793,10.09755352547463,10.659280352690264,valid,True
3.4304692863149193e-07,-7.373737373737374,3.8501211812922067,10.100753860966172,11.550403937640688,valid,True
3.4304692863149193e-07,-5.9595959595959584,4.1644291131850855,10.104506938637176,12.598097043950286,valid,True
3.4304692863149193e-07,-4.545454545454547,4.539191039034178,10.108968801080477,13.847303463447261,valid,True
3.4304692863149193e-07,-3.1313131313131315,4.993573219245596,10.114360198671209,15.361910730818655,valid,True
3.4304692863149193e-07,-1.7171717171717162,5.555755004092332,10.121003902235266,17.23585001364111,valid,True
3.4304692863149193e-07,-0.30303030303030454,6.268893763446884,10.129391083028313,19.612979211489613,valid,True
3.4304692863149193e-07,1.1111111111111107,7.202502497251253,10.140306948205607,22.72500832417084,valid,True
3.4304692863149193e-07,2.525252525252526,8.475909318900312,10.155087547165277,26.969697729667708,valid,True
4.3287612810830616e-07,-30.0,1.8385193922883067,10.081155330823396,4.845064640961024,valid,True
4.3287612810830616e-07,-28.585858585858585,1.8949263637327927,10.082022913324996,5.033087879109309,valid,True
4.3287612810830616e-07,-27.171717171717173,1.9556691675095674,10.082956598463255,5.235563891698558,valid,True
4.3287612810830616e-07,-25.757575757575758,2.0212598648907867,10.083964124544668,5.454199549635956,valid,True
4.3287612810830616e-07,-24.343434343434343,2.0922944269328414,10.085054487189236,5.690981423109473,valid,True
4.3287612810830616e-07,-22.929292929292927,2.169470637588575,10.086238205374128,5.948235458628584,valid,True
4.3287612810830616e-07,-21.515151515151516,2.2536107804074716,10.087527657985557,6.22870260135824,valid,True
4.3287612810830616e-07,-20.1010101010101,2.34569066789403,10.088937513675317,6.535635559646769,valid,True
4.3287612810830616e-07,-18.686868686868685,2.446877180996592,10.090485285644261,6.872923936655308,valid,True
4.3287612810830616e-07,-17.272727272727273,2.5585773750493064,10.092192055837366,7.245257916831022,valid,True
4.3287612810830616e-07,-15.858585858585858,2.6825035289739128,10.094083432093443,7.658345096579709,valid,True
4.3287612810830616e-07,-14.444444444444445,2.8207605124654886,10.096190830547293,8.119201708218297,valid,True
4.3287612810830616e-07,-13.030303030303031,2.9759649300294244,10.09855321983649,8.636549766764748,valid,True
4.3287612810830616e-07,-11.616161616161616,3.1514103681005183,10.10121953328138,9.221367893668395,valid,True
4.3287612810830616e-07,-10.2020202020202,3.351300943583314,10.104252067407558,9.88766981194438,valid,True
4.3287612810830616e-07,-8.787878787878789,3.58108843607608,10.107731370965585,10.6536281202536,valid,True
4.3287612810830616e-07,-7.373737373737374,3.8479707076755014,10.111763445692613,11.543235692251672,valid,True
4.3287612810830616e-07,-5.9595959595959584,4.161648887208627,10.11649064007954,12.588829624028758,valid,True
4.3287612810830616e-07,-4.545454545454547,4.535514172921387,10.122108645725296,13.835047243071289,valid,True
4.3287612810830616e-07,-3.1313131313131315,4.988576720797623,10.128893980406662,15.345255735992076,valid,True
4.3287612810830616e-07,-1.7171717171717162,5.548737043368307,10.137250335412427,17.21245681122769,valid,True
4.3287612810830616e-07,-0.30303030303030454,6.25862285027978,10.147790748946635,19.578742834265935,valid,True
4.3287612810830616e-07,1.1111111111111107,7.186661454160589,10.161492410700156,22.672204847201968,valid,True
4.3287612810830616e-07,2.525252525252526,8.449729816475449,10.180010991124679,26.88243272158483,valid,True
5.462277217684337e-07,-30.0,1.8383129824853148,10.08705939622855,4.844376608284382,valid,True
5.462277217684337e-07,-28.585858585858585,1.8946952017888707,10.088153706987002,5.0323173392962355,valid,True
5.462277217684337e-07,-27.171717171717173,1.9554092480352796,10.089331357290558,5.234697493450931,valid,True
5.462277217684337e-07,-25.757575757575758,2.020966349312465,10.09060209688425,5.453221164374884,valid,True
5.462277217684337e-07,-24.343434343434343,2.0919614282008405,10.091977258264059,5.6898714273361355,valid,True
5.462277217684337e-07,-22.929292929292927,2.169090937415747,10.093470091210293,5.946969791385824,valid,True
5.462277217684337e-07,-21.515151515151516,2.2531754538369264,10.095096185858548,6.2272515127897545,valid,True
5.462277217684337e-07,-20.1010101010101,2.3451885789209888,10.09687401288581,6.53396192973663,valid,True
5.462277217684337e-07,-18.686868686868685,2.4462942962248695,10.098825620430928,6.870980987416232,valid,True
5.462277217684337e-07,-17.272727272727273,2.557895816591288,10.100977543448371,7.242986055304294,valid,True
5.462277217684337e-07,-15.858585858585858,2.681700247359955,10.103362004998807,7.655667491199849,valid,True
5.462277217684337e-07,-14.444444444444445,2.8198053954983133,10.106018524860723,8.116017984994377,valid,True
5.462277217684337e-07,-13.030303030303031,2.974818057135216,10.108996106005819,8.632726857117387,valid,True
5.462277217684337e-07,-11.616161616161616,3.150017940591811,10.112356256135755,9.21672646863937,valid,True
5.462277217684337e-07,-10.2020202020202,3.3495891108042493,10.116177240923085,9.88196370268083,valid,True
5.462277217684337e-07,-8.787878787878789,3.5789536818521426,10.120560196074369,10.646512272840475,valid,True
5.462277217684337e-07,-7.373737373737374,3.84526443070657,10.125638117834583,11.534214769021899,valid,True
5.462277217684337e-07,-5.9595959595959584,4.158151816438103,10.131589442917447,12.577172721460343,valid,True
5.462277217684337e-07,-4.545454545454547,4.530892221973896,10.138659194205697,13.819640739912987,valid,True
5.462277217684337e-07,-3.1313131313131315,4.98230125119224,10.147193088378689,15.324337503974135,valid,True
5.462277217684337e-07,-1.7171717171717162,5.5399328302040844,10.15769487017268,17.183109434013616,valid,True
5.462277217684337e-07,-0.30303030303030454,6.24575870978437,10.170927532472948,19.5358623659479,valid,True
5.462277217684337e-07,1.1111111111111107,7.166868527405089,10.188102889987643,22.606228424683632,valid,True
5.462277217684337e-07,2.525252525252526,8.417142094547234,10.211263303976468,26.773806981824116,valid,True
6.892612104349695e-07,-30.0,1.8380526858777866,10.094507211072733,4.843508952925956,valid,True
6.892612104349695e-07,-28.585858585858585,1.8944037052907488,10.095887352153357,5.031345684302496,valid,True
6.892612104349695e-07,-27.171717171717173,1.9550815059791757,10.097372540517153,5.233605019930587,valid,True
6.892612104349695e-07,-25.757575757575758,2.020596267279182,10.09897505529145,5.451987557597274,valid,True
6.892612104349695e-07,-24.343434343434343,2.0915415922920277,10.100709166779211,5.6884719743067595,valid,True
6.892612104349695e-07,-22.929292929292927,2.1686122587856294,10.102591556728328,5.945374195952098,valid,True
6.892612104349695e-07,-21.515151515151516,2.252626696877503,10.104641849635868,6.225422322925011,valid,True
6.892612104349695e-07,-20.1010101010101,2.3445557276290043,10.106883290850462,6.5318524254300145,valid,True
6.892612104349695e-07,-18.686868686868685,2.445559692330429,10.109343621018663,6.868532307768096,valid,True
6.892612104349695e-07,-17.272727272727273,2.5570369708090737,10.112056216473366,7.2401232360302465,valid,True
6.892612104349695e-07,-15.858585858585858,2.6806881746097346,10.115061594815758,7.6522939153657825,valid,True
6.892612104349695e-07,-14.444444444444445,2.81860224404926,10.118409429583078,8.112007480164202,valid,True
6.892612104349695e-07,-13.030303030303031,2.973373669050564,10.122161286421033,8.627912230168546,valid,True
6.892612104349695e-07,-11.616161616161616,3.148264757912821,10.126394400656173,9.210882526376071,valid,True
6.892612104349695e-07,-10.2020202020202,3.347434456207839,10.131206988776125,9.874781520692798,valid,True
6.892612104349695e-07,-8.787878787878789,3.5762677536369396,10.136725870958454,10.637559178789799,valid,True
6.892612104349695e-07,-7.373737373737374,3.84186107682856,10.143117665176494,11.522870256095201,valid,True
6.892612104349695e-07,-5.9595959595959584,4.1537566944875,10.150605662006669,12.562522314958336,valid,True
6.892612104349695e-07,-4.545454545454547,4.525087990364189,10.159496035977893,13.800293301213966,valid,True
6.892612104349695e-07,-3.1313131313131315,4.974428872672534,10.170219991910454,15.29809624224178,valid,True
6.892612104349695e-07,-1.7171717171717162,5.528904135454867,10.183404326125023,17.14634711818289,valid,True
6.892612104349695e-07,-0.30303030303030454,6.229677029104271,10.199995331468589,19.482256763680905,valid,True
6.892612104349695e-07,1.1111111111111107,7.142198979707088,10.22148915927492,22.52399659902363,valid,True
6.892612104349695e-07,2.525252525252526,8.376713831278115,10.25039084444786,26.639046104260387,valid,True
8.697490026177835e-07,-30.0,1.8377244880521226,10.103901675422566,4.842414960173742,valid,True
8.697490026177835e-07,-28.585858585858585,1.8940361913363586,10.105642066995578,5.030120637787862,valid,True
8.697490026177835e-07,-27.171717171717173,1.9546683225815635,10.107514829983774,5.232227741938545,valid,True
8.697490026177835e-07,-25.757575757575758,2.0201297418864255,10.109535421330275,5.450432472954752,valid,True
8.697490026177835e-07,-24.343434343434343,2.0910123929853555,10.111721800994527,5.686707976617852,valid,True
8.697490026177835e-07,-22.929292929292927,2.1680089478470754,10.11409495931992,5.943363159490252,valid,True
8.697490026177835e-07,-21.515151515151516,2.2519351384783173,10.116679583425789,6.223117128261058,valid,True
8.697490026177835e-07,-20.1010101010101,2.34375829273981,10.119504907282032,6.5291943091327,valid,True
8.697490026177835e-07,-18.686868686868685,2.4446341778009884,10.122605807279871,6.865447259336629,valid,True
8.697490026177835e-07,-17.272727272727273,2.555955109386967,10.126024230040748,7.236517031289891,valid,True
8.697490026177835e-07,-15.858585858585858,2.679413549739771,10.129811076019624,7.648045165799236,valid,True
8.697490026177835e-07,-14.444444444444445,2.8170873226614197,10.134028717792027,8.106957742204731,valid,True
8.697490026177835e-07,-13.030303030303031,2.971555500855388,10.138754416700003,8.62185166951796,valid,True
8.697490026177835e-07,-11.616161616161616,3.146058613281708,10.144085034228134,9.203528710939029,valid,True
8.697490026177835e-07,-10.2020202020202,3.3447241974376514,10.150143647069118,9.865747324792173,valid,True
8.697490026177835e-07,-8.787878787878789,3.572890884081924,10.157089024361024,10.626302946939747,valid,True
8.697490026177835e-07,-7.373737373737374,3.837584843122157,10.16512951708252,11.508616143740525,valid,True
8.697490026177835e-07,-5.9595959595959584,4.148238603337801,10.174543943569276,12.544128677792672,valid,True
8.697490026177835e-07,-4.545454545454547,4.517808045013164,10.185713929857549,13.77602681671055,valid,True
8.697490026177835e-07,-3.1313131313131315,4.964568012333567,10.19917570689128,15.265226707778558,valid,True
8.697490026177835e-07,-1.7171717171717162,5.515114525696276,10.21570638958119,17.10038175232092,valid,True
8.697490026177835e-07,-0.30303030303030454,6.209620242116864,10.236474465539771,19.415400807056212,valid,True
8.697490026177835e-07,1.1111111111111107,7.11154534364822,10.26331701704919,22.421817812160732,valid,True
8.697490026177835e-07,2.525252525252526,8.326765565572055,10.29928493308932,26.47255188524018,valid,True
1.0974987654930568e-06,-30.0,1.8373107614712674,10.115750400623746,4.841035871570892,valid,True
1.0974987654930568e-06,-28.585858585858585,1.8935729386791034,10.117944699157846,5.028576462263678,valid,True
1.0974987654930568e-06,-27.171717171717173,1.9541475484509945,10.12030574045465,5.230491828169982,valid,True
1.0974987654930568e-06,-25.757575757575758,2.0195417927553074,10.122852969377314,5.448472642517691,valid,True
1.0974987654930568e-06,-24.343434343434343,2.0903455303601715,10.12560897408802,5.684485101200572,valid,True
1.0974987654930568e-06,-22.929292929292927,2.1672487882847533,10.128600146841698,5.940829294282512,valid,True
1.0974987654930568e-06,-21.515151515151516,2.2510639109998736,10.131857518494824,6.220213036666246,valid,True
1.0974987654930568e-06,-20.1010101010101,2.3427538425961063,10.135417822342173,6.525846141987021,valid,True
1.0974987654930568e-06,-18.686868686868685,2.4434686129914285,10.139324864170382,6.861562043304763,valid,True
1.0974987654930568e-06,-17.272727272727273,2.554592936375604,10.143631306286501,7.2319764545853475,valid,True
1.0974987654930568e-06,-15.858585858585858,2.6778090666912733,10.14840101878799,7.642696888970911,valid,True
1.0974987654930568e-06,-14.444444444444445,2.8151809137842054,10.153712219604625,8.100603045947352,valid,True
1.0974987654930568e-06,-13.030303030303031,2.9692682717018184,10.1596617292019,8.614227572339395,valid,True
1.0974987654930568e-06,-11.616161616161616,3.1432844656296988,10.166370828727732,9.194281552098996,valid,True
1.0974987654930568e-06,-10.2020202020202,3.341317854791088,10.17399347052973,9.854392849303627,valid,True
1.0974987654930568e-06,-8.787878787878789,3.5686493352598676,10.18272801609232,10.612164450866226,valid,True
1.0974987654930568e-06,-7.373737373737374,3.832217752738864,10.192834394366574,11.490725842462881,valid,True
1.0974987654930568e-06,-5.9595959595959584,4.141319570099709,10.204659821652179,12.521065233665697,valid,True
1.0974987654930568e-06,-4.545454545454547,4.508691259653256,10.218678472287927,13.74563753217752,valid,True
1.0974987654930568e-06,-3.1313131313131315,4.952239461765783,10.23555470304685,15.224131539219279,valid,True
1.0974987654930568e-06,-1.7171717171717162,5.497912563229969,10.256247696875759,17.043041877433232,valid,True
1.0974987654930568e-06,-0.30303030303030454,6.1846784837187485,10.282192449031957,19.332261612395833,valid,True
1.0974987654930568e-06,1.1111111111111107,7.073599474829848,10.315629349546935,22.295331582766163,valid,True
1.0974987654930568e-06,2.525252525252526,8.21737620445706,10.408554819705277,26.10792068152354,valid,True
1.3848863713938717e-06,-30.0,1.8367893525634922,10.13069266384268,4.839297841878307,valid,True
1.3848863713938717e-06,-28.585858585858585,1.8929891702879027,10.13345865197663,5.026630567626342,valid,True
1.3848863713938717e-06,-27.171717171717173,1.9534913657432225,10.13643458367616,5.228304552477408,valid,True
1.3848863713938717e-06,-25.757575757575758,2.0188010589595056,10.139644901128985,5.446003529865019,valid,True
1.3848863713938717e-06,-24.343434343434343,2.0895054918890597,10.143117988947312,5.681684972963532,valid,True
1.3848863713938717e-06,-22.929292929292927,2.166291373409629,10.146887000624218,5.937637911365431,valid,True
1.3848863713938717e-06,-21.515151515151516,2.2499668004314795,10.150990901495163,6.216556001438264,valid,True
1.3848863713938717e-06,-20.1010101010101,2.3414892235100333,10.155475797219296,6.521630745033444,valid,True
1.3848863713938717e-06,-18.686868686868685,2.442001487653682,10.160396643061748,6.8566716255122735,valid,True
1.3848863713938717e-06,-17.272727272727273,2.5528787946552467,10.165819467294174,7.226262648850822,valid,True
1.3848863713938717e-06,-15.858585858585858,2.675790635167527,10.171824297981374,7.635968783891756,valid,True
1.3848863713938717e-06,-14.444444444444445,2.812783540271225,10.178509066137405,8.092611800904084,valid,True
1.3848863713938717e-06,-13.030303030303031,2.966393253269286,10.185994885842394,8.604644177564287,valid,True
1.3848863713938717e-06,-11.616161616161616,3.1397992094171987,10.194433310415842,9.182664031390662,valid,True
1.3848863713938717e-06,-10.2020202020202,3.3370410421655845,10.20401647950008,9.840136807218615,valid,True
1.3848863713938717e-06,-8.787878787878789,3.563327988367553,10.214991586682002,10.594426627891844,valid,True
1.3848863713938717e-06,-7.373737373737374,3.825490775831866,10.227681959660616,11.468302586106219,valid,True
1.3848863713938717e-06,-5.9595959595959584,4.132657915825582,10.24251853401452,12.492193052751936,valid,True
1.3848863713938717e-06,-4.545454545454547,4.497296097188182,10.260088160854052,13.707653657293939,valid,True
1.3848863713938717e-06,-3.1313131313131315,4.936861448465637,10.281210120039166,15.172871494885454,valid,True
1.3848863713938717e-06,-1.7171717171717162,5.476515069838072,10.307061749618805,16.97171689946024,valid,True
1.3848863713938717e-06,-0.30303030303030454,6.153773093765433,10.339393442959338,19.229243645884775,valid,True
1.3848863713938717e-06,1.1111111111111107,6.992269688606654,10.429786233488866,22.024232295355514,valid,True
1.3848863713938717e-06,2.525252525252526,8.145484999636622,10.482053357944489,25.868283332122076,valid,True
1.747528400007683e-06,-30.0,1.836132449087498,10.149533149129095,4.837108163624993,valid,True
1.747528400007683e-06,-28.585858585858585,1.8922537927490548,10.153018820211472,5.024179309163516,valid,True
1.747528400007683e-06,-27.171717171717173,1.9526648805734785,10.156768677385433,5.225549601911595,valid,True
1.747528400007683e-06,-25.757575757575758,2.0178682219023725,10.160813413671477,5.442894073007908,valid,True
1.747528400007683e-06,-24.343434343434343,2.088447778942989,10.165188659004963,5.678159263143297,valid,True
1.747528400007683e-06,-22.929292929292927,2.1650861042003036,10.16993601149531,5.933620347334346,valid,True
1.747528400007683e-06,-21.515151515151516,2.2485859774186308,10.175104337647106,6.211953258062102,valid,True
1.747528400007683e-06,-20.1010101010101,2.3398979772613715,10.180751426814542,6.516326590871238,valid,True
1.747528400007683e-06,-18.686868686868685,2.4401559685494916,10.186946117400936,6.850519895164972,valid,True
1.747528400007683e-06,-17.272727272727273,2.5507232751383464,10.193771058887828,7.219077583794488,valid,True
1.747528400007683e-06,-15.858585858585858,2.673253467892539,10.20132634209422,7.627511559641795,valid,True
1.747528400007683e-06,-14.444444444444445,2.809771428777286,10.209734331957117,8.08257142925762,valid,True
1.747528400007683e-06,-13.030303030303031,2.9627829852049863,10.219146191861476,8.59260995068329,valid,True
1.747528400007683e-06,-11.616161616161616,3.13542549209455,10.229750828217664,9.1680849736485,valid,True
1.747528400007683e-06,-10.2020202020202,3.3316782081253753,10.241787363294375,9.82226069375125,valid,True
1.747528400007683e-06,-8.787878787878789,3.556661803490368,10.255562858987323,10.57220601163456,valid,True
1.747528400007683e-06,-7.373737373737374,3.817073790144247,10.271478036525018,11.44024596714749,valid,True
1.747528400007683e-06,-5.9595959595959584,4.121836528272664,10.290065486885013,12.45612176090888,valid,True
1.747528400007683e-06,-4.545454545454547,4.483087146291959,10.312047957810421,13.660290487639866,valid,True
1.747528400007683e-06,-3.1313131313131315,4.917734805127008,10.33842995787065,15.109116017090027,valid,True
1.747528400007683e-06,-1.7171717171717162,5.449992396349037,10.370646665275707,16.883307987830122,valid,True
1.747528400007683e-06,-0.30303030303030454,6.089750878168291,10.459872163889608,19.01583626056097,valid,True
1.747528400007683e-06,1.1111111111111107,6.937085639451579,10.508867005796269,21.840285464838594,valid,True
1.747528400007683e-06,2.525252525252526,8.058083098838733,10.57327364601852,25.576943662795774,valid,True
2.2051307399030456e-06,-30.0,1.8353051813470111,10.1732840947523,4.834350604490037,valid,True
2.2051307399030456e-06,-28.585858585858585,1.8913278421777813,10.177675195523937,5.021092807259271,valid,True
2.2051307399030456e-06,-27.171717171717173,1.9516243911375566,10.182398500538756,5.222081303791856,valid,True
2.2051307399030456e-06,-25.757575757575758,2.016694069166879,10.187492503635248,5.438980230556264,valid,True
2.2051307399030456e-06,-24.343434343434343,2.08711673507676,10.193001868653198,5.673722450255865,valid,True
2.2051307399030456e-06,-22.929292929292927,2.1635697449190623,10.198978712497443,5.9285658163968735,valid,True
2.2051307399030456e-06,-21.515151515151516,2.2468492360808154,10.20548422096601,6.206164120269384,valid,True
2.2051307399030456e-06,-20.1010101010101,2.337897210505911,10.212590702117591,6.509657368353036,valid,True
2.2051307399030456e-06,-18.686868686868685,2.4378363366281475,10.220384221237016,6.842787788760491,valid,True
2.2051307399030456e-06,-17.272727272727273,2.5480151466980185,10.22896801802844,7.210050488993395,valid,True
2.2051307399030456e-06,-15.858585858585858,2.6700674139100267,10.238466989354075,7.616891379700088,valid,True
2.2051307399030456e-06,-14.444444444444445,2.8059911405934934,10.249033643660702,8.069970468644977,valid,True
2.2051307399030456e-06,-13.030303030303031,2.958255079781805,10.260856118887602,8.577516932606017,valid,True
2.2051307399030456e-06,-11.616161616161616,3.1299445515632525,10.274169141626828,9.149815171877508,valid,True
2.2051307399030456e-06,-10.2020202020202,3.324964353271342,10.289269254989264,9.799881177571141,valid,True
2.2051307399030456e-06,-8.787878787878789,3.548326268521632,10.30653636576627,10.544420895072106,valid,True
2.2051307399030456e-06,-7.373737373737374,3.806564658121367,10.32646485314119,11.405215527071224,valid,True
2.2051307399030456e-06,-5.9595959595959584,4.108350601734537,10.349709497990498,12.411168672448454,valid,True
2.2051307399030456e-06,-4.545454545454547,4.465421904199872,10.377155005298048,13.601406347332908,valid,True
2.2051307399030456e-06,-3.1313131313131315,4.8940299846088875,10.410024207174953,15.030099948696293,valid,True
2.2051307399030456e-06,-1.7171717171717162,5.397280966274153,10.499026513624488,16.707603220913846,valid,True
2.2051307399030456e-06,-0.30303030303030454,6.044500982918658,10.546678655250105,18.865003276395527,valid,True
2.2051307399030456e-06,1.1111111111111107,6.869790722566199,10.607134596331479,21.615969075220665,valid,True
2.2051307399030456e-06,2.525252525252526,7.952704041434989,10.686072184853609,25.22568013811663,valid,True
2.782559402207126e-06,-30.0,1.8342639049158325,10.203217801063552,4.830879683052776,valid,True
2.782559402207126e-06,-28.585858585858585,1.8901625805963167,10.208747137143465,5.017208601987722,valid,True
2.782559402207126e-06,-27.171717171717173,1.9503152717205587,10.214693830641876,5.217717572401862,valid,True
2.782559402207126e-06,-25.757575757575758,2.0152171357791806,10.221106082343958,5.434057119263936,valid,True
2.782559402207126e-06,-24.343434343434343,2.0854429090178805,10.228039784869907,5.6681430300596025,valid,True
2.782559402207126e-06,-22.929292929292927,2.1616634662084397,10.235560113170813,5.9222115540281335,valid,True
2.782559402207126e-06,-21.515151515151516,2.2446666684401877,10.24374352460699,6.198888894800626,valid,True
2.782559402207126e-06,-20.1010101010101,2.3353838434183705,10.25268029644827,6.501279478061235,valid,True
2.782559402207126e-06,-18.686868686868685,2.4349237431911925,10.262477776057715,6.833079143970643,valid,True
2.782559402207126e-06,-17.272727272727273,2.544616542468477,10.273264587041211,7.198721808228257,valid,True
2.782559402207126e-06,-15.858585858585858,2.6660714862715293,10.285196133621938,7.603571620905098,valid,True
2.782559402207126e-06,-14.444444444444445,2.8012533410774814,10.298461891756313,8.054177803591605,valid,True
2.782559402207126e-06,-13.030303030303031,2.9525851254821958,10.313295195255318,8.558617084940654,valid,True
2.782559402207126e-06,-11.616161616161616,3.123088146477944,10.329986561307663,9.126960488259813,valid,True
2.782559402207126e-06,-10.2020202020202,3.3165758984541265,10.348902124001006,9.771919661513756,valid,True
2.782559402207126e-06,-8.787878787878789,3.537927174326731,10.370509579151488,10.509757247755772,valid,True
2.782559402207126e-06,-7.373737373737374,3.7934780167520015,10.395415403067172,11.361593389173338,valid,True
2.782559402207126e-06,-5.9595959595959584,4.091595852989465,10.424419375256488,12.355319509964884,valid,True
2.782559402207126e-06,-4.545454545454547,4.443539471193616,10.458596314480268,13.528464903978719,valid,True
2.782559402207126e-06,-3.1313131313131315,4.8490103040323,10.548101885836356,14.880034346774332,valid,True
2.782559402207126e-06,-1.7171717171717162,5.358279922343221,10.595777334999173,16.57759974114407,valid,True
2.782559402207126e-06,-0.30303030303030454,5.989237814853258,10.654607251086592,18.68079271617753,valid,True
2.782559402207126e-06,1.1111111111111107,6.788358785268773,10.728823003405537,21.344529284229246,valid,True
2.782559402207126e-06,2.525252525252526,7.826888594273829,10.824950811954054,24.806295314246096,valid,True
2.782559402207126e-06,3.9393939393939377,9.217154113977285,10.953428125131538,29.44051371325762,valid,True
3.5111917342151275e-06,-30.0,1.8329541084480354,10.24093182561046,4.826513694826785,valid,True
3.5111917342151275e-06,-28.585858585858585,1.8886971835326969,10.247890671337856,5.01232394510899,valid,True
3.5111917342151275e-06,-27.171717171717173,1.9486694108608809,10.25537326063279,5.212231369536269,valid,True
3.5111917342151275e-06,-25.757575757575758,2.0133608592597545,10.263439828968542,5.4278695308658484,valid,True
3.5111917342151275e-06,-24.343434343434343,2.08333988780991,10.272160170794493,5.661132959366367,valid,True
3.5111917342151275e-06,-22.929292929292927,2.1592693117192963,10.281615602028484,5.914231039064321,valid,True
3.5111917342151275e-06,-21.515151515151516,2.2419267134390695,10.29190142341064,6.189755711463564,valid,True
3.5111917342151275e-06,-20.1010101010101,2.3322301829785994,10.303130039320424,6.4907672765953315,valid,True
3.5111917342151275e-06,-18.686868686868685,2.43127124211663,10.315434943230091,6.820904140388767,valid,True
3.5111917342151275e-06,-17.272727272727273,2.5403573790377205,10.32897586170455,7.184524596792403,valid,True
3.5111917342151275e-06,-15.858585858585858,2.661067591650595,10.343945465661644,7.586891972168649,valid,True
3.5111917342151275e-06,-14.444444444444445,2.7953257634651028,10.360578229067848,8.034419211550343,valid,True
3.5111917342151275e-06,-13.030303030303031,2.94549881929625,10.379162270885107,8.534996064320834,valid,True
3.5111917342151275e-06,-11.616161616161616,3.1145298218435364,10.400055403621211,9.098432739478454,valid,True
3.5111917342151275e-06,-10.2020202020202,3.3061211172456852,10.423707209815145,9.73707039081895,valid,True
3.5111917342151275e-06,-8.787878787878789,3.524990388736772,10.4506899079848,10.466634629122574,valid,True
3.5111917342151275e-06,-7.373737373737374,3.7772348453052333,10.481742277327509,11.307449484350778,valid,True
3.5111917342151275e-06,-5.9595959595959584,4.059943040170342,10.567432500109751,12.249810133901141,valid,True
3.5111917342151275e-06,-4.545454545454547,4.403884857249266,10.608457064845062,13.396282857497555,valid,True
3.5111917342151275e-06,-3.1313131313131315,4.814064812562731,10.657229560388831,14.763549375209104,valid,True
3.5111917342151275e-06,-1.7171717171717162,5.31062692197954,10.716084206690159,16.418756406598465,valid,True
3.5111917342151275e-06,-0.30303030303030454,5.922245169222714,10.788349461972556,18.45748389740905,valid,True
3.5111917342151275e-06,1.1111111111111107,6.690717164217313,10.87890111800862,21.01905721405771,valid,True
3.5111917342151275e-06,2.525252525252526,7.678370957820802,10.9950861025566,24.31123652606934,valid,True
3.5111917342151275e-06,3.9393939393939377,8.97973253402805,11.148273062585321,28.649108446760167,valid,True
4.430621457583877e-06,-30.0,1.831307890052048,10.28842958658544,4.821026300173493,valid,True
4.430621457583877e-06,-28.585858585858585,1.8868559615280722,10.297181564639729,5.006186538426907,valid,True
4.430621457583877e-06,-27.171717171717173,1.9466021466082253,10.306589857211005,5.205340488694084,valid,True
4.430621457583877e-06,-25.757575757575758,2.011030193178526,10.316729551571294,5.42010064392842,valid,True
4.430621457583877e-06,-24.343434343434343,2.0807005488149355,10.327687567629303,5.652335162716452,valid,True
4.430621457583877e-06,-22.929292929292927,2.1562660441335435,10.339565065376455,5.90422014711181,valid,True
4.430621457583877e-06,-21.515151515151516,2.2384915480991463,10.35248045980295,6.1783051603304875,valid,True
4.430621457583877e-06,-20.1010101010101,2.328278806604556,10.366573228156017,6.477596022015187,valid,True
4.430621457583877e-06,-18.686868686868685,2.426698111210578,10.382008760885109,6.805660370701926,valid,True
4.430621457583877e-06,-17.272727272727273,2.5350290621273035,10.398984601876075,7.166763540424345,valid,True
4.430621457583877e-06,-15.858585858585858,2.654813574868645,10.417738558938055,7.5660452495621495,valid,True
4.430621457583877e-06,-14.444444444444445,2.7879255665571336,10.438559362524934,8.009751888523779,valid,True
4.430621457583877e-06,-13.030303030303031,2.9366636528609007,10.461800841526937,8.505545509536335,valid,True
4.430621457583877e-06,-11.616161616161616,3.1038760172625537,10.487901020798073,9.062920057541845,valid,True
4.430621457583877e-06,-10.2020202020202,3.2931309041724637,10.517408208395395,9.693769680574878,valid,True
4.430621457583877e-06,-8.787878787878789,3.5089527830991223,10.551017166345988,10.41317594366374,valid,True
4.430621457583877e-06,-7.373737373737374,3.748129498996172,10.638527824142347,11.210431663320572,valid,True
4.430621457583877e-06,-5.9595959595959584,4.034992075071694,10.681925998432412,12.166640250238977,valid,True
4.430621457583877e-06,-4.545454545454547,4.371590471807261,10.732720186469166,13.288634906024203,valid,True
4.430621457583877e-06,-3.1313131313131315,4.771381089003629,10.792896789204338,14.621270296678762,valid,True
4.430621457583877e-06,-1.7171717171717162,5.25282811150407,10.865186766538725,16.226093705013565,valid,True
4.430621457583877e-06,-0.30303030303030454,5.841746130652703,10.953425143063736,18.189153768842342,valid,True
4.430621457583877e-06,1.1111111111111107,6.574882267004876,11.063117131054948,20.63294089001625,valid,True
4.430621457583877e-06,2.525252525252526,7.505311924244535,11.202333607094634,23.734373080815114,valid,True
4.430621457583877e-06,3.9393939393939377,8.710093066077272,11.383096661551747,27.75031022025757,valid,True
5.590810182512223e-06,-30.0,1.829240953045007,10.348219479357155,4.814136510150022,valid,True
5.590810182512223e-06,-28.585858585858585,1.884545069428589,10.359217272138075,4.998483564761964,valid,True
5.590810182512223e-06,-27.171717171717173,1.9440086579953082,10.371036045449525,5.196695526651027,valid,True
5.590810182512223e-06,-25.757575757575758,2.008107646587231,10.38376910818905,5.410358821957438,valid,True
5.590810182512223e-06,-24.343434343434343,2.0773927103366874,10.397524344185436,5.641309034455625,valid,True
5.590810182512223e-06,-22.929292929292927,2.1525043684155527,10.412427143964067,5.8916812280518425,valid,True
5.590810182512223e-06,-21.515151515151516,2.2341918445417854,10.428624065679251,6.163972815139284,valid,True
5.590810182512223e-06,-20.1010101010101,2.3233368165003676,10.446287443142392,6.461122721667892,valid,True
5.590810182512223e-06,-18.686868686868685,2.420983574565559,10.465621235480498,6.786611915218529,valid,True
5.590810182512223e-06,-17.272727272727273,2.528377662728775,10.486868520688258,7.144592209095917,valid,True
5.590810182512223e-06,-15.858585858585858,2.6470158629532548,10.510321188579884,7.540052876510849,valid,True
5.590810182512223e-06,-14.444444444444445,2.778711511276914,10.536332609249985,7.979038370923047,valid,True
5.590810182512223e-06,-13.030303030303031,2.9256807730741046,10.565334374671576,8.468935910247016,valid,True
5.590810182512223e-06,-11.616161616161616,3.0906579107745293,10.597858685607902,9.018859702581766,valid,True
5.590810182512223e-06,-10.2020202020202,3.270352311367066,10.683765763882146,9.61784103789022,valid,True
5.590810182512223e-06,-8.787878787878789,3.481627884454395,10.724365392946538,10.322092948181316,valid,True
5.590810182512223e-06,-7.373737373737374,3.7239557928473026,10.770839905087637,11.129852642824343,valid,True
5.590810182512223e-06,-5.9595959595959584,4.004391508308065,10.82451413047152,12.064638361026885,valid,True
5.590810182512223e-06,-4.545454545454547,4.332183046866457,10.887126154580377,13.157276822888191,valid,True
5.590810182512223e-06,-3.1313131313131315,4.719629525395725,10.960992631384439,14.448765084652415,valid,True
5.590810182512223e-06,-1.7171717171717162,5.183330895679795,11.049253562308937,15.994436318932651,valid,True
5.590810182512223e-06,-0.30303030303030454,5.746010151872598,11.156238580029793,17.870033839575328,valid,True
5.590810182512223e-06,1.1111111111111107,6.439137815084376,11.288016296213533,20.180459383614586,valid,True
5.590810182512223e-06,2.525252525252526,7.306556090661835,11.453204994317517,23.071853635539448,valid,True
5.590810182512223e-06,3.9393939393939377,8.361969652190862,11.709855632020824,26.589898840636206,valid,True
7.0548023107186455e-06,-30.0,1.8266490918970524,10.423435926027754,4.805496972990174,valid,True
7.0548023107186455e-06,-28.585858585858585,1.8816486839269233,10.437241127873042,4.988828946423078,valid,True
7.0548023107186455e-06,-27.171717171717173,1.940759806773594,10.452071011640975,5.185866022578646,valid,True
7.0548023107186455e-06,-25.757575757575758,2.0044487621894898,10.468041077916784,5.398162540631632,valid,True
7.0548023107186455e-06,-24.343434343434343,2.0732542194949843,10.48528466942405,5.6275140649832815,valid,True
7.0548023107186455e-06,-22.929292929292927,2.1478016059740437,10.50395650866474,5.876005353246812,valid,True
7.0548023107186455e-06,-21.515151515151516,2.228821014008866,10.524237099412677,6.146070046696221,valid,True
7.0548023107186455e-06,-20.1010101010101,2.317169649930718,10.546338244318038,6.44056549976906,valid,True
7.0548023107186455e-06,-18.686868686868685,2.41386019749945,10.57051001698126,6.762867324998166,valid,True
7.0548023107186455e-06,-17.272727272727273,2.5200969515714293,10.597049646643622,7.116989838571431,valid,True
7.0548023107186455e-06,-15.858585858585858,2.6373222531094376,10.626312941943077,7.507740843698125,valid,True
7.0548023107186455e-06,-14.444444444444445,2.7672767108326415,10.658729119006995,7.94092236944214,valid,True
7.0548023107186455e-06,-13.030303030303031,2.9069481465893094,10.744017431580758,8.406493821964364,valid,True
7.0548023107186455e-06,-11.616161616161616,3.068640342739767,10.783437418472891,8.945467809132557,valid,True
7.0548023107186455e-06,-10.2020202020202,3.2509176877285015,10.827806316721556,9.553058959095006,valid,True
7.0548023107186455e-06,-8.787878787878789,3.4577968236959564,10.878083015201447,10.242656078986522,valid,True
7.0548023107186455e-06,-7.373737373737374,3.694359614001986,10.935481334593312,11.031198713339954,valid,True
7.0548023107186455e-06,-5.9595959595959584,3.9671081578981644,11.001556407369684,11.940360526327215,valid,True
7.0548023107186455e-06,-4.545454545454547,4.284458552761123,11.078326211260336,12.998195175870412,valid,True
7.0548023107186455e-06,-3.1313131313131315,4.657431149094564,11.168444288043666,14.241437163648548,valid,True
7.0548023107186455e-06,-1.7171717171717162,5.100614740114643,11.275446828138392,15.718715800382142,valid,True
7.0548023107186455e-06,-0.30303030303030454,5.633497425551054,11.40410599210182,17.494991418503513,valid,True
7.0548023107186455e-06,1.1111111111111107,6.2822424829141665,11.560927813480802,19.657474943047223,valid,True
7.0548023107186455e-06,2.525252525252526,7.046396910211428,11.804316922581439,22.204656367371427,valid,True
7.0548023107186455e-06,3.9393939393939377,8.04311512999859,12.035326624208775,25.527050433328633,valid,True
7.0548023107186455e-06,5.3535353535353565,9.299349299054644,12.33023131871892,29.71449766351548,valid,True
8.902150854450392e-06,-30.0,1.823404179354206,10.517985930450973,4.794680597847353,valid,True
8.902150854450392e-06,-28.585858585858585,1.8780246805147134,10.535292214829457,4.976748935049045,valid,True
8.902150854450392e-06,-27.171717171717173,1.9366974871805709,10.553873891811094,5.172324957268569,valid,True
8.902150854450392e-06,-25.757575757575758,1.9998771259642871,10.57387323766271,5.382923753214291,valid,True
8.902150854450392e-06,-24.343434343434343,2.0680876158448736,10.595454202428606,5.610292052816246,valid,True
8.902150854450392e-06,-22.929292929292927,2.1419360180868576,10.618806629761664,5.856453393622858,valid,True
8.902150854450392e-06,-21.515151515151516,2.2221292144235516,10.644151483369608,6.123764048078505,valid,True
8.902150854450392e-06,-20.1010101010101,2.3094948240106947,10.671747365344604,6.414982746702315,valid,True
8.902150854450392e-06,-18.686868686868685,2.4050074657549123,10.701898705316754,6.7333582191830414,valid,True
8.902150854450392e-06,-17.272727272727273,2.5061392491253733,10.784724679486796,7.070464163751245,valid,True
8.902150854450392e-06,-15.858585858585858,2.621291440939397,10.820353311083483,7.454304803131322,valid,True
8.902150854450392e-06,-14.444444444444445,2.7487342755921627,10.85973687415477,7.879114251973875,valid,True
8.902150854450392e-06,-13.030303030303031,2.8904636143974245,10.903480740844465,8.351545381324748,valid,True
8.902150854450392e-06,-11.616161616161616,3.0489143408620776,10.9523234515126,8.879714469540259,valid,True
8.902150854450392e-06,-10.2020202020202,3.227081855385798,11.007173942167515,9.473606184619326,valid,True
8.902150854450392e-06,-8.787878787878789,3.42868348283813,11.069161320021436,10.145611609460433,valid,True
8.902150854450392e-06,-7.373737373737374,3.6583743927808916,11.139702031507637,10.911247975936305,valid,True
8.902150854450392e-06,-5.9595959595959584,3.9220379464586226,11.220591257726689,11.790126488195408,valid,True
8.902150854450392e-06,-4.545454545454547,4.227176956071498,11.314128090216935,12.807256520238328,valid,True
8.902150854450392e-06,-3.1313131313131315,4.583439225806359,11.423287506881904,13.994797419354528,valid,True
8.902150854450392e-06,-1.7171717171717162,5.003314542460289,11.551955891395775,15.394381808200963,valid,True
8.902150854450392e-06,-0.30303030303030454,5.503031615617215,11.705248764703182,17.060105385390717,valid,True
8.902150854450392e-06,1.1111111111111107,6.1036399366917795,11.889923271065069,19.06213312230593,valid,True
8.902150854450392e-06,2.525252525252526,6.8048762655166515,12.155873855201929,21.39958755172217,valid,True
8.902150854450392e-06,3.9393939393939377,7.696807821119767,12.421123841562705,24.37269273706589,valid,True
8.902150854450392e-06,5.3535353535353565,8.793687199346538,12.751977533239117,28.02895733115513,valid,True
1.1233240329780266e-05,-30.0,1.8193497362843993,10.63672455754395,4.781165787614666,valid,True
1.1233240329780266e-05,-28.585858585858585,1.873499927302655,10.658384071373057,4.961666424342183,valid,True
1.1233240329780266e-05,-27.171717171717173,1.9316296468905079,10.681625588620566,5.155432156301694,valid,True
1.1233240329780266e-05,-25.757575757575758,1.9941791294749192,10.706623312597486,5.363930431583064,valid,True
1.1233240329780266e-05,-24.343434343434343,2.061654665737772,10.733577522921191,5.588848885792573,valid,True
1.1233240329780266e-05,-22.929292929292927,2.13464116720733,10.762719536958542,5.832137224024433,valid,True
1.1233240329780266e-05,-21.515151515151516,2.2110689405159993,10.844280405343403,6.086896468386665,valid,True
1.1233240329780266e-05,-20.1010101010101,2.297005612983851,10.87798576000554,6.373352043279504,valid,True
1.1233240329780266e-05,-18.686868686868685,2.3908294687016345,10.914749689903338,6.686098229005448,valid,True
1.1233240329780266e-05,-17.272727272727273,2.4936338023877425,10.954993281204775,7.028779341292474,valid,True
1.1233240329780266e-05,-15.858585858585858,2.606716370415064,10.99921630728129,7.40572123471688,valid,True
1.1233240329780266e-05,-14.444444444444445,2.7316273947193332,11.04801583719273,7.82209131573111,valid,True
1.1233240329780266e-05,-13.030303030303031,2.870230978784913,11.102110143019324,8.284103262616377,valid,True
1.1233240329780266e-05,-11.616161616161616,3.024784166942246,11.16236964347801,8.799280556474153,valid,True
1.1233240329780266e-05,-10.2020202020202,3.198039277004312,11.22985724254903,9.376797590014375,valid,True
1.1233240329780266e-05,-8.787878787878789,3.393376938892801,11.305881262151805,10.027923129642671,valid,True
1.1233240329780266e-05,-7.373737373737374,3.6149794864273392,11.392065279393872,10.76659828809113,valid,True
1.1233240329780266e-05,-5.9595959595959584,3.8680568119280747,11.490440583550114,11.610189373093583,valid,True
1.1233240329780266e-05,-4.545454545454547,4.159138904232499,11.603568576387937,12.58046301410833,valid,True
1.1233240329780266e-05,-3.1313131313131315,4.496449453289501,11.734701850216723,13.704831510965002,valid,True
1.1233240329780266e-05,-1.7171717171717162,4.8903694159053215,11.887992709966804,15.017898053017738,valid,True
1.1233240329780266e-05,-0.30303030303030454,5.353980580441898,12.068753581274157,16.563268601472995,valid,True
1.1233240329780266e-05,1.1111111111111107,5.8827833796829765,12.326470979808402,18.325944598943256,valid,True
1.1233240329780266e-05,2.525252525252526,6.5393398944551,12.574390665728695,20.514466314850335,valid,True
1.1233240329780266e-05,3.9393939393939377,7.327605136150875,12.8750083156973,23.142017120502917,valid,True
1.1233240329780266e-05,5.3535353535353565,8.232547143670617,13.28387742951017,26.158490478902056,valid,True
1.1233240329780266e-05,6.767676767676768,9.379943640112584,13.708647586296347,29.98314546704195,valid,True
1.4174741629268048e-05,-30.0,1.8142962793457882,10.785662092508275,4.764320931152628,valid,True
1.4174741629268048e-05,-28.585858585858585,1.867865448757722,10.812714543410342,4.942884829192407,valid,True
1.4174741629268048e-05,-27.171717171717173,1.9253253039744158,10.84172100740072,5.134417679914719,valid,True
1.4174741629268048e-05,-25.757575757575758,1.9849856055746269,10.922806433619987,5.333285351915423,valid,True
1.4174741629268048e-05,-24.343434343434343,2.051407513675679,10.955802409141016,5.554691712252263,valid,True
1.4174741629268048e-05,-22.929292929292927,2.1231722892876568,10.991425915570018,5.793907630958855,valid,True
1.4174741629268048e-05,-21.515151515151516,2.200924268044421,11.02999187132614,6.053080893481403,valid,True
1.4174741629268048e-05,-20.1010101010101,2.285412199543627,11.0718661820286,6.33470733181209,valid,True
1.4174741629268048e-05,-18.686868686868685,2.3775104192233187,11.117476141161598,6.641701397411062,valid,True
1.4174741629268048e-05,-17.272727272727273,2.4782451230139046,11.167323377231357,6.977483743379683,valid,True
1.4174741629268048e-05,-15.858585858585858,2.588827138718504,11.222000065117808,7.346090462395014,valid,True
1.4174741629268048e-05,-14.444444444444445,2.710692994289305,11.282209341498486,7.752309980964348,valid,True
1.4174741629268048e-05,-13.030303030303031,2.8455566011889277,11.348791156412963,8.201855337296424,valid,True
1.4174741629268048e-05,-11.616161616161616,2.9954745172958677,11.42275517339141,8.701581724319558,valid,True
1.4174741629268048e-05,-10.2020202020202,3.1629285288702182,11.505322815998897,9.259761762900727,valid,True
1.4174741629268048e-05,-8.787878787878789,3.350930153040341,11.597981155623174,9.8864338434678,valid,True
1.4174741629268048e-05,-7.373737373737374,3.5631524718658136,11.702552017898327,10.593841572886044,valid,True
1.4174741629268048e-05,-5.9595959595959584,3.8040951213324274,11.821280345831743,11.396983737774757,valid,True
1.4174741629268048e-05,-4.545454545454547,4.0792875208059005,11.95694620310691,12.314291736019667,valid,True
1.4174741629268048e-05,-3.1313131313131315,4.395532033206021,12.113004140508073,13.368440110686736,valid,True
1.4174741629268048e-05,-1.7171717171717162,4.761179928136794,12.293750493826986,14.587266427122648,valid,True
1.4174741629268048e-05,-0.30303030303030454,5.170487949683984,12.547523620036113,15.951626498946615,valid,True
1.4174741629268048e-05,1.1111111111111107,5.667982391107758,12.786244567852549,17.609941303692526,valid,True
1.4174741629268048e-05,2.525252525252526,6.252694582471098,13.068899753405487,19.558981941570327,valid,True
1.4174741629268048e-05,3.9393939393939377,6.941110386832154,13.405163474397774,21.85370128944051,valid,True
1.4174741629268048e-05,5.3535353535353565,7.723605173023852,13.836928134387986,24.462017243412838,valid,True
1.4174741629268048e-05,6.767676767676768,8.681414717583833,14.295854310678367,27.65471572527944,valid,True
1.788649529057435e-05,-30.0,1.8063542897649987,11.021867506254722,4.737847632549995,valid,True
1.788649529057435e-05,-28.585858585858585,1.8591039463620145,11.05503635270881,4.913679821206714,valid,True
1.788649529057435e-05,-27.171717171717173,1.9156278102034805,11.090557391308684,5.102092700678268,valid,True
1.788649529057435e-05,-25.757575757575758,1.9763276885705119,11.128679678377157,5.304425628568373,valid,True
1.788649529057435e-05,-24.343434343434343,2.0416626436624985,11.16968773812643,5.522208812208329,valid,True
1.788649529057435e-05,-22.929292929292927,2.112159161730664,11.213907897486616,5.757197205768881,valid,True
1.788649529057435e-05,-21.515151515151516,2.1884234628577133,11.26171597353488,6.011411542859044,valid,True
1.788649529057435e-05,-20.1010101010101,2.27115646173278,11.313546645013506,6.287188205775934,valid,True
1.788649529057435e-05,-18.686868686868685,2.3611720202099873,11.36990492865626,6.587240067366623,valid,True
1.788649529057435e-05,-17.272727272727273,2.4594192951965073,11.431380294944422,6.914730983988357,valid,True
1.788649529057435e-05,-15.858585858585858,2.5670101858503873,11.498664102412945,7.273367286167958,valid,True
1.788649529057435e-05,-14.444444444444445,2.68525312554524,11.57257121085599,7.667510418484133,valid,True
1.788649529057435e-05,-13.030303030303031,2.8156947443123426,11.654066856581004,8.102315814374474,valid,True
1.788649529057435e-05,-11.616161616161616,2.9601712314665334,11.744300137354656,8.583904104888445,valid,True
1.788649529057435e-05,-10.2020202020202,3.1208715145272743,11.844645749040955,9.119571715090913,valid,True
1.788649529057435e-05,-8.787878787878789,3.3004145471510595,11.956755901824682,9.71804849050353,valid,True
1.788649529057435e-05,-7.373737373737374,3.5019428796852328,12.082624528251184,10.389809598950777,valid,True
1.788649529057435e-05,-5.9595959595959584,3.7292339215241617,12.22466577746139,11.147446405080538,valid,True
1.788649529057435e-05,-4.545454545454547,3.986828278775662,12.385807967877476,12.00609426258554,valid,True
1.788649529057435e-05,-3.1313131313131315,4.2681300671331215,12.618828461537795,12.943766890443738,valid,True
1.788649529057435e-05,-1.7171717171717162,4.603581379756591,12.82257194425657,14.06193793252197,valid,True
1.788649529057435e-05,-0.30303030303030454,4.989333771707828,13.057824292199012,15.34777923902609,valid,True
1.788649529057435e-05,1.1111111111111107,5.43440014370781,13.330838769853791,16.831333812359368,valid,True
1.788649529057435e-05,2.525252525252526,5.948871263033389,13.648930081911459,18.546237543444633,valid,True
1.788649529057435e-05,3.9393939393939377,6.520547046123313,14.058263242630423,20.451823487077707,valid,True
1.788649529057435e-05,5.3535353535353565,7.212734500545738,14.475320194017321,22.75911500181913,valid,True
1.788649529057435e-05,6.767676767676768,7.964584453020899,15.01136934153564,25.265281510069663,valid,True
1.788649529057435e-05,8.18181818181818,8.890237599762289,15.552363621085988,28.350791999207626,valid,True
2.2570197196339216e-05,-30.0,1.7986666462173428,11.253029469294834,4.712222154057809,valid,True
2.2570197196339216e-05,-28.585858585858585,1.8505555755161267,11.294250876155743,4.885185251720421,valid,True
2.2570197196339216e-05,-27.171717171717173,1.9060915378097456,11.33834793549907,5.070305126032484,valid,True
2.2570197196339216e-05,-25.757575757575758,1.9656527830235244,11.385617919572427,5.268842610078415,valid,True
2.2570197196339216e-05,-24.343434343434343,2.029669549584691,11.436399067911797,5.482231831948968,valid,True
2.2570197196339216e-05,-22.929292929292927,2.098632853177049,11.491077586244156,5.712109510590162,valid,True
2.2570197196339216e-05,-21.515151515151516,2.1731050021308222,11.550096051281479,5.960350007102741,valid,True
2.2570197196339216e-05,-20.1010101010101,2.253732210932749,11.613963536984441,6.229107369775829,valid,True
2.2570197196339216e-05,-18.686868686868685,2.3412597629910312,11.68326785172135,6.52086587663677,valid,True
2.2570197196339216e-05,-17.272727272727273,2.436550266176538,11.758690364971685,6.838500887255127,valid,True
2.2570197196339216e-05,-15.858585858585858,2.5406056476546293,11.84102400764772,7.185352158848763,valid,True
2.2570197196339216e-05,-14.444444444444445,2.654593641565531,11.93119515011556,7.5653121385517705,valid,True
2.2570197196339216e-05,-13.030303030303031,2.779879619466151,12.030290189807054,7.98293206488717,valid,True
2.2570197196339216e-05,-11.616161616161616,2.9180646698474075,12.139587798983708,8.443548899491358,valid,True
2.2570197196339216e-05,-10.2020202020202,3.0710307954598854,12.260597856783107,8.953435984866283,valid,True
2.2570197196339216e-05,-8.787878787878789,3.2409938710637607,12.395108047858491,9.519979570212534,valid,True
2.2570197196339216e-05,-7.373737373737374,3.4305644323248385,12.545238822790406,10.151881441082795,valid,True
2.2570197196339216e-05,-5.9595959595959584,3.6428152027562364,12.713506654074553,10.859384009187455,valid,True
2.2570197196339216e-05,-4.545454545454547,3.872090801230714,12.949798109943245,11.623636004102378,valid,True
2.2570197196339216e-05,-3.1313131313131315,4.141098089839917,13.157529623284853,12.520326966133059,valid,True
2.2570197196339216e-05,-1.7171717171717162,4.4457286494352894,13.393606040626278,13.535762164784297,valid,True
2.2570197196339216e-05,-0.30303030303030454,4.791606016381736,13.66293967144616,14.688686721272454,valid,True
2.2570197196339216e-05,1.1111111111111107,5.184972392075664,13.971172263892672,15.999907973585547,valid,True
2.2570197196339216e-05,2.525252525252526,5.614107305711257,14.366424782024996,17.43035768570419,valid,True
2.2570197196339216e-05,3.9393939393939377,6.126665733245054,14.757049319941697,19.138885777483512,valid,True
2.2570197196339216e-05,5.3535353535353565,6.707826476507425,15.208005531159838,21.076088255024747,valid,True
2.2570197196339216e-05,6.767676767676768,7.338331773057369,15.75762588082506,23.177772576857894,valid,True
2.2570197196339216e-05,8.18181818181818,8.085132615288444,16.326395777770344,25.667108717628146,valid,True
2.2570197196339216e-05,9.595959595959599,8.884423697620448,16.999204694930263,28.33141232540149,valid,True
2.848035868435799e-05,-30.0,1.7891880835579208,11.541515117289489,4.68062694519307,valid,True
2.848035868435799e-05,-28.585858585858585,1.8400330633349748,11.59255820164839,4.850110211116584,valid,True
2.848035868435799e-05,-27.171717171717173,1.8943741974798036,11.647090661346255,5.0312473249326795,valid,True
2.848035868435799e-05,-25.757575757575758,1.9525625748802173,11.705462652660124,5.225208582934059,valid,True
2.848035868435799e-05,-24.343434343434343,2.014995417999116,11.768070643261641,5.433318059997053,valid,True
2.848035868435799e-05,-22.929292929292927,2.082123406372213,11.835364886828078,5.657078021240711,valid,True
2.848035868435799e-05,-21.515151515151516,2.1544593125973512,11.907858281941248,5.898197708657839,valid,True
2.848035868435799e-05,-20.1010101010101,2.232588193838743,11.986136889049071,6.1586273127958115,valid,True
2.848035868435799e-05,-18.686868686868685,2.3171794193633874,12.070872429521641,6.440598064544625,valid,True
2.848035868435799e-05,-17.272727272727273,2.4090008511172343,12.162837145143534,6.746669503724115,valid,True
2.848035868435799e-05,-15.858585858585858,2.508935523913325,12.262921450552959,7.079785079711083,valid,True
2.848035868435799e-05,-14.444444444444445,2.6180011839363355,12.372154856608896,7.443337279787786,valid,True
2.848035868435799e-05,-13.030303030303031,2.7373730211700686,12.491730663434694,7.84124340390023,valid,True
2.848035868435799e-05,-11.616161616161616,2.868409844107517,12.623034889536513,8.278032813691723,valid,True
2.848035868435799e-05,-10.2020202020202,3.0126837485643856,12.767679769513446,8.758945828547953,valid,True
2.848035868435799e-05,-8.787878787878789,3.172012959456744,12.927541838006398,9.290043198189148,valid,True
2.848035868435799e-05,-7.373737373737374,3.3414733623897934,13.154142020489939,9.854911207965978,valid,True
2.848035868435799e-05,-5.9595959595959584,3.5374426054316674,13.346002775101088,10.50814201810556,valid,True
2.848035868435799e-05,-4.545454545454547,3.7558780518680104,13.56036713150264,11.236260172893369,valid,True
2.848035868435799e-05,-3.1313131313131315,3.9999603848835386,13.800660542459227,12.049867949611796,valid,True
2.848035868435799e-05,-1.7171717171717162,4.2732491461279976,14.070808687553304,12.960830487093327,valid,True
2.848035868435799e-05,-0.30303030303030454,4.579650491076016,14.375236442084766,13.982168303586722,valid,True
2.848035868435799e-05,1.1111111111111107,4.909076310190668,14.762054695637836,15.080254367302226,valid,True
2.848035868435799e-05,2.525252525252526,5.296864046979724,15.136990723704733,16.372880156599084,valid,True
2.848035868435799e-05,3.9393939393939377,5.731166400767412,15.562698958958073,17.82055466922471,valid,True
2.848035868435799e-05,5.3535353535353565,6.192290420227076,16.088025402959655,19.357634734090254,valid,True
2.848035868435799e-05,6.767676767676768,6.7397988089811545,16.608741911840937,21.18266269660385,valid,True
2.848035868435799e-05,8.18181818181818,7.34135963539168,17.201119153289028,23.187865451305605,valid,True
2.848035868435799e-05,9.595959595959599,7.986487710926055,17.87707643545047,25.33829236975352,valid,True
2.848035868435799e-05,11.01010101010101,8.711124400585875,18.595667642151852,27.753748001952918,valid,True
3.5938136638046256e-05,-30.0,1.777564887960589,11.900610167748258,4.64188295986863,valid,True
3.5938136638046256e-05,-28.585858585858585,1.8271552927253643,11.963537742954728,4.807184309084547,valid,True
3.5938136638046256e-05,-27.171717171717173,1.880065382799693,12.030661345926308,4.983551275998976,valid,True
3.5938136638046256e-05,-25.757575757575758,1.9366155780319796,12.102386877730453,5.172051926773265,valid,True
3.5938136638046256e-05,-24.343434343434343,1.9971661126659142,12.17917123173121,5.373887042219714,valid,True
3.5938136638046256e-05,-22.929292929292927,2.0621228667101708,12.26152994288307,5.590409555700568,valid,True
3.5938136638046256e-05,-21.515151515151516,2.13194411907538,12.350046104838281,5.8231470635846,valid,True
3.5938136638046256e-05,-20.1010101010101,2.207148356398346,12.4453807604554,6.073827854661153,valid,True
3.5938136638046256e-05,-18.686868686868685,2.288323278447621,12.548284992248615,6.344410928158737,valid,True
3.5938136638046256e-05,-17.272727272727273,2.3761361396269614,12.659613953089572,6.637120465423205,valid,True
3.5938136638046256e-05,-15.858585858585858,2.4713455499634325,12.780343076251736,6.954485166544774,valid,True
3.5938136638046256e-05,-14.444444444444445,2.5748148184063937,12.911586674967353,7.299382728021312,valid,True
3.5938136638046256e-05,-13.030303030303031,2.6875268420906075,13.054619065014553,7.675089473635358,valid,True
3.5938136638046256e-05,-11.616161616161616,2.810600407528376,13.210898188807018,8.085334691761252,valid,True
3.5938136638046256e-05,-10.2020202020202,2.9453075470571908,13.382091440738964,8.534358490190636,valid,True
3.5938136638046256e-05,-8.787878787878789,3.0876687546945782,13.615633722914971,9.008895848981927,valid,True
3.5938136638046256e-05,-7.373737373737374,3.2501540344669255,13.81773082163045,9.550513448223086,valid,True
3.5938136638046256e-05,-5.9595959595959584,3.429272414166995,14.041021908245888,10.147574713889984,valid,True
3.5938136638046256e-05,-4.545454545454547,3.627092136451336,14.288334820086785,10.80697378817112,valid,True
3.5938136638046256e-05,-3.1313131313131315,3.8458912047153073,14.56284538779863,11.536304015717691,valid,True
3.5938136638046256e-05,-1.7171717171717162,4.088138552004301,14.868068563284291,12.34379517334767,valid,True
3.5938136638046256e-05,-0.30303030303030454,4.345647881976442,15.250514138129954,13.202159606588141,valid,True
3.5938136638046256e-05,1.1111111111111107,4.644385332942346,15.61747366235826,14.197951109807823,valid,True
3.5938136638046256e-05,2.525252525252526,4.975013375787573,16.027977044798348,15.300044585958581,valid,True
3.5938136638046256e-05,3.9393939393939377,5.339968955014183,16.48651943192547,16.516563183380615,valid,True
3.5938136638046256e-05,5.3535353535353565,5.728087605063143,17.026150002036665,17.810292016877145,valid,True
3.5938136638046256e-05,6.767676767676768,6.174057912378383,17.57545589379584,19.296859707927947,valid,True
3.5938136638046256e-05,8.18181818181818,6.635904307004586,18.223584335106665,20.83634769001529,valid,True
3.5938136638046256e-05,9.595959595959599,7.176711648438764,18.868222730675544,22.639038828129216,valid,True
3.5938136638046256e-05,11.01010101010101,7.724626636073413,19.61851764168886,24.465422120244714,valid,True
3.5938136638046256e-05,12.424242424242422,8.335901829754246,20.397169096227575,26.503006099180823,valid,True
3.5938136638046256e-05,13.838383838383841,8.952033108774648,21.262596513462263,28.556777029248828,valid,True
4.534878508128582e-05,-30.0,1.7634049317287983,12.34621278623774,4.594683105762661,valid,True
4.534878508128582e-05,-28.585858585858585,1.811504153951919,12.423384154493572,4.7550138465063965,valid,True
4.534878508128582e-05,-27.171717171717173,1.862720141128436,12.505547286170913,4.925733803761453,valid,True
4.534878508128582e-05,-25.757575757575758,1.917339535350153,12.593163780020157,5.107798451167177,valid,True
4.534878508128582e-05,-24.343434343434343,1.9756822111784293,12.686749613576676,5.302274037261431,valid,True
4.534878508128582e-05,-22.929292929292927,2.0381056624260148,12.786882559911753,5.510352208086717,valid,True
4.534878508128582e-05,-21.515151515151516,2.1050099682354153,12.894210653425434,5.733366560784718,valid,True
4.534878508128582e-05,-20.1010101010101,2.176843389817867,13.009461821869971,5.97281129939289,valid,True
4.534878508128582e-05,-18.686868686868685,2.2541086384571014,13.133454792847711,6.230362128190339,valid,True
4.534878508128582e-05,-17.272727272727273,2.3373698345936114,13.267111358546293,6.507899448645371,valid,True
4.534878508128582e-05,-15.858585858585858,2.4272601422548323,13.411470033560084,6.807533807516108,valid,True
4.534878508128582e-05,-14.444444444444445,2.524490006529467,13.567701054577974,7.131633355098224,valid,True
4.534878508128582e-05,-13.030303030303031,2.6257672585074108,13.786843515173734,7.469224195024703,valid,True
4.534878508128582e-05,-11.616161616161616,2.7401081279851764,13.966874033368214,7.850360426617255,valid,True
4.534878508128582e-05,-10.2020202020202,2.864511677208632,14.163021107147877,8.265038924028774,valid,True
4.534878508128582e-05,-8.787878787878789,3.0000950487601483,14.377170077178768,8.716983495867161,valid,True
4.534878508128582e-05,-7.373737373737374,3.1480930932922946,14.611432558515933,9.210310310974316,valid,True
4.534878508128582e-05,-5.9595959595959584,3.3098598409153133,14.868157962665867,9.749532803051045,valid,True
4.534878508128582e-05,-4.545454545454547,3.4868644042238013,15.149935682326273,10.339548014079336,valid,True
4.534878508128582e-05,-3.1313131313131315,3.680679305065507,15.459582304144849,10.98559768355169,valid,True
4.534878508128582e-05,-1.7171717171717162,3.8849137063716337,15.840763537096844,11.666379021238779,valid,True
4.534878508128582e-05,-0.30303030303030454,4.118485397287577,16.205477218554087,12.444951324291923,valid,True
4.534878508128582e-05,1.1111111111111107,4.374177862633988,16.608148058413896,13.297259542113293,valid,True
4.534878508128582e-05,2.525252525252526,4.653579438139335,17.052273358158217,14.228598127131118,valid,True
4.534878508128582e-05,3.9393939393939377,4.946670879947641,17.57542888501299,15.205569599825472,valid,True
4.534878508128582e-05,5.3535353535353565,5.281902643873667,18.0958772990938,16.32300881291222,valid,True
4.534878508128582e-05,6.767676767676768,5.644131541846696,18.67000106364052,17.530438472822322,valid,True
4.534878508128582e-05,8.18181818181818,6.022527078832619,19.320922887394488,18.791756929442062,valid,True
4.534878508128582e-05,9.595959595959599,6.449183647233971,19.98475913032466,20.213945490779903,valid,True
4.534878508128582e-05,11.01010101010101,6.897188460249691,20.71568015533761,21.70729486749897,valid,True
4.534878508128582e-05,12.424242424242422,7.366649640618243,21.506815134181384,23.272165468727476,valid,True
4.534878508128582e-05,13.838383838383841,7.86355133793236,22.345283718024646,24.928504459774533,valid,True
4.534878508128582e-05,15.252525252525253,8.376148591112806,23.239871587486633,26.63716197037602,valid,True
4.534878508128582e-05,16.666666666666664,8.998933494652741,24.10073591773898,28.713111648842467,valid,True
5.72236765935022e-05,-30.0,1.7462886020999182,12.897133021273152,4.537628673666394,valid,True
5.72236765935022e-05,-28.585858585858585,1.7926383374531083,12.991183378623687,4.692127791510361,valid,True
5.72236765935022e-05,-27.171717171717173,1.8418761274628979,13.091097386269379,4.856253758209659,valid,True
5.72236765935022e-05,-25.757575757575758,1.89425248920059,13.197388243372433,5.030841630668634,valid,True
5.72236765935022e-05,-24.343434343434343,1.9500446000401153,13.310624943791641,5.216815333467051,valid,True
5.72236765935022e-05,-22.929292929292927,2.009559368995643,13.431438986147953,5.415197896652143,valid,True
5.72236765935022e-05,-21.515151515151516,2.0731368140732505,13.560531825967459,5.627122713577502,valid,True
5.72236765935022e-05,-20.1010101010101,2.1411537441838884,13.698683092306249,5.853845813946295,valid,True
5.72236765935022e-05,-18.686868686868685,2.2140277271524518,13.846759558610389,6.096759090508173,valid,True
5.72236765935022e-05,-17.272727272727273,2.292221300392497,14.005724806264517,6.357404334641657,valid,True
5.72236765935022e-05,-15.858585858585858,2.37311010200373,14.224970683601121,6.627033673345767,valid,True
5.72236765935022e-05,-14.444444444444445,2.463502624565237,14.405414167063974,6.928342081884123,valid,True
5.72236765935022e-05,-13.030303030303031,2.560941382862728,14.600153399215365,7.253137942875759,valid,True
5.72236765935022e-05,-11.616161616161616,2.666118032403369,14.81065970385546,7.603726774677894,valid,True
5.72236765935022e-05,-10.2020202020202,2.77978958980063,15.038560148186694,7.982631966002101,valid,True
5.72236765935022e-05,-8.787878787878789,2.9027797858646105,15.285645168911122,8.392599286215368,valid,True
5.72236765935022e-05,-7.373737373737374,3.03597827103607,15.553871688291807,8.8365942367869,valid,True
5.72236765935022e-05,-5.9595959595959584,3.1803369147452045,15.845359250517031,9.317789715817348,valid,True
5.72236765935022e-05,-4.545454545454547,3.330342577277591,16.208722312564188,9.817808590925303,valid,True
5.72236765935022e-05,-3.1313131313131315,3.5007143012416053,16.544815191944814,10.385714337472018,valid,True
5.72236765935022e-05,-1.7171717171717162,3.685533882871288,16.911677133663318,11.00177960957096,valid,True
5.72236765935022e-05,-0.30303030303030454,3.885861776644545,17.312064917096134,11.669539255481816,valid,True
5.72236765935022e-05,1.1111111111111107,4.102715229439846,17.7486860900012,12.392384098132819,valid,True
5.72236765935022e-05,2.525252525252526,4.327920585146533,18.260616438921492,13.14306861715511,valid,True
5.72236765935022e-05,3.9393939393939377,4.583382257266603,18.762768825056728,13.994607524222012,valid,True
5.72236765935022e-05,5.3535353535353565,4.8577659113109775,19.310850585684058,14.909219704369924,valid,True
5.72236765935022e-05,6.767676767676768,5.138592879276838,19.941850781093848,15.845309597589461,valid,True
5.72236765935022e-05,8.18181818181818,5.4593137212271605,20.56232174453003,16.9143790707572,valid,True
5.72236765935022e-05,9.595959595959599,5.797062940555793,21.240817174807834,18.04020980185264,valid,True
5.72236765935022e-05,11.01010101010101,6.156039978704007,21.96558685505601,19.236799929013358,valid,True
5.72236765935022e-05,12.424242424242422,6.54585187213503,22.71950185347504,20.536172907116764,valid,True
5.72236765935022e-05,13.838383838383841,6.9315891963783045,23.558256001708255,21.821963987927678,valid,True
5.72236765935022e-05,15.252525252525253,7.347438125164617,24.421268064416463,23.208127083882054,valid,True
5.72236765935022e-05,16.666666666666664,7.748989218087729,25.363286273256847,24.546630726959094,valid,True
5.72236765935022e-05,18.080808080808083,8.202585968769359,26.298990325104885,26.058619895897863,valid,True
5.72236765935022e-05,19.494949494949495,8.71544100765617,27.231684934221413,27.76813669218723,valid,True
5.72236765935022e-05,20.909090909090907,9.149345136393233,28.28589790739983,29.21448378797744,valid,True
7.220809018385456e-05,-30.0,1.7257873711375498,13.575338558576032,4.469291237125166,valid,True
7.220809018385456e-05,-28.585858585858585,1.7701154713588882,13.689126981278084,4.617051571196294,valid,True
7.220809018385456e-05,-27.171717171717173,1.8170797650686883,13.809702895875752,4.773599216895628,valid,True
7.220809018385456e-05,-25.757575757575758,1.8668934277521794,13.93762204475237,4.939644759173931,valid,True
7.220809018385456e-05,-24.343434343434343,1.9197900494384752,14.073494830646688,5.115966831461583,valid,True
7.220809018385456e-05,-22.929292929292927,1.9760255936387463,14.217991856272706,5.303418645462488,valid,True
7.220809018385456e-05,-21.515151515151516,2.035880469563684,14.371849851236856,5.502934898545613,valid,True
7.220809018385456e-05,-20.1010101010101,2.0972808877494873,14.585139919206378,5.707602959164959,valid,True
7.220809018385456e-05,-18.686868686868685,2.1652982554664417,14.75708919033586,5.934327518221473,valid,True
7.220809018385456e-05,-17.272727272727273,2.237958217503365,14.94093651088325,6.176527391677883,valid,True
7.220809018385456e-05,-15.858585858585858,2.3156637194988576,15.13775630058989,6.43554573166286,valid,True
7.220809018385456e-05,-14.444444444444445,2.3988529301288386,15.348725837538009,6.712843100429462,valid,True
7.220809018385456e-05,-13.030303030303031,2.4880006170130113,15.575131294427832,7.0100020567100385,valid,True
7.220809018385456e-05,-11.616161616161616,2.58361887510042,15.818372217006575,7.328729583668068,valid,True
7.220809018385456e-05,-10.2020202020202,2.6862569501637106,16.079963535987332,7.670856500545702,valid,True
7.220809018385456e-05,-8.787878787878789,2.796499867783606,16.361533952632325,8.03833289261202,valid,True
7.220809018385456e-05,-7.373737373737374,2.9098843585660923,16.71379273424385,8.416281195220309,valid,True
7.220809018385456e-05,-5.9595959595959584,3.037595779823726,17.032815819749672,8.841985932745754,valid,True
7.220809018385456e-05,-4.545454545454547,3.1749365054546543,17.377500676729447,9.299788351515515,valid,True
7.220809018385456e-05,-3.1313131313131315,3.322581484555628,17.74996476388642,9.791938281852095,valid,True
7.220809018385456e-05,-1.7171717171717162,3.4811980008774546,18.15234474805089,10.32066000292485,valid,True
7.220809018385456e-05,-0.30303030303030454,3.6514316688307566,18.58673114507853,10.888105562769189,valid,True
7.220809018385456e-05,1.1111111111111107,3.8270069653548786,19.09123131952472,11.47335655118293,valid,True
7.220809018385456e-05,2.525252525252526,4.024099985267157,19.582935528079496,12.13033328422386,valid,True
7.220809018385456e-05,3.9393939393939377,4.2344303644266965,20.114250149669896,12.831434548088987,valid,True
7.220809018385456e-05,5.3535353535353565,4.446739651053589,20.730302329347367,13.539132170178629,valid,True
7.220809018385456e-05,6.767676767676768,4.689557933049185,21.321954340890628,14.348526443497283,valid,True
7.220809018385456e-05,8.18181818181818,4.945225519648951,21.962952267263297,15.20075173216317,valid,True
7.220809018385456e-05,9.595959595959599,5.201490292217883,22.684850531164173,16.054967640726275,valid,True
7.220809018385456e-05,11.01010101010101,5.498200584817247,23.378187203174708,17.04400194939082,valid,True
7.220809018385456e-05,12.424242424242422,5.79727842177674,24.14572049070412,18.040928072589132,valid,True
7.220809018385456e-05,13.838383838383841,6.093247028404986,24.98718289045568,19.027490094683287,valid,True
7.220809018385456e-05,15.252525252525253,6.433648135878228,25.807019532725732,20.162160452927424,valid,True
7.220809018385456e-05,16.666666666666664,6.751344853433126,26.725918459262143,21.221149511443752,valid,True
7.220809018385456e-05,18.080808080808083,7.127242830065372,27.608902990258766,22.474142766884572,valid,True
7.220809018385456e-05,19.494949494949495,7.452636476010453,28.612468356903314,23.558788253368178,valid,True
7.220809018385456e-05,20.909090909090907,7.871546006884048,29.542953622156638,24.95515335628016,valid,True
7.220809018385456e-05,22.323232323232325,8.217669675749217,30.600525942720438,26.10889891916406,valid,True
7.220809018385456e-05,23.737373737373737,8.609793974129557,31.643638115570297,27.41597991376519,valid,True
9.111627561154887e-05,-30.0,1.7014907904346819,14.406113771453828,4.3883026347822724,valid,True
9.111627561154887e-05,-28.585858585858585,1.7435230073547987,14.542633723530134,4.528410024515996,valid,True
9.111627561154887e-05,-27.171717171717173,1.787921296969104,14.686880575167702,4.676404323230347,valid,True
9.111627561154887e-05,-25.757575757575758,1.8348617035008454,14.83943829250947,4.832872345002818,valid,True
9.111627561154887e-05,-24.343434343434343,1.8827209267421412,15.049834601461733,4.9924030891404705,valid,True
9.111627561154887e-05,-22.929292929292927,1.935316044996847,15.218210831275574,5.167720149989489,valid,True
9.111627561154887e-05,-21.515151515151516,1.9910826048667694,15.39686696938118,5.353608682889231,valid,True
9.111627561154887e-05,-20.1010101010101,2.0502640173860067,15.586619957127668,5.550880057953355,valid,True
9.111627561154887e-05,-18.686868686868685,2.1131228947626743,15.788356350650908,5.760409649208913,valid,True
9.111627561154887e-05,-17.272727272727273,2.1799418770925585,16.00303631253803,5.983139590308528,valid,True
9.111627561154887e-05,-15.858585858585858,2.2510242391317155,16.23169696071127,6.220080797105719,valid,True
9.111627561154887e-05,-14.444444444444445,2.3266941885246593,16.4754547037111,6.472313961748863,valid,True
9.111627561154887e-05,-13.030303030303031,2.4072967528556055,16.735506092876257,6.7409891761853515,valid,True
9.111627561154887e-05,-11.616161616161616,2.4931971423250845,17.013126616712277,7.027323807750281,valid,True
9.111627561154887e-05,-10.2020202020202,2.5809094725940516,17.358801951352298,7.319698241980172,valid,True
9.111627561154887e-05,-8.787878787878789,2.678816758987725,17.668838014697865,7.646055863292416,valid,True
9.111627561154887e-05,-7.373737373737374,2.783276231819736,18.000833320515294,7.994254106065786,valid,True
9.111627561154887e-05,-5.9595959595959584,2.8947111307645605,18.356415027100947,8.365703769215202,valid,True
9.111627561154887e-05,-4.545454545454547,3.013545995533013,18.737240645105093,8.761819985110042,valid,True
9.111627561154887e-05,-3.1313131313131315,3.140200224047043,19.14496467243667,9.184000746823475,valid,True
9.111627561154887e-05,-1.7171717171717162,3.2689225179666255,19.627022780835198,9.613075059888752,valid,True
9.111627561154887e-05,-0.30303030303030454,3.413587995951071,20.081212976153992,10.095293319836903,valid,True
9.111627561154887e-05,1.1111111111111107,3.5672722880835535,20.568365656507133,10.607574293611846,valid,True
9.111627561154887e-05,2.525252525252526,3.7302348385685606,21.089960433484535,11.150782795228535,valid,True
9.111627561154887e-05,3.9393939393939377,3.8934613878164637,21.693924967619253,11.694871292721546,valid,True
9.111627561154887e-05,5.3535353535353565,4.079015937944764,22.267304701538187,12.31338645981588,valid,True
9.111627561154887e-05,6.767676767676768,4.273920915923421,22.882740460474714,12.963069719744736,valid,True
9.111627561154887e-05,8.18181818181818,4.478007146790915,23.54027046228733,13.643357155969719,valid,True
9.111627561154887e-05,9.595959595959599,4.686810299793142,24.253897843490144,14.33936766597714,valid,True
9.111627561154887e-05,11.01010101010101,4.9163832965444225,24.968282112556572,15.10461098848141,valid,True
9.111627561154887e-05,12.424242424242422,5.14912006050926,25.741468258498127,15.880400201697533,valid,True
9.111627561154887e-05,13.838383838383841,5.383815155700891,26.569431895561966,16.662717185669635,valid,True
9.111627561154887e-05,15.252525252525253,5.649332218147552,27.37859857025928,17.54777406049184,valid,True
9.111627561154887e-05,16.666666666666664,5.91884366247211,28.237459072012236,18.4461455415737,valid,True
9.111627561154887e-05,18.080808080808083,6.173445769597265,29.176199372142122,19.294819231990886,valid,True
9.111627561154887e-05,19.494949494949495,6.448417628048351,30.119053477936625,20.211392093494506,valid,True
9.111627561154887e-05,20.909090909090907,6.764105607595964,31.03768610576125,21.263685358653216,valid,True
9.111627561154887e-05,22.323232323232325,7.072750836091582,32.012931924086814,22.29250278697194,valid,True
9.111627561154887e-05,23.737373737373737,7.340573885817651,33.08085805144799,23.18524628605884,valid,True
9.111627561154887e-05,25.15151515151515,7.650722018585837,34.12173436101263,24.219073395286127,valid,True
0.00011497569953977356,-30.0,1.6716703892543143,15.467974502803248,4.28890129751438,valid,True
0.00011497569953977356,-28.585858585858585,1.7111308660901623,15.627840041954261,4.420436220300541,valid,True
0.00011497569953977356,-27.171717171717173,1.7526803327684952,15.796259085476088,4.55893444256165,valid,True
0.00011497569953977356,-25.757575757575758,1.7964602444190219,15.973828023256367,4.70486748139674,valid,True
0.00011497569953977356,-24.343434343434343,1.8426222177645215,16.16118886797619,4.858740725881739,valid,True
0.00011497569953977356,-22.929292929292927,1.8913285241657498,16.35903193083272,5.0210950805525005,valid,True
0.00011497569953977356,-21.515151515151516,1.942752524062097,16.568098307877534,5.192508413540323,valid,True
0.00011497569953977356,-20.1010101010101,1.9970790155867706,16.78918204443054,5.373596718622569,valid,True
0.00011497569953977356,-18.686868686868685,2.0545044649509054,17.023131809558965,5.5650148831696855,valid,True
0.00011497569953977356,-17.272727272727273,2.115237081093218,17.270851872515326,5.7674569369773945,valid,True
0.00011497569953977356,-15.858585858585858,2.179496692626979,17.53330212985668,5.981655642089931,valid,True
0.00011497569953977356,-14.444444444444445,2.2475143820418286,17.811496888765014,6.208381273472762,valid,True
0.00011497569953977356,-13.030303030303031,2.3166351670393603,18.15385504574911,6.438783890131201,valid,True
0.00011497569953977356,-11.616161616161616,2.393069112084406,18.460814952602643,6.69356370694802,valid,True
0.00011497569953977356,-10.2020202020202,2.474045438214112,18.786975044555046,6.96348479404704,valid,True
0.00011497569953977356,-8.787878787878789,2.559829151244002,19.13359553849152,7.249430504146673,valid,True
0.00011497569953977356,-7.373737373737374,2.65068768885678,19.501962088062843,7.552292296189267,valid,True
0.00011497569953977356,-5.9595959595959584,2.7468879738645504,19.89336741831305,7.872959912881836,valid,True
0.00011497569953977356,-4.545454545454547,2.848693252240235,20.309088544263545,8.212310840800784,valid,True
0.00011497569953977356,-3.1313131313131315,2.95209520291262,20.790310666282412,8.556984009708733,valid,True
0.00011497569953977356,-1.7171717171717162,3.0666483017104227,21.24834059561769,8.938827672368076,valid,True
0.00011497569953977356,-0.30303030303030454,3.1875507339611824,21.735421525077605,9.341835779870607,valid,True
0.00011497569953977356,1.1111111111111107,3.3149796040065818,22.25266663714155,9.76659868002194,valid,True
0.00011497569953977356,2.525252525252526,3.4422481236816265,22.846506470672413,10.190827078938755,valid,True
0.00011497569953977356,3.9393939393939377,3.585366496807229,23.409313975276977,10.667888322690764,valid,True
0.00011497569953977356,5.3535353535353565,3.735173196492645,24.008170196177087,11.167243988308817,valid,True
0.00011497569953977356,6.767676767676768,3.891622753766657,24.643289587204777,11.688742512555523,valid,True
0.00011497569953977356,8.18181818181818,4.0479929622366315,25.34565368137121,12.209976540788771,valid,True
0.00011497569953977356,9.595959595959599,4.223102856885076,26.02589325161004,12.79367618961692,valid,True
0.00011497569953977356,11.01010101010101,4.402407884324655,26.75389771502485,13.391359614415515,valid,True
0.00011497569953977356,12.424242424242422,4.589829032853722,27.511459196464898,14.016096776179076,valid,True
0.00011497569953977356,13.838383838383841,4.772351538732267,28.341173709675104,14.62450512910756,valid,True
0.00011497569953977356,15.252525252525253,4.96512187105764,29.186280748995365,15.267072903525467,valid,True
0.00011497569953977356,16.666666666666664,5.167702144382314,30.049753909109512,15.942340481274382,valid,True
0.00011497569953977356,18.080808080808083,5.386902880827765,30.91512651535392,16.673009602759215,valid,True
0.00011497569953977356,19.494949494949495,5.60491688383566,31.82909302378814,17.399722946118867,valid,True
0.00011497569953977356,20.909090909090907,5.829865909346353,32.76777657495538,18.14955303115451,valid,True
0.00011497569953977356,22.323232323232325,6.060117723036889,33.73318747257543,18.91705907678963,valid,True
0.00011497569953977356,23.737373737373737,6.292186457908901,34.72979517542437,19.690621526363003,valid,True
0.00011497569953977356,25.15151515151515,6.532796021683636,35.74285498124918,20.49265340561212,valid,True
0.00011497569953977356,26.565656565656568,6.81145956603779,36.7255336299919,21.421531886792636,valid,True
0.00011497569953977356,27.97979797979798,7.032128382308573,37.82808079227012,22.157094607695246,valid,True
0.000145082877849594,-30.0,1.6391089040551852,16.68394678132735,4.180363013517284,valid,True
0.000145082877849594,-28.585858585858585,1.6757989437322942,16.872438695958838,4.302663145774314,valid,True
0.000145082877849594,-27.171717171717173,1.7142942863880097,17.07033929702113,4.430980954626699,valid,True
0.000145082877849594,-25.757575757575758,1.7547039788082845,17.27823637113906,4.5656799293609485,valid,True
0.000145082877849594,-24.343434343434343,1.7971434668355941,17.496754694701877,4.707144889451981,valid,True
0.000145082877849594,-22.929292929292927,1.8417347200665375,17.72655706145123,4.855782400221792,valid,True
0.000145082877849594,-21.515151515151516,1.8886062912824764,17.96834493560964,5.012020970941588,valid,True
0.000145082877849594,-20.1010101010101,1.9378932945709018,18.222858612448924,5.176310981903006,valid,True
0.000145082877849594,-18.686868686868685,1.989737284802484,18.49087675010994,5.349124282674947,valid,True
0.000145082877849594,-17.272727272727273,2.0420542492657607,18.822525493938898,5.523514164219202,valid,True
0.000145082877849594,-15.858585858585858,2.099561067915236,19.11478753759477,5.7152035597174535,valid,True
0.000145082877849594,-14.444444444444445,2.160103676723684,19.423173464892237,5.917012255745614,valid,True
0.000145082877849594,-13.030303030303031,2.223845522717965,19.748641385144094,6.129485075726552,valid,True
0.000145082877849594,-11.616161616161616,2.2909530633763655,20.092175555361273,6.35317687792122,valid,True
0.000145082877849594,-10.2020202020202,2.3615945425590894,20.454777770260534,6.588648475196965,valid,True
0.000145082877849594,-8.787878787878789,2.435938606791621,20.837456526788483,6.836462022638737,valid,True
0.000145082877849594,-7.373737373737374,2.514152803458177,21.241213918864428,7.0971760115272575,valid,True
0.000145082877849594,-5.9595959595959584,2.5930406766297103,21.709374083976037,7.360135588765701,valid,True
0.000145082877849594,-4.545454545454547,2.679987752018972,22.149258137469918,7.649959173396574,valid,True
0.000145082877849594,-3.1313131313131315,2.771298242607869,22.61394274464807,7.954327475359564,valid,True
0.000145082877849594,-1.7171717171717162,2.8671005648522105,23.104373953272532,8.27366854950737,valid,True
0.000145082877849594,-0.30303030303030454,2.967511968363564,23.621375713656448,8.608373227878547,valid,True
0.000145082877849594,1.1111111111111107,3.0678636968734683,24.206749717038555,8.94287898957823,valid,True
0.000145082877849594,2.525252525252526,3.179182589945255,24.76465524064639,9.313941966484183,valid,True
0.000145082877849594,3.9393939393939377,3.2952516283163087,25.35364330926405,9.700838761054364,valid,True
0.000145082877849594,5.3535353535353565,3.416075856598547,25.973924594403584,10.103586188661824,valid,True
0.000145082877849594,6.767676767676768,3.535553576805981,26.66384664384354,10.501845256019937,valid,True
0.000145082877849594,8.18181818181818,3.6694631360600805,27.322501598920475,10.948210453533603,valid,True
0.000145082877849594,9.595959595959599,3.80707387902297,28.020568512230454,11.406912930076567,valid,True
0.000145082877849594,11.01010101010101,3.9394153318596197,28.800270860245433,11.848051106198733,valid,True
0.000145082877849594,12.424242424242422,4.102547531735118,29.483488142763612,12.391825105783727,valid,True
0.000145082877849594,13.838383838383841,4.2418534942493995,30.328876696209,12.856178314164667,valid,True
0.000145082877849594,15.252525252525253,4.396302455173423,31.15371069432589,13.37100818391141,valid,True
0.000145082877849594,16.666666666666664,4.558373284138406,31.994075541674952,13.911244280461354,valid,True
0.000145082877849594,18.080808080808083,4.730972849041524,32.84138495279341,14.486576163471748,valid,True
0.000145082877849594,19.494949494949495,4.8896819404400755,33.775197494660716,15.015606468133587,valid,True
0.000145082877849594,20.909090909090907,5.0796174959914575,34.64992632082293,15.648724986638193,valid,True
0.000145082877849594,22.323232323232325,5.2411155134173955,35.64302650445709,16.18705171139132,valid,True
0.000145082877849594,23.737373737373737,5.446765177494188,36.55090691750142,16.872550591647297,valid,True
0.000145082877849594,25.15151515151515,5.632512830454062,37.544128956278286,17.491709434846875,valid,True
0.000145082877849594,26.565656565656568,5.824499952529423,38.55186346058878,18.13166650843141,valid,True
0.000145082877849594,27.97979797979798,6.021543209697304,39.57632954117199,18.78847736565768,valid,True
0.000145082877849594,29.39393939393939,6.1933876747614915,40.674585860943665,19.361292249204975,valid,True
0.0001830738280295366,-30.0,1.601968544998343,18.1482861472933,4.0565618166611435,valid,True
0.0001830738280295366,-28.585858585858585,1.6356996188428228,18.36803009499465,4.168998729476076,valid,True
0.0001830738280295366,-27.171717171717173,1.670958632226683,18.59790141790882,4.286528774088943,valid,True
0.0001830738280295366,-25.757575757575758,1.7078265486511406,18.838456212986564,4.409421828837135,valid,True
0.0001830738280295366,-24.343434343434343,1.746388015111953,19.09027766604535,4.537960050373177,valid,True
0.0001830738280295366,-22.929292929292927,1.786731309087658,19.35397575699357,4.67243769695886,valid,True
0.0001830738280295366,-21.515151515151516,1.827267472722367,19.678948223328412,4.8075582424078895,valid,True
0.0001830738280295366,-20.1010101010101,1.8715183776376143,19.96374470556458,4.955061258792047,valid,True
0.0001830738280295366,-18.686868686868685,1.9178472271079587,20.262451972929092,5.109490757026529,valid,True
0.0001830738280295366,-17.272727272727273,1.9663551998169313,20.575807065350183,5.271183999389772,valid,True
0.0001830738280295366,-15.858585858585858,2.017145630373742,20.904567557322004,5.44048543457914,valid,True
0.0001830738280295366,-14.444444444444445,2.0703234857663415,21.249507093692586,5.617744952554471,valid,True
0.0001830738280295366,-13.030303030303031,2.125994763221576,21.61140980932369,5.803315877405254,valid,True
0.0001830738280295366,-11.616161616161616,2.184265818282653,21.991063579128973,5.997552727608843,valid,True
0.0001830738280295366,-10.2020202020202,2.2424235327864874,22.439070393375285,6.191411775954958,valid,True
0.0001830738280295366,-8.787878787878789,2.3065222940199734,22.84823029914582,6.405074313399911,valid,True
0.0001830738280295366,-7.373737373737374,2.3735506425031896,23.278033614457975,6.6285021416772985,valid,True
0.0001830738280295366,-5.9595959595959584,2.443601054518838,23.72929402701631,6.862003515062793,valid,True
0.0001830738280295366,-4.545454545454547,2.516760832173857,24.202771623607838,7.105869440579523,valid,True
0.0001830738280295366,-3.1313131313131315,2.593111723216997,24.699155442755988,7.360372410723323,valid,True
0.0001830738280295366,-1.7171717171717162,2.668672382563065,25.266957224308836,7.612241275210216,valid,True
0.0001830738280295366,-0.30303030303030454,2.752538890370917,25.79759765959216,7.891796301236389,valid,True
0.0001830738280295366,1.1111111111111107,2.8397513031822377,26.354785439287276,8.182504343940792,valid,True
0.0001830738280295366,2.525252525252526,2.930330593757244,26.93890667301981,8.484435312524147,valid,True
0.0001830738280295366,3.9393939393939377,3.0242972337036518,27.550115487455614,8.797657445678839,valid,True
0.0001830738280295366,5.3535353535353565,3.1170967388208686,28.22647624964128,9.106989129402896,valid,True
0.0001830738280295366,6.767676767676768,3.2200675156823135,28.87210915355148,9.450225052274378,valid,True
0.0001830738280295366,8.18181818181818,3.325944408989472,29.550620303864115,9.803148029964905,valid,True
0.0001830738280295366,9.595959595959599,3.4346686406361284,30.261003058350028,10.165562135453762,valid,True
0.0001830738280295366,11.01010101010101,3.5461264330491096,31.00250482173745,10.5370881101637,valid,True
0.0001830738280295366,12.424242424242422,3.667669633063563,31.730526569452643,10.942232110211876,valid,True
0.0001830738280295366,13.838383838383841,3.788296770979629,32.51226688278608,11.344322569932096,valid,True
0.0001830738280295366,15.252525252525253,3.9067749424184988,33.34788564657194,11.739249808061661,valid,True
0.0001830738280295366,16.666666666666664,4.022282750917797,34.23491160056726,12.124275836392657,valid,True
0.0001830738280295366,18.080808080808083,4.163397203951269,35.039300372677616,12.59465734650423,valid,True
0.0001830738280295366,19.494949494949495,4.28662559710701,35.96141786622255,13.005418657023364,valid,True
0.0001830738280295366,20.909090909090907,4.418348174830213,36.87970296966782,13.444493916100711,valid,True
0.0001830738280295366,22.323232323232325,4.570907355299224,37.75242560774507,13.95302451766408,valid,True
0.0001830738280295366,23.737373737373737,4.715245681935321,38.69051316822858,14.434152273117736,valid,True
0.0001830738280295366,25.15151515151515,4.844776419712805,39.70607411377023,14.865921399042684,valid,True
0.0001830738280295366,26.565656565656568,4.993967327933368,40.683667519595915,15.36322442644456,valid,True
0.0001830738280295366,27.97979797979798,5.142908321621021,41.68849165210205,15.8596944054034,valid,True
0.0001830738280295366,29.39393939393939,5.315415660705792,42.65455976485043,16.434718869019306,valid,True
0.0001830738280295366,30.80808080808081,5.470759959364408,43.69264445062451,16.95253319788136,valid,True
0.0001830738280295366,32.22222222222222,5.629041435133779,44.745138462761815,17.480138117112595,valid,True
0.0002310129700083158,-30.0,1.560264659502438,19.89919144968867,3.9175488650081274,valid,True
0.0002310129700083158,-28.585858585858585,1.5909112078111443,20.152298187242174,4.019704026037148,valid,True
0.0002310129700083158,-27.171717171717173,1.622824000144218,20.41606339397675,4.126080000480727,valid,True
0.0002310129700083158,-25.757575757575758,1.6548193863617648,20.737210464451856,4.232731287872549,valid,True
0.0002310129700083158,-24.343434343434343,1.689485728497989,21.0198282618221,4.348285761659964,valid,True
0.0002310129700083158,-22.929292929292927,1.7256038499179505,21.314717850349233,4.468679499726502,valid,True
0.0002310129700083158,-21.515151515151516,1.7632369189829387,21.622453843179457,4.594123063276462,valid,True
0.0002310129700083158,-20.1010101010101,1.802449424752677,21.943625458831455,4.724831415842257,valid,True
0.0002310129700083158,-18.686868686868685,1.8433069391882526,22.27883395396098,4.861023130627508,valid,True
0.0002310129700083158,-17.272727272727273,1.8858758438917314,22.62868947929888,5.002919479639104,valid,True
0.0002310129700083158,-15.858585858585858,1.9302230233493898,22.99380733073918,5.150743411164632,valid,True
0.0002310129700083158,-14.444444444444445,1.9764155281468463,23.37480358897681,5.304718427156154,valid,True
0.0002310129700083158,-13.030303030303031,2.022526118274222,23.81735933204167,5.458420394247406,valid,True
0.0002310129700083158,-11.616161616161616,2.0728168940949017,24.224935048729307,5.626056313649673,valid,True
0.0002310129700083158,-10.2020202020202,2.1251591607130473,24.65067200011194,5.800530535710158,valid,True
0.0002310129700083158,-8.787878787878789,2.179612694628964,25.09519918772952,5.98204231542988,valid,True
0.0002310129700083158,-7.373737373737374,2.236234772436609,25.55911079972642,6.170782574788696,valid,True
0.0002310129700083158,-5.9595959595959584,2.295079925608975,26.042956330145124,6.36693308536325,valid,True
0.0002310129700083158,-4.545454545454547,2.353111451940249,26.59597635000079,6.560371506467497,valid,True
0.0002310129700083158,-3.1313131313131315,2.41713946955015,27.10950694216418,6.773798231833833,valid,True
0.0002310129700083158,-1.7171717171717162,2.483509931927993,27.645846357399595,6.995033106426644,valid,True
0.0002310129700083158,-0.30303030303030454,2.5522464284532824,28.20537018747565,7.224154761510941,valid,True
0.0002310129700083158,1.1111111111111107,2.623370511608305,28.788318584533172,7.46123503869435,valid,True
0.0002310129700083158,2.525252525252526,2.6969037377564855,29.39478461087349,7.706345792521618,valid,True
0.0002310129700083158,3.9393939393939377,2.7698759729090794,30.057239821688636,7.949586576363599,valid,True
0.0002310129700083158,5.3535353535353565,2.849544746031785,30.695756377689403,8.215149153439285,valid,True
0.0002310129700083158,6.767676767676768,2.931391648345729,31.36189377663581,8.487972161152433,valid,True
0.0002310129700083158,8.18181818181818,3.015412003071358,32.05489120782108,8.768040010237861,valid,True
0.0002310129700083158,9.595959595959599,3.0994845169113514,32.791835850370504,9.048281723037839,valid,True
0.0002310129700083158,11.01010101010101,3.1913366505587004,33.507252568569804,9.354455501862336,valid,True
0.0002310129700083158,12.424242424242422,3.283580344044978,34.26365271144718,9.661934480149927,valid,True
0.0002310129700083158,13.838383838383841,3.3759544518612636,35.0592316902773,9.96984817287088,valid,True
0.0002310129700083158,15.252525252525253,3.4685271690874497,35.88999587935737,10.278423896958168,valid,True
0.0002310129700083158,16.666666666666664,3.5713499949880765,36.69041217372759,10.621166649960257,valid,True
0.0002310129700083158,18.080808080808083,3.673964920404024,37.52974211236403,10.963216401346747,valid,True
0.0002310129700083158,19.494949494949495,3.7787825447023917,38.391031208434434,11.312608482341307,valid,True
0.0002310129700083158,20.909090909090907,3.884079911654366,39.282165374621854,11.663599705514555,valid,True
0.0002310129700083158,22.323232323232325,3.994055801189213,40.18020878150265,12.030186003964044,valid,True
0.0002310129700083158,23.737373737373737,4.095582202927114,41.14670280587043,12.36860734309038,valid,True
0.0002310129700083158,25.15151515151515,4.216812476312456,42.05033173957762,12.772708254374857,valid,True
0.0002310129700083158,26.565656565656568,4.330567827729617,43.01476231383846,13.151892759098725,valid,True
0.0002310129700083158,27.97979797979798,4.447596461537998,43.99066581400605,13.541988205126662,valid,True
0.0002310129700083158,29.39393939393939,4.568172592893164,44.977031272583204,13.943908642977213,valid,True
0.0002310129700083158,30.80808080808081,4.673112546951137,46.04032000731708,14.293708489837126,valid,True
0.0002310129700083158,32.22222222222222,4.8101146160196615,47.013605011418015,14.750382053398875,valid,True
0.0002310129700083158,33.63636363636363,4.935061710463805,48.04929625793815,15.166872368212685,valid,True
0.0002915053062825176,-30.0,1.5132980210940334,22.019389353320133,3.760993403646778,valid,True
0.0002915053062825176,-28.585858585858585,1.5408409348480003,22.30383679371486,3.852803116160001,valid,True
0.0002915053062825176,-27.171717171717173,1.5694154763063732,22.59930532992179,3.9480515876879103,valid,True
0.0002915053062825176,-25.757575757575758,1.5990614262327805,22.906248005025514,4.046871420775934,valid,True
0.0002915053062825176,-24.343434343434343,1.6298193138437946,23.225127632251763,4.1493977128126485,valid,True
0.0002915053062825176,-22.929292929292927,1.661730301501683,23.556415181410124,4.2557676716722765,valid,True
0.0002915053062825176,-21.515151515151516,1.6948360536810256,23.900587858044233,4.366120178936752,valid,True
0.0002915053062825176,-20.1010101010101,1.7291785907098365,24.258126864131597,4.480595302366122,valid,True
0.0002915053062825176,-18.686868686868685,1.764800128233228,24.629514838420377,4.5993337607774265,valid,True
0.0002915053062825176,-17.272727272727273,1.800256030845517,25.059855669002033,4.717520102818391,valid,True
0.0002915053062825176,-15.858585858585858,1.838696287438441,25.454283643192074,4.845654291461469,valid,True
0.0002915053062825176,-14.444444444444445,1.8785463457293072,25.86434954841518,4.9784878190976904,valid,True
0.0002915053062825176,-13.030303030303031,1.919845365757848,26.290553289891307,5.116151219192826,valid,True
0.0002915053062825176,-11.616161616161616,1.9626314112967693,26.733375907658296,5.258771370989231,valid,True
0.0002915053062825176,-10.2020202020202,2.0069412869059304,27.19327398504322,5.406470956353101,valid,True
0.0002915053062825176,-8.787878787878789,2.0528104042225723,27.670674018378374,5.559368014075241,valid,True
0.0002915053062825176,-7.373737373737374,2.098113162888213,28.210584201690367,5.710377209627375,valid,True
0.0002915053062825176,-5.9595959595959584,2.1475707601235627,28.7144935564294,5.875235867078542,valid,True
0.0002915053062825176,-4.545454545454547,2.198668142014229,29.238156317119312,6.045560473380763,valid,True
0.0002915053062825176,-3.1313131313131315,2.251425044458528,29.781881072097466,6.221416814861761,valid,True
0.0002915053062825176,-1.7171717171717162,2.3058598684776666,30.34589316117797,6.402866228258889,valid,True
0.0002915053062825176,-0.30303030303030454,2.361990360833725,30.930328489496468,6.589967869445751,valid,True
0.0002915053062825176,1.1111111111111107,2.41730693839996,31.57267347473396,6.774356461333199,valid,True
0.0002915053062825176,2.525252525252526,2.4777040543412263,32.18444104948793,6.97568018113742,valid,True
0.0002915053062825176,3.9393939393939377,2.5397027742509044,32.8198605564582,7.182342580836347,valid,True
0.0002915053062825176,5.3535353535353565,2.6033013644983405,33.47857139065083,7.3943378816611345,valid,True
0.0002915053062825176,6.767676767676768,2.6646274513481845,34.20599650872029,7.598758171160614,valid,True
0.0002915053062825176,8.18181818181818,2.733749201924403,34.881371074730374,7.8291640064146755,valid,True
0.0002915053062825176,9.595959595959599,2.803758061047646,35.58912658623221,8.06252687015882,valid,True
0.0002915053062825176,11.01010101010101,2.8745952641237555,36.32777459970363,8.298650880412518,valid,True
0.0002915053062825176,12.424242424242422,2.9468321721421815,37.089904571224466,8.539440573807271,valid,True
0.0002915053062825176,13.838383838383841,3.019316641348024,37.884849066061,8.78105547116008,valid,True
0.0002915053062825176,15.252525252525253,3.0941472950003956,38.69222591589169,9.030490983334651,valid,True
0.0002915053062825176,16.666666666666664,3.1719242554749796,39.50766901772738,9.28974751824993,valid,True
0.0002915053062825176,18.080808080808083,3.254316718187872,40.31962423257404,9.56438906062624,valid,True
0.0002915053062825176,19.494949494949495,3.3309440741602048,41.20566685413127,9.819813580534015,valid,True
0.0002915053062825176,20.909090909090907,3.4179742877491144,42.046340665494725,10.109914292497047,valid,True
0.0002915053062825176,22.323232323232325,3.505810413659926,42.9127034751604,10.40270137886642,valid,True
0.0002915053062825176,23.737373737373737,3.5806519572098243,43.88744432465524,10.652173190699413,valid,True
0.0002915053062825176,25.15151515151515,3.6777197106729327,44.751260502024095,10.975732368909775,valid,True
0.0002915053062825176,26.565656565656568,3.7563827380901715,45.74665867446378,11.237942460300571,valid,True
0.0002915053062825176,27.97979797979798,3.857909240185633,46.639524645504885,11.57636413395211,valid,True
0.0002915053062825176,29.39393939393939,3.947601996301883,47.6192034062467,11.875339987672943,valid,True
0.0002915053062825176,30.80808080808081,4.030340319667906,48.65168422565934,12.151134398893019,valid,True
0.0002915053062825176,32.22222222222222,4.13656418174518,49.59343905830609,12.5052139391506,valid,True
0.0003678379771828634,-30.0,1.4635918579947624,24.453326898013938,3.5953061933158748,valid,True
0.0003678379771828634,-28.585858585858585,1.4880188994957588,24.773910039318135,3.6767296649858627,valid,True
0.0003678379771828634,-27.171717171717173,1.5132658536470098,25.105627442510475,3.760886178823366,valid,True
0.0003678379771828634,-25.757575757575758,1.5393589576094122,25.448854059883324,3.8478631920313737,valid,True
0.0003678379771828634,-24.343434343434343,1.5663246501663943,25.80396723800065,3.937748833887981,valid,True
0.0003678379771828634,-22.929292929292927,1.5930545583508184,26.217637635850735,4.026848527836061,valid,True
0.0003678379771828634,-21.515151515151516,1.6219301933549615,26.592246729800422,4.123100644516538,valid,True
0.0003678379771828634,-20.1010101010101,1.6517613675869374,26.98013395130159,4.222537891956458,valid,True
0.0003678379771828634,-18.686868686868685,1.682573567740456,27.38169815192851,4.32524522580152,valid,True
0.0003678379771828634,-17.272727272727273,1.7143918741963122,27.797329655939194,4.43130624732104,valid,True
0.0003678379771828634,-15.858585858585858,1.7472408668559762,28.227407158691552,4.540802889519921,valid,True
0.0003678379771828634,-14.444444444444445,1.7811445374814707,28.67229450870686,4.6538151249382365,valid,True
0.0003678379771828634,-13.030303030303031,1.8161262102220306,29.132337455964997,4.770420700740101,valid,True
0.0003678379771828634,-11.616161616161616,1.8505861038123605,29.653149955228407,4.8852870127078685,valid,True
0.0003678379771828634,-10.2020202020202,1.888027480256619,30.135990881414386,5.0100916008553975,valid,True
0.0003678379771828634,-8.787878787878789,1.9266044662563941,30.63578086668271,5.138681554187981,valid,True
0.0003678379771828634,-7.373737373737374,1.9663325554758755,31.15280153153924,5.271108518252919,valid,True
0.0003678379771828634,-5.9595959595959584,2.007226338597594,31.687285367908352,5.4074211286586475,valid,True
0.0003678379771828634,-4.545454545454547,2.0492997113896676,32.23941148241567,5.547665704632226,valid,True
0.0003678379771828634,-3.1313131313131315,2.0903020753408796,32.856317689147765,5.684340251136265,valid,True
0.0003678379771828634,-1.7171717171717162,2.1353347622795145,33.43066871936182,5.8344492075983805,valid,True
0.0003678379771828634,-0.30303030303030454,2.181519288001683,34.025329163023486,5.988397626672277,valid,True
0.0003678379771828634,1.1111111111111107,2.2288554632161146,34.64022234820346,6.146184877387048,valid,True
0.0003678379771828634,2.525252525252526,2.2773472064192783,35.27513190427966,6.307824021397594,valid,True
0.0003678379771828634,3.9393939393939377,2.324188739491254,35.97521113104075,6.463962464970847,valid,True
0.0003678379771828634,5.3535353535353565,2.376303977892368,36.62708882581357,6.637679926307894,valid,True
0.0003678379771828634,6.767676767676768,2.429244174182175,37.305177662781915,6.814147247273917,valid,True
0.0003678379771828634,8.18181818181818,2.483016183916168,38.00816415519254,6.99338727972056,valid,True
0.0003678379771828634,9.595959595959599,2.5362456256141086,38.75306888360007,7.170818752047029,valid,True
0.0003678379771828634,11.01010101010101,2.594400751764093,39.46741637604198,7.364669172546976,valid,True
0.0003678379771828634,12.424242424242422,2.649291882264903,40.25572929881094,7.5476396075496766,valid,True
0.0003678379771828634,13.838383838383841,2.7097039417434354,41.00969184741098,7.749013139144785,valid,True
0.0003678379771828634,15.252525252525253,2.771399305671709,41.78213121227744,7.95466435223903,valid,True
0.0003678379771828634,16.666666666666664,2.8281211905379977,42.63695607931574,8.143737301793324,valid,True
0.0003678379771828634,18.080808080808083,2.8883746272401525,43.481072406784584,8.34458209080051,valid,True
0.0003678379771828634,19.494949494949495,2.955760805850288,44.2838408322727,8.569202686167626,valid,True
0.0003678379771828634,20.909090909090907,3.0218767059082143,45.12774198823637,8.789589019694048,valid,True
0.0003678379771828634,22.323232323232325,3.0824071799662476,46.04544965624878,8.991357266554157,valid,True
0.0003678379771828634,23.737373737373737,3.1468744951874292,46.95137586954408,9.206248317291431,valid,True
0.0003678379771828634,25.15151515151515,3.221450651347832,47.80074382020949,9.454835504492774,valid,True
0.0003678379771828634,26.565656565656568,3.2851099149814904,48.75755452021817,9.667033049938302,valid,True
0.0003678379771828634,27.97979797979798,3.3529491834399274,49.70274131385273,9.893163944799758,valid,True
0.0003678379771828634,29.39393939393939,3.431151012297785,50.59749089325196,10.153836707659282,valid,True
0.0003678379771828634,30.80808080808081,3.4953595577248824,51.60577288287044,10.367865192416275,valid,True
0.0004641588833612782,-30.0,1.4094786908847512,27.352579179489396,3.4149289696158376,valid,True
0.0004641588833612782,-28.585858585858585,1.4309327755077628,27.70428175257652,3.486442585025877,valid,True
0.0004641588833612782,-27.171717171717173,1.4530286652957922,28.067166837281853,3.560095550985975,valid,True
0.0004641588833612782,-25.757575757575758,1.4757826809775418,28.441549537744642,3.6359422699251396,valid,True
0.0004641588833612782,-24.343434343434343,1.4992110376267282,28.827742114829853,3.7140367920890935,valid,True
0.0004641588833612782,-22.929292929292927,1.5233297966032429,29.226052318651142,3.794432655344143,valid,True
0.0004641588833612782,-21.515151515151516,1.548154817993934,29.63678161978587,3.8771827266464474,valid,True
0.0004641588833612782,-20.1010101010101,1.5737017142502454,30.060223363797277,3.9623390475008184,valid,True
0.0004641588833612782,-18.686868686868685,1.5999858056112073,30.49666088159191,4.04995268537069,valid,True
0.0004641588833612782,-17.272727272727273,1.62578339187445,30.993964146588205,4.135944639581501,valid,True
0.0004641588833612782,-15.858585858585858,1.6537384001019004,31.449571419223997,4.229128000339667,valid,True
0.0004641588833612782,-14.444444444444445,1.6824714112099917,31.91960870607493,4.3249047040333055,valid,True
0.0004641588833612782,-13.030303030303031,1.7119939632524874,32.40433186295566,4.423313210841625,valid,True
0.0004641588833612782,-11.616161616161616,1.7423170648237476,32.903968828964125,4.5243902160791585,valid,True
0.0004641588833612782,-10.2020202020202,1.7734512478588496,33.4187166526618,4.628170826196165,valid,True
0.0004641588833612782,-8.787878787878789,1.8054066343454394,33.94873900594446,4.734688781151465,valid,True
0.0004641588833612782,-7.373737373737374,1.836636738452513,34.5381159461477,4.838789128175043,valid,True
0.0004641588833612782,-5.9595959595959584,1.8706111410422601,35.08772002188347,4.952037136807534,valid,True
0.0004641588833612782,-4.545454545454547,1.9053986737403652,35.65473301654316,5.067995579134551,valid,True
0.0004641588833612782,-3.1313131313131315,1.9410018647687945,36.239157875302126,5.186672882562649,valid,True
0.0004641588833612782,-1.7171717171717162,1.9774246924319643,36.840911516755114,5.308082308106548,valid,True
0.0004641588833612782,-0.30303030303030454,2.0127690559707325,37.50280245673491,5.425896853235775,valid,True
0.0004641588833612782,1.1111111111111107,2.051636031247528,38.11979453347275,5.555453437491759,valid,True
0.0004641588833612782,2.525252525252526,2.0911516481976307,38.75902429867428,5.687172160658769,valid,True
0.0004641588833612782,3.9393939393939377,2.129148509364296,39.4624742255666,5.8138283645476525,valid,True
0.0004641588833612782,5.3535353535353565,2.1724110443075637,40.095885334683125,5.958036814358547,valid,True
0.0004641588833612782,6.767676767676768,2.214633150717845,40.78392767280083,6.098777169059484,valid,True
0.0004641588833612782,8.18181818181818,2.2550976095558135,41.53388692369407,6.233658698519379,valid,True
0.0004641588833612782,9.595959595959599,2.2995536840348416,42.24496141148374,6.381845613449473,valid,True
0.0004641588833612782,11.01010101010101,2.3442479148302366,42.98294723076479,6.530826382767455,valid,True
0.0004641588833612782,12.424242424242422,2.390552846844374,43.72553682877697,6.685176156147915,valid,True
0.0004641588833612782,13.838383838383841,2.434494263707741,44.53099773631445,6.83164754569247,valid,True
0.0004641588833612782,15.252525252525253,2.4807847259480162,45.32807103061997,6.985949086493388,valid,True
0.0004641588833612782,16.666666666666664,2.5273562027667222,46.1464976573086,7.1411873425557415,valid,True
0.0004641588833612782,18.080808080808083,2.578696147164271,46.928412759981924,7.31232049054757,valid,True
0.0004641588833612782,19.494949494949495,2.628889236103154,47.751307149559665,7.479630787010514,valid,True
0.0004641588833612782,20.909090909090907,2.6805102875400286,48.581785854045236,7.651700958466762,valid,True
0.0004641588833612782,22.323232323232325,2.7272945060776714,49.489421958841305,7.8076483535922385,valid,True
0.0004641588833612782,23.737373737373737,2.7779798580677046,50.37341549334202,7.9765995268923495,valid,True
0.0004641588833612782,25.15151515151515,2.834380344141187,51.219310097998964,8.16460114713729,valid,True
0.0004641588833612782,26.565656565656568,2.8884528201571458,52.11117374130812,8.344842733857153,valid,True
0.0004641588833612782,27.97979797979798,2.9428061699389465,53.02025252261805,8.526020566463155,valid,True
0.0005857020818056661,-30.0,1.3537888101329485,30.643712517846907,3.229296033776495,valid,True
0.0005857020818056661,-28.585858585858585,1.372354526180263,31.0317184730146,3.291181753934209,valid,True
0.0005857020818056661,-27.171717171717173,1.3914107239911948,31.430568408454445,3.3547024133039827,valid,True
0.0005857020818056661,-25.757575757575758,1.4109673402137597,31.840492617913903,3.419891134045865,valid,True
0.0005857020818056661,-24.343434343434343,1.4301121843744296,32.31091678848939,3.483707281248098,valid,True
0.0005857020818056661,-22.929292929292927,1.4507963512880966,32.736776591635895,3.552654504293655,valid,True
0.0005857020818056661,-21.515151515151516,1.4720088949014796,33.174852950613385,3.6233629830049314,valid,True
0.0005857020818056661,-20.1010101010101,1.493757990192138,33.62536953161734,3.695859967307127,valid,True
0.0005857020818056661,-18.686868686868685,1.5160515389289724,34.08853476586275,3.7701717964299073,valid,True
0.0005857020818056661,-17.272727272727273,1.538897176855239,34.56453990639756,3.8463239228507966,valid,True
0.0005857020818056661,-15.858585858585858,1.562302287381441,35.053557205510074,3.9243409579381363,valid,True
0.0005857020818056661,-14.444444444444445,1.5862740208064783,35.555738292318885,4.004246736021594,valid,True
0.0005857020818056661,-13.030303030303031,1.6098035800907806,36.110802958033766,4.082678600302601,valid,True
0.0005857020818056661,-11.616161616161616,1.6351502269231049,36.629842210094196,4.167167423077016,valid,True
0.0005857020818056661,-10.2020202020202,1.661063538126091,37.163805127551996,4.253545127086969,valid,True
0.0005857020818056661,-8.787878787878789,1.6875462662851966,37.71275377234619,4.341820887617322,valid,True
0.0005857020818056661,-7.373737373737374,1.713119461310741,38.325924549462336,4.427064871035803,valid,True
0.0005857020818056661,-5.9595959595959584,1.7413547577891324,38.88359864744211,4.521182525963774,valid,True
0.0005857020818056661,-4.545454545454547,1.7700788855850706,39.46056766871406,4.6169296186169015,valid,True
0.0005857020818056661,-3.1313131313131315,1.8012140402171457,40.0,4.720713467390485,valid,True
0.0005857020818056661,-1.7171717171717162,1.8289478735057656,40.671987873992805,4.813159578352551,valid,True
0.0005857020818056661,-0.30303030303030454,1.8590845287032598,41.30569524593531,4.913615095677533,valid,True
0.0005857020818056661,1.1111111111111107,1.8896998794262951,41.95712496960621,5.015666264754317,valid,True
0.0005857020818056661,2.525252525252526,1.9208197626030912,42.625168159916115,5.11939920867697,valid,True
0.0005857020818056661,3.9393939393939377,1.9524898857055408,43.30834258421767,5.224966285685136,valid,True
0.0005857020818056661,5.3535353535353565,1.9828699801255456,44.048846815545275,5.3262332670851515,valid,True
0.0005857020818056661,6.767676767676768,2.0177941357375735,44.712095846852,5.442647119125244,valid,True
0.0005857020818056661,8.18181818181818,2.0516653675929555,45.42762168647653,5.555551225309851,valid,True
0.0005857020818056661,9.595959595959599,2.0865688866883136,46.148237797063615,5.671896288961045,valid,True
0.0005857020818056661,11.01010101010101,2.122716831469154,46.87061060855683,5.792389438230512,valid,True
0.0005857020818056661,12.424242424242422,2.156591156933255,47.66212177901426,5.905303856444182,valid,True
0.0005857020818056661,13.838383838383841,2.192465950872842,48.43876662108535,6.024886502909474,valid,True
0.0005857020818056661,15.252525252525253,2.2286229767186794,49.23326749730579,6.145409922395598,valid,True
0.0005857020818056661,16.666666666666664,2.2649103109764823,50.04727841579148,6.266367703254941,valid,True
0.0005857020818056661,18.080808080808083,2.3060377665719853,50.80398686688866,6.403459221906618,valid,True
0.0005857020818056661,19.494949494949495,2.345210071988719,51.61605083732283,6.534033573295729,valid,True
0.0005857020818056661,20.909090909090907,2.3852199860715397,52.43690636571652,6.667399953571799,valid,True
0.0005857020818056661,22.323232323232325,2.4220890719697783,53.32324030166828,6.790296906565927,valid,True
0.0005857020818056661,23.737373737373737,2.46199450354639,54.183997785585795,6.9233150118213,valid,True
0.0005857020818056661,25.15151515151515,2.50261348859926,55.05348643263817,7.0587116286641995,valid,True
0.0007390722033525775,-30.0,1.2952698312683826,34.485069895589696,3.0342327708946084,valid,True
0.0007390722033525775,-28.585858585858585,1.3112070894898744,34.901733866354554,3.0873569649662476,valid,True
0.0007390722033525775,-27.171717171717173,1.3275122990839268,35.32908447725779,3.141707663613089,valid,True
0.0007390722033525775,-25.757575757575758,1.3441907404452527,35.76729231591726,3.197302468150842,valid,True
0.0007390722033525775,-24.343434343434343,1.3612475623838898,36.21651758955092,3.2541585412796326,valid,True
0.0007390722033525775,-22.929292929292927,1.378687784069467,36.67690897740754,3.31229261356489,valid,True
0.0007390722033525775,-21.515151515151516,1.3958125034772402,37.18808006465779,3.3693750115908,valid,True
0.0007390722033525775,-20.1010101010101,1.4141871353341,37.661524684504414,3.4306237844469996,valid,True
0.0007390722033525775,-18.686868686868685,1.4329502456104792,38.14761616310012,3.4931674853682644,valid,True
0.0007390722033525775,-17.272727272727273,1.452104165958731,38.64647806076517,3.5570138865291034,valid,True
0.0007390722033525775,-15.858585858585858,1.4709556806060389,39.192007486968905,3.619852268686796,valid,True
0.0007390722033525775,-14.444444444444445,1.4913460687784676,39.69445697553516,3.6878202292615585,valid,True
0.0007390722033525775,-13.030303030303031,1.5128882102135115,40.17738973942088,3.7596273673783718,valid,True
0.0007390722033525775,-11.616161616161616,1.5331940488448763,40.74841748275413,3.8273134961495874,valid,True
0.0007390722033525775,-10.2020202020202,1.5546349497491356,41.300254447298045,3.8987831658304524,valid,True
0.0007390722033525775,-8.787878787878789,1.5764102721070608,41.868726807197675,3.9713675736902023,valid,True
0.0007390722033525775,-7.373737373737374,1.5985142416826599,42.4537393802302,4.045047472275533,valid,True
0.0007390722033525775,-5.9595959595959584,1.6209437808387857,43.055056673019166,4.119812602795951,valid,True
0.0007390722033525775,-4.545454545454547,1.643699768840289,43.67227970902469,4.195665896134296,valid,True
0.0007390722033525775,-3.1313131313131315,1.6667885326882943,44.30482208121269,4.272628442294314,valid,True
0.0007390722033525775,-1.7171717171717162,1.690223559817894,44.95188644426244,4.35074519939298,valid,True
0.0007390722033525775,-0.30303030303030454,1.714027397091072,45.612443331867496,4.430091323636907,valid,True
0.0007390722033525775,1.1111111111111107,1.7382336591118814,46.28521510404941,4.510778863706271,valid,True
0.0007390722033525775,2.525252525252526,1.762889006879839,46.96866906715019,4.59296335626613,valid,True
0.0007390722033525775,3.9393939393939377,1.788054866626948,47.66102544636848,4.67684955542316,valid,True
0.0007390722033525775,5.3535353535353565,1.8138085263006343,48.36028801702336,4.762695087668781,valid,True
0.0007390722033525775,6.767676767676768,1.8402430566539407,49.064307911332236,4.850810188846468,valid,True
0.0007390722033525775,8.18181818181818,1.8674652316293154,49.77089450433073,4.9415507720977185,valid,True
0.0007390722033525775,9.595959595959599,1.8955902362221329,50.47799142786291,5.0353007874071105,valid,True
0.0007390722033525775,11.01010101010101,1.9224570827280991,51.239108716653554,5.124856942426997,valid,True
0.0007390722033525775,12.424242424242422,1.950322991315885,51.996724429925365,5.217743304386284,valid,True
0.0007390722033525775,13.838383838383841,1.9784394792589794,52.769037025297465,5.311464930863264,valid,True
0.0007390722033525775,15.252525252525253,2.006750394440306,53.556647993556915,5.405834648134354,valid,True
0.0007390722033525775,16.666666666666664,2.037648915523441,54.30854181295042,5.508829718411469,valid,True
0.0007390722033525775,18.080808080808083,2.0675862461595296,55.101284826356405,5.608620820531765,valid,True
0.0007390722033525775,19.494949494949495,2.0979839941203005,55.90373259068859,5.709946647067668,valid,True
0.0007390722033525775,20.909090909090907,2.1287649938138395,56.71714975519965,5.812549979379465,valid,True
0.0007390722033525775,22.323232323232325,2.159733233906513,57.544740345492,5.915777446355044,valid,True
0.0009326033468832199,-30.0,1.2359522117699255,38.836709710156875,2.8365073725664183,valid,True
0.0009326033468832199,-28.585858585858585,1.2489586923149099,39.319424978974354,2.8798623077163663,valid,True
0.0009326033468832199,-27.171717171717173,1.2631162850640296,39.74591631553579,2.9270542835467657,valid,True
0.0009326033468832199,-25.757575757575758,1.2780780632520563,40.14723119022658,2.9769268775068545,valid,True
0.0009326033468832199,-24.343434343434343,1.2922157222289534,40.6380403049297,3.0240524074298443,valid,True
0.0009326033468832199,-22.929292929292927,1.3063692774213387,41.155813881303175,3.071230924737796,valid,True
0.0009326033468832199,-21.515151515151516,1.321264507664347,41.65280737226688,3.12088169221449,valid,True
0.0009326033468832199,-20.1010101010101,1.336434350396056,42.16100064154682,3.1714478346535206,valid,True
0.0009326033468832199,-18.686868686868685,1.351880656797315,42.68040817899766,3.2229355226577163,valid,True
0.0009326033468832199,-17.272727272727273,1.3676054429011373,43.21101873525667,3.2753514763371245,valid,True
0.0009326033468832199,-15.858585858585858,1.3836109488027644,43.752794500642956,3.3287031626758816,valid,True
0.0009326033468832199,-14.444444444444445,1.399899696421,44.30567082185735,3.3829989880699998,valid,True
0.0009326033468832199,-13.030303030303031,1.4164745413413091,44.86955661203229,3.438248471137697,valid,True
0.0009326033468832199,-11.616161616161616,1.4333387127956456,45.444335631552384,3.494462375985485,valid,True
0.0009326033468832199,-10.2020202020202,1.4504958341047958,46.02986883771787,3.5516527803493187,valid,True
0.0009326033468832199,-8.787878787878789,1.4679499139441212,46.625998018395684,3.609833046480404,valid,True
0.0009326033468832199,-7.373737373737374,1.4857052966499074,47.2325509347194,3.6690176554996916,valid,True
0.0009326033468832199,-5.9595959595959584,1.5048850255874822,47.7996367849032,3.732950085291607,valid,True
0.0009326033468832199,-4.545454545454547,1.52287253143748,48.44463277696617,3.7929084381249334,valid,True
0.0009326033468832199,-3.1313131313131315,1.5411284726943495,49.10034717981003,3.8537615756478316,valid,True
0.0009326033468832199,-1.7171717171717162,1.5596775909352323,49.76566327340791,3.9155919697841077,valid,True
0.0009326033468832199,-0.30303030303030454,1.5785514989331884,50.43931266129394,3.9785049964439616,valid,True
0.0009326033468832199,1.1111111111111107,1.5977890369042411,51.11989602028249,4.042630123014137,valid,True
0.0009326033468832199,2.525252525252526,1.6174361429949182,51.8059213370519,4.108120476649728,valid,True
0.0009326033468832199,3.9393939393939377,1.639065876505899,52.44219607298755,4.180219588352997,valid,True
0.0009326033468832199,5.3535353535353565,1.659661573662446,53.137422863125096,4.248871912208154,valid,True
0.0009326033468832199,6.767676767676768,1.6793730326489604,53.88187202439153,4.314576775496535,valid,True
0.0009326033468832199,8.18181818181818,1.7011995344653086,54.575796322612945,4.387331781551029,valid,True
0.0009326033468832199,9.595959595959599,1.7236862001303925,55.26980863141358,4.462287333767976,valid,True
0.0009326033468832199,11.01010101010101,1.7447822403959528,56.02593047518023,4.53260746798651,valid,True
0.0009326033468832199,12.424242424242422,1.766630949710266,56.777067226376076,4.60543649903422,valid,True
0.0009326033468832199,13.838383838383841,1.788669273531581,57.540095961326024,4.678897578438604,valid,True
0.0009326033468832199,15.252525252525253,1.8109081446596733,58.3142449401813,4.753027148865578,valid,True
0.0009326033468832199,16.666666666666664,1.8334044216106193,59.09759160854919,4.828014738702065,valid,True
0.0009326033468832199,18.080808080808083,1.8562910656814602,59.88648898218297,4.904303552271534,valid,True
0.0011768119524349992,-30.0,1.1766091063140331,43.71637923952028,2.6386970210467773,valid,True
0.0011768119524349992,-28.585858585858585,1.1878484437118573,44.19370827193638,2.676161479039525,valid,True
0.0011768119524349992,-27.171717171717173,1.1992777074870014,44.68075755646037,2.7142590249566707,valid,True
0.0011768119524349992,-25.757575757575758,1.210898095241274,45.17753806835532,2.7529936508042465,valid,True
0.0011768119524349992,-24.343434343434343,1.2227108862753175,45.684042794672536,2.7923696209177256,valid,True
0.0011768119524349992,-22.929292929292927,1.2347174705965946,46.200246050492744,2.832391568655315,valid,True
0.0011768119524349992,-21.515151515151516,1.2469193783723975,46.72610304576837,2.8730645945746582,valid,True
0.0011768119524349992,-20.1010101010101,1.259318308461116,47.261549773053474,2.914394361537053,valid,True
0.0011768119524349992,-18.686868686868685,1.2719161542077237,47.806503296228996,2.956387180692413,valid,True
0.0011768119524349992,-17.272727272727273,1.284715024162994,48.36086253012622,2.999050080543314,valid,True
0.0011768119524349992,-15.858585858585858,1.2977172547794351,48.92450961013929,3.042390849264784,valid,True
0.0011768119524349992,-14.444444444444445,1.3109254114545137,49.49731195857818,3.086418038181712,valid,True
0.0011768119524349992,-13.030303030303031,1.3243422735499004,50.07912515934791,3.1311409118330014,valid,True
0.0011768119524349992,-11.616161616161616,1.3379707982461453,50.66979675257616,3.176569327487151,valid,True
0.0011768119524349992,-10.2020202020202,1.3518140573539272,51.269171053291174,3.2227135245130913,valid,True
0.0011768119524349992,-8.787878787878789,1.3666409828564723,51.834527513193805,3.2721366095215747,valid,True
0.0011768119524349992,-7.373737373737374,1.3804612840021888,52.47701118749688,3.318204280007296,valid,True
0.0011768119524349992,-5.9595959595959584,1.394480107480992,53.12757994273244,3.3649336916033072,valid,True
0.0011768119524349992,-4.545454545454547,1.408716228421621,53.78523622962017,3.4123874280720705,valid,True
0.0011768119524349992,-3.1313131313131315,1.424351107715758,54.391751200311205,3.46450369238586,valid,True
0.0011768119524349992,-1.7171717171717162,1.4395359363589437,55.04077947254143,3.515119787863146,valid,True
0.0011768119524349992,-0.30303030303030454,1.4549463362712947,55.69796234622969,3.5664877875709826,valid,True
0.0011768119524349992,1.1111111111111107,1.4705789025687994,56.36341003602537,3.618596341895998,valid,True
0.0011768119524349992,2.525252525252526,1.4864278870453096,57.03730288495843,3.671426290151032,valid,True
0.0011768119524349992,3.9393939393939377,1.5024849231926831,57.719889639144355,3.7249497439756105,valid,True
0.0011768119524349992,5.3535353535353565,1.5187389718392805,58.41147579806703,3.779129906130935,valid,True
0.0011768119524349992,6.767676767676768,1.5351766623010072,59.112397154222364,3.833922207670024,valid,True
0.0011768119524349992,8.18181818181818,1.551067487379606,59.85059545617271,3.8868916245986864,valid,True
0.0011768119524349992,9.595959595959599,1.568872705201093,60.53115861282154,3.94624235067031,valid,True
0.0011768119524349992,11.01010101010101,1.5854505334531006,61.273788757758,4.001501778177002,valid,True
0.0011768119524349992,12.424242424242422,1.6024992211820057,62.013733855217765,4.058330737273352,valid,True
0.0014849682622544635,-30.0,1.1157058662946102,49.343280424483666,2.4356862209820336,valid,True
0.0014849682622544635,-28.585858585858585,1.1249329604860931,49.843496375851956,2.46644320162031,valid,True
0.0014849682622544635,-27.171717171717173,1.1343035561829187,50.35153676743725,2.4976785206097287,valid,True
0.0014849682622544635,-25.757575757575758,1.1438185824666112,50.86739597470061,2.5293952748887034,valid,True
0.0014849682622544635,-24.343434343434343,1.1540439945185905,51.3414964260092,2.563479981728635,valid,True
0.0014849682622544635,-22.929292929292927,1.1637966491749907,51.87889870287904,2.595988830583302,valid,True
0.0014849682622544635,-21.515151515151516,1.1736910026651886,52.42423186368235,2.628970008883962,valid,True
0.0014849682622544635,-20.1010101010101,1.1837287399211296,52.977373277957284,2.6624291330704324,valid,True
0.0014849682622544635,-18.686868686868685,1.1939116735513415,53.53819181493937,2.696372245171138,valid,True
0.0014849682622544635,-17.272727272727273,1.2042417250693993,54.10655036582353,2.730805750231331,valid,True
0.0014849682622544635,-15.858585858585858,1.2147208935088578,54.6823089780911,2.765736311696193,valid,True
0.0014849682622544635,-14.444444444444445,1.2253512085851974,55.265328654161095,2.8011706952839917,valid,True
0.0014849682622544635,-13.030303030303031,1.236664115163521,55.81825828496309,2.838880383878403,valid,True
0.0014849682622544635,-11.616161616161616,1.2477687639709298,56.405076046559955,2.8758958799030996,valid,True
0.0014849682622544635,-10.2020202020202,1.2577561462917433,57.08409932229889,2.9091871543058105,valid,True
0.0014849682622544635,-8.787878787878789,1.2694213128585625,57.66754359145919,2.948071042861875,valid,True
0.0014849682622544635,-7.373737373737374,1.2808330108823873,58.28517169678165,2.9861100362746247,valid,True
0.0014849682622544635,-5.9595959595959584,1.2924033467663485,58.90954706845439,3.024677822554495,valid,True
0.0014849682622544635,-4.545454545454547,1.3041313476480052,59.54069933671431,3.063771158826684,valid,True
0.0014849682622544635,-3.1313131313131315,1.3160148347514027,60.17870967524961,3.103382782504676,valid,True
0.0014849682622544635,-1.7171717171717162,1.3280501703039014,60.82371618514988,3.1435005676796717,valid,True
0.0014849682622544635,-0.30303030303030454,1.3402320137227162,61.47591707729892,3.1841067124090534,valid,True
0.0014849682622544635,1.1111111111111107,1.3525531127328754,62.13557057146342,3.225177042442918,valid,True
0.0014849682622544635,2.525252525252526,1.3650041613630113,62.802990394234754,3.266680537876704,valid,True
0.0014849682622544635,3.9393939393939377,1.3775737563740476,63.47853610282516,3.308579187913492,valid,True
0.0014849682622544635,5.3535353535353565,1.3902484634087091,64.1625987263902,3.350828211362364,valid,True
0.0014849682622544635,6.767676767676768,1.4028648201992724,64.86260206806868,3.392882733997575,valid,True
0.001873817422860383,-30.0,1.055620177314449,55.57650800591007,2.2354005910481627,valid,True
0.001873817422860383,-28.585858585858585,1.0631107700114206,56.0896871238039,2.2603692333714025,valid,True
0.001873817422860383,-27.171717171717173,1.0711385981474082,56.56424723109416,2.2871286604913603,valid,True
0.001873817422860383,-25.757575757575758,1.0787694119897406,57.09849995706513,2.312564706632469,valid,True
0.001873817422860383,-24.343434343434343,1.0865018357876726,57.63915859849615,2.338339452625575,valid,True
0.001873817422860383,-22.929292929292927,1.09433713642803,58.18609379476413,2.3644571214267667,valid,True
0.001873817422860383,-21.515151515151516,1.1022766163716304,58.73917545922363,2.3909220545721013,valid,True
0.001873817422860383,-20.1010101010101,1.1103215829779554,59.298275678213706,2.417738609926518,valid,True
0.001873817422860383,-18.686868686868685,1.1189530795404472,59.820448369117535,2.446510265134824,valid,True
0.001873817422860383,-17.272727272727273,1.1272933790219837,60.385310060680524,2.4743112634066122,valid,True
0.001873817422860383,-15.858585858585858,1.1347221758369348,61.04269647000815,2.499073919456449,valid,True
0.001873817422860383,-14.444444444444445,1.1435799550440833,61.5925854259191,2.528599850146944,valid,True
0.001873817422860383,-13.030303030303031,1.152168485768201,62.18020429374211,2.5572282858940034,valid,True
0.001873817422860383,-11.616161616161616,1.1608671407525133,62.77334876531057,2.5862238025083775,valid,True
0.001873817422860383,-10.2020202020202,1.1696752508065513,63.37203241851463,2.6155841693551714,valid,True
0.001873817422860383,-8.787878787878789,1.178591344553449,63.97631384654741,2.6453044818448297,valid,True
0.001873817422860383,-7.373737373737374,1.1876129401519437,64.58630453660172,2.675376467173146,valid,True
0.001873817422860383,-5.9595959595959584,1.1967363007847565,65.20217743185654,2.705787669282522,valid,True
0.001873817422860383,-4.545454545454547,1.2059561444985285,65.82417652075421,2.7365204816617617,valid,True
0.001873817422860383,-3.1313131313131315,1.215265290288195,66.45262828044136,2.767550967627317,valid,True
0.001873817422860383,-1.7171717171717162,1.2246542037763808,67.0879568018872,2.7988473459212693,valid,True
0.002364489412645407,-30.0,0.9965310625459655,62.413507562808476,2.0384368751532183,valid,True
0.002364489412645407,-28.585858585858585,1.0024497861397916,62.936621848985055,2.058165953799306,valid,True
0.002364489412645407,-27.171717171717173,1.0084419239953064,63.464663247059654,2.078139746651021,valid,True
0.002364489412645407,-25.757575757575758,1.01450827396025,63.99751630970576,2.098360913200833,valid,True
0.002364489412645407,-24.343434343434343,1.020839112502728,64.51413325476342,2.119463708342427,valid,True
0.002364489412645407,-22.929292929292927,1.0266816241792358,65.09717196147983,2.138938747264119,valid,True
0.002364489412645407,-21.515151515151516,1.033159290387231,65.62394147425553,2.1605309679574365,valid,True
0.002364489412645407,-20.1010101010101,1.0395283813533647,66.17511620766092,2.1817612711778827,valid,True
0.002364489412645407,-18.686868686868685,1.0459735771139962,66.73073675866785,2.2032452570466536,valid,True
0.002364489412645407,-17.272727272727273,1.0524943207605264,67.29080793559103,2.2249810692017546,valid,True
0.002364489412645407,-15.858585858585858,1.0590894795892463,67.85537669206951,2.246964931964154,valid,True
0.002364489412645407,-14.444444444444445,1.0657571733718072,68.42454173530676,2.269190577906025,valid,True
0.002364489412645407,-13.030303030303031,1.0724945567196082,68.99846531692862,2.2916485223986944,valid,True
0.002364489412645407,-11.616161616161616,1.0792975382352423,69.57738816648944,2.314325127450807,valid,True
0.0029836472402833404,-30.0,0.9377425990565238,69.91170788287681,1.8424753301884127,valid,True
0.0029836472402833404,-28.585858585858585,0.9426286100765453,70.38592312923416,1.8587620335884845,valid,True
0.0029836472402833404,-27.171717171717173,0.9473169461784987,70.89696462514468,1.8743898205949958,valid,True
0.0029836472402833404,-25.757575757575758,0.9520573615305269,71.41152512470308,1.8901912051017564,valid,True
0.0029836472402833404,-24.343434343434343,0.9568488350889938,71.92965441679118,1.906162783629979,valid,True
